2026-10-01 00:21:58,837 INFO Downloading actas content for season 2026-2027 (format=both, skip_pdf=True, force=False)
2026-10-01 00:22:03,218 INFO Found 40 league(s) to process
2026-10-01 00:22:05,972 INFO Barcelona / RTB PREFERENT G1: 1 match day(s) -> C:\git\bcnesa-extract-2\resources\actas-content\2026-2027\RTB PREFERENT\G1\1a Fase
2026-10-01 00:22:10,482 INFO Barcelona / RTB PREFERENT / G1 / 1a Fase / J1: saved C:\git\bcnesa-extract-2\resources\actas-content\2026-2027\RTB PREFERENT\G1\1a Fase\jornada_01.html (5 matches, 5 played, complete)
2026-10-01 00:22:13,740 INFO Barcelona / RTB PREFERENT G2: 1 match day(s) -> C:\git\bcnesa-extract-2\resources\actas-content\2026-2027\RTB PREFERENT\G2\1a Fase
2026-10-01 00:22:18,321 INFO Barcelona / RTB PREFERENT / G2 / 1a Fase / J1: saved C:\git\bcnesa-extract-2\resources\actas-content\2026-2027\RTB PREFERENT\G2\1a Fase\jornada_01.html (5 matches, 5 played, complete)
2026-10-01 00:22:21,172 INFO Barcelona / RTB PREFERENT G3: 1 match day(s) -> C:\git\bcnesa-extract-2\resources\actas-content\2026-2027\RTB PREFERENT\G3\1a Fase
2026-10-01 00:22:25,304 INFO Barcelona / RTB PREFERENT / G3 / 1a Fase / J1: saved C:\git\bcnesa-extract-2\resources\actas-content\2026-2027\RTB PREFERENT\G3\1a Fase\jornada_01.html (5 matches, 5 played, complete)
2026-10-01 00:22:27,602 WARNING Attempt 1/4 failed for https://fctt.cat/lligues/rtb-prim/ (page without the expected content (the site returned an empty page)); retrying in 2.5s
2026-10-01 00:22:32,351 WARNING Attempt 2/4 failed for https://fctt.cat/lligues/rtb-prim/ (page without the expected content (the site returned an empty page)); retrying in 4.9s
2026-10-01 00:22:39,193 WARNING Attempt 3/4 failed for https://fctt.cat/lligues/rtb-prim/ (page without the expected content (the site returned an empty page)); retrying in 9.9s
2026-10-01 00:22:51,358 INFO Barcelona / RTB PRIMERA G1: 1 match day(s) -> C:\git\bcnesa-extract-2\resources\actas-content\2026-2027\RTB PRIMERA\G1\1a Fase
2026-10-01 00:22:55,382 INFO Barcelona / RTB PRIMERA / G1 / 1a Fase / J1: saved C:\git\bcnesa-extract-2\resources\actas-content\2026-2027\RTB PRIMERA\G1\1a Fase\jornada_01.html (5 matches, 5 played, complete)
2026-10-01 00:22:57,759 INFO Barcelona / RTB PRIMERA G2: 1 match day(s) -> C:\git\bcnesa-extract-2\resources\actas-content\2026-2027\RTB PRIMERA\G2\1a Fase
2026-10-01 00:23:02,248 INFO Barcelona / RTB PRIMERA / G2 / 1a Fase / J1: saved C:\git\bcnesa-extract-2\resources\actas-content\2026-2027\RTB PRIMERA\G2\1a Fase\jornada_01.html (5 matches, 5 played, complete)
2026-10-01 00:23:04,857 INFO Barcelona / RTB PRIMERA G3: 1 match day(s) -> C:\git\bcnesa-extract-2\resources\actas-content\2026-2027\RTB PRIMERA\G3\1a Fase
2026-10-01 00:23:09,186 INFO Barcelona / RTB PRIMERA / G3 / 1a Fase / J1: saved C:\git\bcnesa-extract-2\resources\actas-content\2026-2027\RTB PRIMERA\G3\1a Fase\jornada_01.html (5 matches, 5 played, complete)
2026-10-01 00:23:11,669 INFO Barcelona / RTB SEGONA A G1: 1 match day(s) -> C:\git\bcnesa-extract-2\resources\actas-content\2026-2027\RTB SEGONA A\G1\1a Fase
2026-10-01 00:23:15,691 INFO Barcelona / RTB SEGONA A / G1 / 1a Fase / J1: saved C:\git\bcnesa-extract-2\resources\actas-content\2026-2027\RTB SEGONA A\G1\1a Fase\jornada_01.html (5 matches, 5 played, complete)
2026-10-01 00:23:17,843 WARNING Attempt 1/4 failed for https://fctt.cat/lligues/rtb-seg-a/ (page without the expected content (the site returned an empty page)); retrying in 2.5s
2026-10-01 00:23:22,157 WARNING Attempt 2/4 failed for https://fctt.cat/lligues/rtb-seg-a/ (page without the expected content (the site returned an empty page)); retrying in 5.9s
2026-10-01 00:23:29,958 WARNING Attempt 3/4 failed for https://fctt.cat/lligues/rtb-seg-a/ (page without the expected content (the site returned an empty page)); retrying in 8.9s
2026-10-01 00:23:40,743 ERROR Failed after 4 attempt(s): https://fctt.cat/lligues/rtb-seg-a/ (page without the expected content (the site returned an empty page))
2026-10-01 00:23:40,744 ERROR Barcelona / RTB SEGONA A G2: league page without match days after retries, skipped (https://fctt.cat/lligues/rtb-seg-a/)
2026-10-01 00:23:42,577 WARNING Attempt 1/4 failed for https://fctt.cat/lligues/rtb-seg-a-2-2/ (page without the expected content (the site returned an empty page)); retrying in 2.1s
2026-10-01 00:23:47,075 INFO Barcelona / RTB SEGONA A G3: 1 match day(s) -> C:\git\bcnesa-extract-2\resources\actas-content\2026-2027\RTB SEGONA A\G3\1a Fase
2026-10-01 00:23:51,006 INFO Barcelona / RTB SEGONA A / G3 / 1a Fase / J1: saved C:\git\bcnesa-extract-2\resources\actas-content\2026-2027\RTB SEGONA A\G3\1a Fase\jornada_01.html (5 matches, 5 played, complete)
2026-10-01 00:23:53,770 INFO Barcelona / RTB SEGONA B G1: 1 match day(s) -> C:\git\bcnesa-extract-2\resources\actas-content\2026-2027\RTB SEGONA B\G1\1a Fase
2026-10-01 00:23:57,825 INFO Barcelona / RTB SEGONA B / G1 / 1a Fase / J1: saved C:\git\bcnesa-extract-2\resources\actas-content\2026-2027\RTB SEGONA B\G1\1a Fase\jornada_01.html (5 matches, 5 played, complete)
2026-10-01 00:24:00,091 INFO Barcelona / RTB SEGONA B G2: 1 match day(s) -> C:\git\bcnesa-extract-2\resources\actas-content\2026-2027\RTB SEGONA B\G2\1a Fase
2026-10-01 00:24:04,141 INFO Barcelona / RTB SEGONA B / G2 / 1a Fase / J1: saved C:\git\bcnesa-extract-2\resources\actas-content\2026-2027\RTB SEGONA B\G2\1a Fase\jornada_01.html (5 matches, 5 played, complete)
2026-10-01 00:24:06,015 WARNING Attempt 1/4 failed for https://fctt.cat/lligues/rtb-seg-b-3/ (page without the expected content (the site returned an empty page)); retrying in 4.0s
2026-10-01 00:24:11,804 WARNING Attempt 2/4 failed for https://fctt.cat/lligues/rtb-seg-b-3/ (page without the expected content (the site returned an empty page)); retrying in 5.4s
2026-10-01 00:24:19,325 WARNING Attempt 3/4 failed for https://fctt.cat/lligues/rtb-seg-b-3/ (page without the expected content (the site returned an empty page)); retrying in 8.0s
2026-10-01 00:24:29,215 ERROR Failed after 4 attempt(s): https://fctt.cat/lligues/rtb-seg-b-3/ (page without the expected content (the site returned an empty page))
2026-10-01 00:24:29,215 ERROR Barcelona / RTB SEGONA B G3: league page without match days after retries, skipped (https://fctt.cat/lligues/rtb-seg-b-3/)
2026-10-01 00:24:31,010 WARNING Attempt 1/4 failed for https://fctt.cat/lligues/rtb-ter-a/ (page without the expected content (the site returned an empty page)); retrying in 2.6s
2026-10-01 00:24:35,507 WARNING Attempt 2/4 failed for https://fctt.cat/lligues/rtb-ter-a/ (page without the expected content (the site returned an empty page)); retrying in 5.5s
2026-10-01 00:24:42,941 WARNING Attempt 3/4 failed for https://fctt.cat/lligues/rtb-ter-a/ (page without the expected content (the site returned an empty page)); retrying in 9.0s
2026-10-01 00:24:54,208 INFO Barcelona / RTB TERCERA A G1: 1 match day(s) -> C:\git\bcnesa-extract-2\resources\actas-content\2026-2027\RTB TERCERA A\G1\1a Fase
2026-10-01 00:24:58,647 INFO Barcelona / RTB TERCERA A / G1 / 1a Fase / J1: saved C:\git\bcnesa-extract-2\resources\actas-content\2026-2027\RTB TERCERA A\G1\1a Fase\jornada_01.html (5 matches, 5 played, complete)
2026-10-01 00:25:01,074 INFO Barcelona / RTB TERCERA A G2: 1 match day(s) -> C:\git\bcnesa-extract-2\resources\actas-content\2026-2027\RTB TERCERA A\G2\1a Fase
2026-10-01 00:25:06,101 INFO Barcelona / RTB TERCERA A / G2 / 1a Fase / J1: saved C:\git\bcnesa-extract-2\resources\actas-content\2026-2027\RTB TERCERA A\G2\1a Fase\jornada_01.html (5 matches, 5 played, complete)
2026-10-01 00:25:08,656 INFO Barcelona / RTB TERCERA A G3: 1 match day(s) -> C:\git\bcnesa-extract-2\resources\actas-content\2026-2027\RTB TERCERA A\G3\1a Fase
2026-10-01 00:25:12,784 INFO Barcelona / RTB TERCERA A / G3 / 1a Fase / J1: saved C:\git\bcnesa-extract-2\resources\actas-content\2026-2027\RTB TERCERA A\G3\1a Fase\jornada_01.html (5 matches, 5 played, complete)
2026-10-01 00:25:15,106 INFO Barcelona / RTB TERCERA B G1: 1 match day(s) -> C:\git\bcnesa-extract-2\resources\actas-content\2026-2027\RTB TERCERA B\G1\1a Fase
2026-10-01 00:25:18,734 INFO Barcelona / RTB TERCERA B / G1 / 1a Fase / J1: saved C:\git\bcnesa-extract-2\resources\actas-content\2026-2027\RTB TERCERA B\G1\1a Fase\jornada_01.html (4 matches, 4 played, complete)
2026-10-01 00:25:20,530 WARNING Attempt 1/4 failed for https://fctt.cat/lligues/rtb-ter-b-2/ (page without the expected content (the site returned an empty page)); retrying in 2.2s
2026-10-01 00:25:24,437 WARNING Attempt 2/4 failed for https://fctt.cat/lligues/rtb-ter-b-2/ (page without the expected content (the site returned an empty page)); retrying in 5.3s
2026-10-01 00:25:31,723 WARNING Attempt 3/4 failed for https://fctt.cat/lligues/rtb-ter-b-2/ (page without the expected content (the site returned an empty page)); retrying in 9.3s
2026-10-01 00:25:42,923 ERROR Failed after 4 attempt(s): https://fctt.cat/lligues/rtb-ter-b-2/ (page without the expected content (the site returned an empty page))
2026-10-01 00:25:42,924 ERROR Barcelona / RTB TERCERA B G2: league page without match days after retries, skipped (https://fctt.cat/lligues/rtb-ter-b-2/)
2026-10-01 00:25:44,761 WARNING Attempt 1/4 failed for https://fctt.cat/lligues/rtb-ter-b-3/ (page without the expected content (the site returned an empty page)); retrying in 3.2s
2026-10-01 00:25:49,798 WARNING Attempt 2/4 failed for https://fctt.cat/lligues/rtb-ter-b-3/ (page without the expected content (the site returned an empty page)); retrying in 4.8s
2026-10-01 00:25:56,895 INFO Barcelona / RTB TERCERA B G3: 1 match day(s) -> C:\git\bcnesa-extract-2\resources\actas-content\2026-2027\RTB TERCERA B\G3\1a Fase
2026-10-01 00:26:00,989 INFO Barcelona / RTB TERCERA B / G3 / 1a Fase / J1: saved C:\git\bcnesa-extract-2\resources\actas-content\2026-2027\RTB TERCERA B\G3\1a Fase\jornada_01.html (5 matches, 5 played, complete)
2026-10-01 00:26:03,527 INFO Barcelona / RTB 1a COMARCAL G1: 1 match day(s) -> C:\git\bcnesa-extract-2\resources\actas-content\2026-2027\RTB 1a COMARCAL\G1\1a Fase
2026-10-01 00:26:07,263 INFO Barcelona / RTB 1a COMARCAL / G1 / 1a Fase / J1: saved C:\git\bcnesa-extract-2\resources\actas-content\2026-2027\RTB 1a COMARCAL\G1\1a Fase\jornada_01.html (4 matches, 4 played, complete)
2026-10-01 00:26:09,644 INFO Barcelona / RTB 1a COMARCAL G2: 1 match day(s) -> C:\git\bcnesa-extract-2\resources\actas-content\2026-2027\RTB 1a COMARCAL\G2\1a Fase
2026-10-01 00:26:13,449 INFO Barcelona / RTB 1a COMARCAL / G2 / 1a Fase / J1: saved C:\git\bcnesa-extract-2\resources\actas-content\2026-2027\RTB 1a COMARCAL\G2\1a Fase\jornada_01.html (4 matches, 4 played, complete)
2026-10-01 00:26:15,242 WARNING Attempt 1/4 failed for https://fctt.cat/lligues/rtb-1a-com-3/ (page without the expected content (the site returned an empty page)); retrying in 2.4s
2026-10-01 00:26:19,446 WARNING Attempt 2/4 failed for https://fctt.cat/lligues/rtb-1a-com-3/ (page without the expected content (the site returned an empty page)); retrying in 5.3s
2026-10-01 00:26:26,543 WARNING Attempt 3/4 failed for https://fctt.cat/lligues/rtb-1a-com-3/ (page without the expected content (the site returned an empty page)); retrying in 9.0s
2026-10-01 00:26:37,337 ERROR Failed after 4 attempt(s): https://fctt.cat/lligues/rtb-1a-com-3/ (page without the expected content (the site returned an empty page))
2026-10-01 00:26:37,337 ERROR Barcelona / RTB 1a COMARCAL G3: league page without match days after retries, skipped (https://fctt.cat/lligues/rtb-1a-com-3/)
2026-10-01 00:26:39,119 WARNING Attempt 1/4 failed for https://fctt.cat/lligues/rtb-2a-com/ (page without the expected content (the site returned an empty page)); retrying in 2.4s
2026-10-01 00:26:43,354 WARNING Attempt 2/4 failed for https://fctt.cat/lligues/rtb-2a-com/ (page without the expected content (the site returned an empty page)); retrying in 5.0s
2026-10-01 00:26:50,268 WARNING Attempt 3/4 failed for https://fctt.cat/lligues/rtb-2a-com/ (page without the expected content (the site returned an empty page)); retrying in 8.7s
2026-10-01 00:27:01,297 INFO Barcelona / RTB 2a COMARCAL G1: 1 match day(s) -> C:\git\bcnesa-extract-2\resources\actas-content\2026-2027\RTB 2a COMARCAL\G1\1a Fase
2026-10-01 00:27:05,312 INFO Barcelona / RTB 2a COMARCAL / G1 / 1a Fase / J1: saved C:\git\bcnesa-extract-2\resources\actas-content\2026-2027\RTB 2a COMARCAL\G1\1a Fase\jornada_01.html (3 matches, 3 played, complete)
2026-10-01 00:27:07,796 INFO Barcelona / RTB 2a COMARCAL G2: 1 match day(s) -> C:\git\bcnesa-extract-2\resources\actas-content\2026-2027\RTB 2a COMARCAL\G2\1a Fase
2026-10-01 00:27:11,971 INFO Barcelona / RTB 2a COMARCAL / G2 / 1a Fase / J1: saved C:\git\bcnesa-extract-2\resources\actas-content\2026-2027\RTB 2a COMARCAL\G2\1a Fase\jornada_01.html (4 matches, 4 played, complete)
2026-10-01 00:27:14,549 INFO Barcelona / RTB VETERANS 1a G1: 1 match day(s) -> C:\git\bcnesa-extract-2\resources\actas-content\2026-2027\RTB VETERANS 1a\G1\1a Fase
2026-10-01 00:27:18,042 INFO Barcelona / RTB VETERANS 1a / G1 / 1a Fase / J1: saved C:\git\bcnesa-extract-2\resources\actas-content\2026-2027\RTB VETERANS 1a\G1\1a Fase\jornada_01.html (4 matches, 4 played, complete)
2026-10-01 00:27:20,646 WARNING Attempt 1/4 failed for https://fctt.cat/lligues/rtb-vet-1a-2/ (page without the expected content (the site returned an empty page)); retrying in 3.1s
2026-10-01 00:27:26,814 WARNING Attempt 2/4 failed for https://fctt.cat/lligues/rtb-vet-1a-2/ (page without the expected content (the site returned an empty page)); retrying in 5.4s
2026-10-01 00:27:34,256 WARNING Attempt 3/4 failed for https://fctt.cat/lligues/rtb-vet-1a-2/ (page without the expected content (the site returned an empty page)); retrying in 9.3s
2026-10-01 00:27:45,310 ERROR Failed after 4 attempt(s): https://fctt.cat/lligues/rtb-vet-1a-2/ (page without the expected content (the site returned an empty page))
2026-10-01 00:27:45,311 ERROR Barcelona / RTB VETERANS 1a G2: league page without match days after retries, skipped (https://fctt.cat/lligues/rtb-vet-1a-2/)
2026-10-01 00:27:47,206 WARNING Attempt 1/4 failed for https://fctt.cat/lligues/rtb-vet-2aa/ (page without the expected content (the site returned an empty page)); retrying in 2.4s
2026-10-01 00:27:51,376 WARNING Attempt 2/4 failed for https://fctt.cat/lligues/rtb-vet-2aa/ (page without the expected content (the site returned an empty page)); retrying in 4.8s
2026-10-01 00:27:58,034 WARNING Attempt 3/4 failed for https://fctt.cat/lligues/rtb-vet-2aa/ (page without the expected content (the site returned an empty page)); retrying in 8.2s
2026-10-01 00:28:08,503 INFO Barcelona / RTB VETERANS 2aA G1: 1 match day(s) -> C:\git\bcnesa-extract-2\resources\actas-content\2026-2027\RTB VETERANS 2aA\G1\1a Fase
2026-10-01 00:28:11,764 INFO Barcelona / RTB VETERANS 2aA / G1 / 1a Fase / J1: saved C:\git\bcnesa-extract-2\resources\actas-content\2026-2027\RTB VETERANS 2aA\G1\1a Fase\jornada_01.html (4 matches, 3 played, partial)
2026-10-01 00:28:14,099 INFO Barcelona / RTB VETERANS 2aA G2: 1 match day(s) -> C:\git\bcnesa-extract-2\resources\actas-content\2026-2027\RTB VETERANS 2aA\G2\1a Fase
2026-10-01 00:28:17,629 INFO Barcelona / RTB VETERANS 2aA / G2 / 1a Fase / J1: saved C:\git\bcnesa-extract-2\resources\actas-content\2026-2027\RTB VETERANS 2aA\G2\1a Fase\jornada_01.html (4 matches, 4 played, complete)
2026-10-01 00:28:19,754 INFO Barcelona / RTB VETERANS 2aB G1: 1 match day(s) -> C:\git\bcnesa-extract-2\resources\actas-content\2026-2027\RTB VETERANS 2aB\G1\1a Fase
2026-10-01 00:28:22,665 INFO Barcelona / RTB VETERANS 2aB / G1 / 1a Fase / J1: saved C:\git\bcnesa-extract-2\resources\actas-content\2026-2027\RTB VETERANS 2aB\G1\1a Fase\jornada_01.html (4 matches, 2 played, partial)
2026-10-01 00:28:26,635 INFO Barcelona / RTB VETERANS 2aB G2: 1 match day(s) -> C:\git\bcnesa-extract-2\resources\actas-content\2026-2027\RTB VETERANS 2aB\G2\1a Fase
2026-10-01 00:28:30,177 INFO Barcelona / RTB VETERANS 2aB / G2 / 1a Fase / J1: saved C:\git\bcnesa-extract-2\resources\actas-content\2026-2027\RTB VETERANS 2aB\G2\1a Fase\jornada_01.html (4 matches, 4 played, complete)
2026-10-01 00:28:31,968 WARNING Attempt 1/4 failed for https://fctt.cat/lligues/rtb-vet-3aa/ (page without the expected content (the site returned an empty page)); retrying in 2.3s
2026-10-01 00:28:36,049 WARNING Attempt 2/4 failed for https://fctt.cat/lligues/rtb-vet-3aa/ (page without the expected content (the site returned an empty page)); retrying in 4.8s
2026-10-01 00:28:43,344 WARNING Attempt 3/4 failed for https://fctt.cat/lligues/rtb-vet-3aa/ (page without the expected content (the site returned an empty page)); retrying in 8.4s
2026-10-01 00:28:53,785 ERROR Failed after 4 attempt(s): https://fctt.cat/lligues/rtb-vet-3aa/ (page without the expected content (the site returned an empty page))
2026-10-01 00:28:53,785 ERROR Barcelona / RTB VETERANS 3a A G1: league page without match days after retries, skipped (https://fctt.cat/lligues/rtb-vet-3aa/)
2026-10-01 00:28:55,924 WARNING Attempt 1/4 failed for https://fctt.cat/lligues/rtb-vet-3aa-2/ (page without the expected content (the site returned an empty page)); retrying in 2.1s
2026-10-01 00:28:59,801 WARNING Attempt 2/4 failed for https://fctt.cat/lligues/rtb-vet-3aa-2/ (page without the expected content (the site returned an empty page)); retrying in 4.0s
2026-10-01 00:29:06,006 INFO Barcelona / RTB VETERANS 3a A G2: 1 match day(s) -> C:\git\bcnesa-extract-2\resources\actas-content\2026-2027\RTB VETERANS 3a A\G2\1a Fase
2026-10-01 00:29:09,199 INFO Barcelona / RTB VETERANS 3a A / G2 / 1a Fase / J1: saved C:\git\bcnesa-extract-2\resources\actas-content\2026-2027\RTB VETERANS 3a A\G2\1a Fase\jornada_01.html (4 matches, 3 played, partial)
2026-10-01 00:29:11,456 INFO Barcelona / RTB VETERANS 3a B G1: 1 match day(s) -> C:\git\bcnesa-extract-2\resources\actas-content\2026-2027\RTB VETERANS 3a B\G1\1a Fase
2026-10-01 00:29:14,671 INFO Barcelona / RTB VETERANS 3a B / G1 / 1a Fase / J1: saved C:\git\bcnesa-extract-2\resources\actas-content\2026-2027\RTB VETERANS 3a B\G1\1a Fase\jornada_01.html (4 matches, 3 played, partial)
2026-10-01 00:29:16,881 INFO Barcelona / RTB VETERANS 3a B G2: 1 match day(s) -> C:\git\bcnesa-extract-2\resources\actas-content\2026-2027\RTB VETERANS 3a B\G2\1a Fase
2026-10-01 00:29:20,423 INFO Barcelona / RTB VETERANS 3a B / G2 / 1a Fase / J1: saved C:\git\bcnesa-extract-2\resources\actas-content\2026-2027\RTB VETERANS 3a B\G2\1a Fase\jornada_01.html (4 matches, 4 played, complete)
2026-10-01 00:29:22,631 INFO Barcelona / RTB VETERANS 4a A G1: 1 match day(s) -> C:\git\bcnesa-extract-2\resources\actas-content\2026-2027\RTB VETERANS 4a A\G1\1a Fase
2026-10-01 00:29:25,700 INFO Barcelona / RTB VETERANS 4a A / G1 / 1a Fase / J1: saved C:\git\bcnesa-extract-2\resources\actas-content\2026-2027\RTB VETERANS 4a A\G1\1a Fase\jornada_01.html (4 matches, 3 played, partial)
2026-10-01 00:29:28,039 INFO Barcelona / RTB VETERANS 4a A G2: 1 match day(s) -> C:\git\bcnesa-extract-2\resources\actas-content\2026-2027\RTB VETERANS 4a A\G2\1a Fase
2026-10-01 00:29:29,838 WARNING Attempt 1/4 failed for https://fctt.cat/lligues/rtb-vet-4aa-2/?jornada=1 (page without the expected content (the site returned an empty page)); retrying in 3.2s
2026-10-01 00:29:34,932 WARNING Attempt 2/4 failed for https://fctt.cat/lligues/rtb-vet-4aa-2/?jornada=1 (page without the expected content (the site returned an empty page)); retrying in 5.0s
2026-10-01 00:30:14,878 INFO Barcelona / RTB VETERANS 4a A / G2 / 1a Fase / J1: saved C:\git\bcnesa-extract-2\resources\actas-content\2026-2027\RTB VETERANS 4a A\G2\1a Fase\jornada_01.html (4 matches, 4 played, complete)
2026-10-01 00:31:05,488 INFO Barcelona / RTB VETERANS 4a B G1: 1 match day(s) -> C:\git\bcnesa-extract-2\resources\actas-content\2026-2027\RTB VETERANS 4a B\G1\1a Fase
2026-10-01 00:31:54,442 INFO Barcelona / RTB VETERANS 4a B / G1 / 1a Fase / J1: saved C:\git\bcnesa-extract-2\resources\actas-content\2026-2027\RTB VETERANS 4a B\G1\1a Fase\jornada_01.html (4 matches, 4 played, complete)
2026-10-01 00:32:54,451 WARNING Attempt 1/4 failed for https://fctt.cat/lligues/rtb-vet-4ab-2/ (HTTPSConnectionPool(host='fctt.cat', port=443): Read timed out. (read timeout=60.0)); retrying in 3.4s
2026-10-01 00:33:57,905 WARNING Attempt 2/4 failed for https://fctt.cat/lligues/rtb-vet-4ab-2/ (HTTPSConnectionPool(host='fctt.cat', port=443): Read timed out. (read timeout=60.0)); retrying in 5.0s
2026-10-01 00:34:39,532 WARNING Attempt 3/4 failed for https://fctt.cat/lligues/rtb-vet-4ab-2/ (page without the expected content (the site returned an empty page)); retrying in 9.0s
2026-10-01 00:35:13,005 INFO Barcelona / RTB VETERANS 4a B G2: 1 match day(s) -> C:\git\bcnesa-extract-2\resources\actas-content\2026-2027\RTB VETERANS 4a B\G2\1a Fase
2026-10-01 00:35:20,893 INFO Barcelona / RTB VETERANS 4a B / G2 / 1a Fase / J1: saved C:\git\bcnesa-extract-2\resources\actas-content\2026-2027\RTB VETERANS 4a B\G2\1a Fase\jornada_01.html (4 matches, 4 played, complete)
2026-10-01 00:35:24,054 INFO Barcelona / RTB VETERANS 4a C G1: 1 match day(s) -> C:\git\bcnesa-extract-2\resources\actas-content\2026-2027\RTB VETERANS 4a C\G1\1a Fase
2026-10-01 00:35:28,849 WARNING Attempt 1/4 failed for https://fctt.cat/lligues/rtb-vet-4ac/?jornada=1 (page without the expected content (the site returned an empty page)); retrying in 2.6s
2026-10-01 00:35:35,049 WARNING Attempt 2/4 failed for https://fctt.cat/lligues/rtb-vet-4ac/?jornada=1 (page without the expected content (the site returned an empty page)); retrying in 5.0s
2026-10-01 00:35:45,467 WARNING Attempt 3/4 failed for https://fctt.cat/lligues/rtb-vet-4ac/?jornada=1 (page without the expected content (the site returned an empty page)); retrying in 9.9s
2026-10-01 00:35:58,108 ERROR Failed after 4 attempt(s): https://fctt.cat/lligues/rtb-vet-4ac/?jornada=1 (page without the expected content (the site returned an empty page))
2026-10-01 00:35:58,109 ERROR Barcelona / RTB VETERANS 4a C / G1 / 1a Fase / J1: match day not available after retries, skipped (https://fctt.cat/lligues/rtb-vet-4ac/?jornada=1)
2026-10-01 00:36:01,516 WARNING Attempt 1/4 failed for https://fctt.cat/lligues/rtb-vet-4ac-2/ (page without the expected content (the site returned an empty page)); retrying in 2.2s
2026-10-01 00:36:06,389 WARNING Attempt 2/4 failed for https://fctt.cat/lligues/rtb-vet-4ac-2/ (page without the expected content (the site returned an empty page)); retrying in 4.3s
2026-10-01 00:36:13,817 INFO Barcelona / RTB VETERANS 4a C G2: 1 match day(s) -> C:\git\bcnesa-extract-2\resources\actas-content\2026-2027\RTB VETERANS 4a C\G2\1a Fase
2026-10-01 00:36:19,997 INFO Barcelona / RTB VETERANS 4a C / G2 / 1a Fase / J1: saved C:\git\bcnesa-extract-2\resources\actas-content\2026-2027\RTB VETERANS 4a C\G2\1a Fase\jornada_01.html (4 matches, 4 played, complete)
2026-10-01 00:36:23,858 INFO Barcelona / RTB VETERANS 4a C G3: 1 match day(s) -> C:\git\bcnesa-extract-2\resources\actas-content\2026-2027\RTB VETERANS 4a C\G3\1a Fase
2026-10-01 00:36:28,363 INFO Barcelona / RTB VETERANS 4a C / G3 / 1a Fase / J1: saved C:\git\bcnesa-extract-2\resources\actas-content\2026-2027\RTB VETERANS 4a C\G3\1a Fase\jornada_01.html (4 matches, 4 played, complete)
2026-10-01 00:36:28,364 INFO Summary: 6 leagues failed, 34 leagues processed, 1 match days failed, 33 match days new
2026-10-01 00:37:38,707 INFO Downloading actas content for season 2026-2027 (format=both, skip_pdf=True, force=False)
2026-10-01 00:37:45,256 INFO Found 40 league(s) to process
2026-10-01 00:37:48,717 INFO Barcelona / RTB PREFERENT G1: 1 match day(s) -> C:\git\bcnesa-extract-2\resources\actas-content\2026-2027\RTB PREFERENT\G1\1a Fase
2026-10-01 00:37:48,747 INFO Barcelona / RTB PREFERENT / G1 / 1a Fase / J1: complete, skipped
2026-10-01 00:37:52,000 INFO Barcelona / RTB PREFERENT G2: 1 match day(s) -> C:\git\bcnesa-extract-2\resources\actas-content\2026-2027\RTB PREFERENT\G2\1a Fase
2026-10-01 00:37:52,032 INFO Barcelona / RTB PREFERENT / G2 / 1a Fase / J1: complete, skipped
2026-10-01 00:37:58,733 WARNING Attempt 1/7 failed for https://fctt.cat/lligues/rtb-pref-3/ (page without the expected content (the site returned an empty page)); retrying in 2.3s
2026-10-01 00:38:06,304 WARNING Attempt 2/7 failed for https://fctt.cat/lligues/rtb-pref-3/ (page without the expected content (the site returned an empty page)); retrying in 5.6s
2026-10-01 00:38:14,694 WARNING Attempt 3/7 failed for https://fctt.cat/lligues/rtb-pref-3/ (page without the expected content (the site returned an empty page)); retrying in 10.0s
2026-10-01 00:38:29,652 INFO Barcelona / RTB PREFERENT G3: 1 match day(s) -> C:\git\bcnesa-extract-2\resources\actas-content\2026-2027\RTB PREFERENT\G3\1a Fase
2026-10-01 00:38:29,683 INFO Barcelona / RTB PREFERENT / G3 / 1a Fase / J1: complete, skipped
2026-10-01 00:38:33,929 INFO Barcelona / RTB PRIMERA G1: 1 match day(s) -> C:\git\bcnesa-extract-2\resources\actas-content\2026-2027\RTB PRIMERA\G1\1a Fase
2026-10-01 00:38:33,970 INFO Barcelona / RTB PRIMERA / G1 / 1a Fase / J1: complete, skipped
2026-10-01 00:38:37,650 INFO Barcelona / RTB PRIMERA G2: 1 match day(s) -> C:\git\bcnesa-extract-2\resources\actas-content\2026-2027\RTB PRIMERA\G2\1a Fase
2026-10-01 00:38:37,681 INFO Barcelona / RTB PRIMERA / G2 / 1a Fase / J1: complete, skipped
2026-10-01 00:38:40,956 INFO Barcelona / RTB PRIMERA G3: 1 match day(s) -> C:\git\bcnesa-extract-2\resources\actas-content\2026-2027\RTB PRIMERA\G3\1a Fase
2026-10-01 00:38:40,987 INFO Barcelona / RTB PRIMERA / G3 / 1a Fase / J1: complete, skipped
2026-10-01 00:38:44,688 INFO Barcelona / RTB SEGONA A G1: 1 match day(s) -> C:\git\bcnesa-extract-2\resources\actas-content\2026-2027\RTB SEGONA A\G1\1a Fase
2026-10-01 00:38:44,717 INFO Barcelona / RTB SEGONA A / G1 / 1a Fase / J1: complete, skipped
2026-10-01 00:38:47,379 WARNING Attempt 1/7 failed for https://fctt.cat/lligues/rtb-seg-a/ (page without the expected content (the site returned an empty page)); retrying in 2.7s
2026-10-01 00:38:52,651 WARNING Attempt 2/7 failed for https://fctt.cat/lligues/rtb-seg-a/ (page without the expected content (the site returned an empty page)); retrying in 4.7s
2026-10-01 00:39:00,068 WARNING Attempt 3/7 failed for https://fctt.cat/lligues/rtb-seg-a/ (page without the expected content (the site returned an empty page)); retrying in 9.5s
2026-10-01 00:39:12,795 WARNING Attempt 4/7 failed for https://fctt.cat/lligues/rtb-seg-a/ (page without the expected content (the site returned an empty page)); retrying in 17.3s
2026-10-01 00:39:33,320 INFO Barcelona / RTB SEGONA A G2: 1 match day(s) -> C:\git\bcnesa-extract-2\resources\actas-content\2026-2027\RTB SEGONA A\G2\1a Fase
2026-10-01 00:39:38,259 INFO Barcelona / RTB SEGONA A / G2 / 1a Fase / J1: saved C:\git\bcnesa-extract-2\resources\actas-content\2026-2027\RTB SEGONA A\G2\1a Fase\jornada_01.html (5 matches, 5 played, complete)
2026-10-01 00:39:41,454 INFO Barcelona / RTB SEGONA A G3: 1 match day(s) -> C:\git\bcnesa-extract-2\resources\actas-content\2026-2027\RTB SEGONA A\G3\1a Fase
2026-10-01 00:39:41,487 INFO Barcelona / RTB SEGONA A / G3 / 1a Fase / J1: complete, skipped
2026-10-01 00:39:44,712 INFO Barcelona / RTB SEGONA B G1: 1 match day(s) -> C:\git\bcnesa-extract-2\resources\actas-content\2026-2027\RTB SEGONA B\G1\1a Fase
2026-10-01 00:39:44,747 INFO Barcelona / RTB SEGONA B / G1 / 1a Fase / J1: complete, skipped
2026-10-01 00:39:48,035 INFO Barcelona / RTB SEGONA B G2: 1 match day(s) -> C:\git\bcnesa-extract-2\resources\actas-content\2026-2027\RTB SEGONA B\G2\1a Fase
2026-10-01 00:39:48,063 INFO Barcelona / RTB SEGONA B / G2 / 1a Fase / J1: complete, skipped
2026-10-01 00:39:50,798 WARNING Attempt 1/7 failed for https://fctt.cat/lligues/rtb-seg-b-3/ (page without the expected content (the site returned an empty page)); retrying in 2.6s
2026-10-01 00:39:56,142 WARNING Attempt 2/7 failed for https://fctt.cat/lligues/rtb-seg-b-3/ (page without the expected content (the site returned an empty page)); retrying in 5.9s
2026-10-01 00:40:04,951 WARNING Attempt 3/7 failed for https://fctt.cat/lligues/rtb-seg-b-3/ (page without the expected content (the site returned an empty page)); retrying in 8.5s
2026-10-01 00:40:16,398 WARNING Attempt 4/7 failed for https://fctt.cat/lligues/rtb-seg-b-3/ (page without the expected content (the site returned an empty page)); retrying in 17.4s
2026-10-01 00:40:37,119 INFO Barcelona / RTB SEGONA B G3: 1 match day(s) -> C:\git\bcnesa-extract-2\resources\actas-content\2026-2027\RTB SEGONA B\G3\1a Fase
2026-10-01 00:40:41,938 INFO Barcelona / RTB SEGONA B / G3 / 1a Fase / J1: saved C:\git\bcnesa-extract-2\resources\actas-content\2026-2027\RTB SEGONA B\G3\1a Fase\jornada_01.html (5 matches, 5 played, complete)
2026-10-01 00:40:45,208 INFO Barcelona / RTB TERCERA A G1: 1 match day(s) -> C:\git\bcnesa-extract-2\resources\actas-content\2026-2027\RTB TERCERA A\G1\1a Fase
2026-10-01 00:40:45,245 INFO Barcelona / RTB TERCERA A / G1 / 1a Fase / J1: complete, skipped
2026-10-01 00:40:49,787 INFO Barcelona / RTB TERCERA A G2: 1 match day(s) -> C:\git\bcnesa-extract-2\resources\actas-content\2026-2027\RTB TERCERA A\G2\1a Fase
2026-10-01 00:40:49,819 INFO Barcelona / RTB TERCERA A / G2 / 1a Fase / J1: complete, skipped
2026-10-01 00:40:57,332 INFO Barcelona / RTB TERCERA A G3: 1 match day(s) -> C:\git\bcnesa-extract-2\resources\actas-content\2026-2027\RTB TERCERA A\G3\1a Fase
2026-10-01 00:40:57,363 INFO Barcelona / RTB TERCERA A / G3 / 1a Fase / J1: complete, skipped
2026-10-01 00:41:00,722 INFO Barcelona / RTB TERCERA B G1: 1 match day(s) -> C:\git\bcnesa-extract-2\resources\actas-content\2026-2027\RTB TERCERA B\G1\1a Fase
2026-10-01 00:41:00,743 INFO Barcelona / RTB TERCERA B / G1 / 1a Fase / J1: complete, skipped
2026-10-01 00:41:04,725 INFO Barcelona / RTB TERCERA B G2: 1 match day(s) -> C:\git\bcnesa-extract-2\resources\actas-content\2026-2027\RTB TERCERA B\G2\1a Fase
2026-10-01 00:41:07,504 WARNING Attempt 1/7 failed for https://fctt.cat/lligues/rtb-ter-b-2/?jornada=1 (page without the expected content (the site returned an empty page)); retrying in 3.6s
2026-10-01 00:41:13,780 WARNING Attempt 2/7 failed for https://fctt.cat/lligues/rtb-ter-b-2/?jornada=1 (page without the expected content (the site returned an empty page)); retrying in 5.5s
2026-10-01 00:41:22,115 WARNING Attempt 3/7 failed for https://fctt.cat/lligues/rtb-ter-b-2/?jornada=1 (page without the expected content (the site returned an empty page)); retrying in 9.3s
2026-10-01 00:41:34,031 WARNING Attempt 4/7 failed for https://fctt.cat/lligues/rtb-ter-b-2/?jornada=1 (page without the expected content (the site returned an empty page)); retrying in 16.3s
2026-10-01 00:41:55,361 INFO Barcelona / RTB TERCERA B / G2 / 1a Fase / J1: saved C:\git\bcnesa-extract-2\resources\actas-content\2026-2027\RTB TERCERA B\G2\1a Fase\jornada_01.html (5 matches, 4 played, partial)
2026-10-01 00:41:58,659 INFO Barcelona / RTB TERCERA B G3: 1 match day(s) -> C:\git\bcnesa-extract-2\resources\actas-content\2026-2027\RTB TERCERA B\G3\1a Fase
2026-10-01 00:41:58,689 INFO Barcelona / RTB TERCERA B / G3 / 1a Fase / J1: complete, skipped
2026-10-01 00:42:03,216 INFO Barcelona / RTB 1a COMARCAL G1: 1 match day(s) -> C:\git\bcnesa-extract-2\resources\actas-content\2026-2027\RTB 1a COMARCAL\G1\1a Fase
2026-10-01 00:42:03,240 INFO Barcelona / RTB 1a COMARCAL / G1 / 1a Fase / J1: complete, skipped
2026-10-01 00:42:07,645 WARNING Attempt 1/7 failed for https://fctt.cat/lligues/rtb-1a-com-2/ (page without the expected content (the site returned an empty page)); retrying in 3.6s
2026-10-01 00:42:15,815 WARNING Attempt 2/7 failed for https://fctt.cat/lligues/rtb-1a-com-2/ (page without the expected content (the site returned an empty page)); retrying in 5.9s
2026-10-01 00:42:24,892 WARNING Attempt 3/7 failed for https://fctt.cat/lligues/rtb-1a-com-2/ (page without the expected content (the site returned an empty page)); retrying in 9.3s
2026-10-01 00:42:37,330 WARNING Attempt 4/7 failed for https://fctt.cat/lligues/rtb-1a-com-2/ (page without the expected content (the site returned an empty page)); retrying in 16.2s
2026-10-01 00:42:56,698 INFO Barcelona / RTB 1a COMARCAL G2: 1 match day(s) -> C:\git\bcnesa-extract-2\resources\actas-content\2026-2027\RTB 1a COMARCAL\G2\1a Fase
2026-10-01 00:42:56,727 INFO Barcelona / RTB 1a COMARCAL / G2 / 1a Fase / J1: complete, skipped
2026-10-01 00:43:00,183 INFO Barcelona / RTB 1a COMARCAL G3: 1 match day(s) -> C:\git\bcnesa-extract-2\resources\actas-content\2026-2027\RTB 1a COMARCAL\G3\1a Fase
2026-10-01 00:43:04,940 INFO Barcelona / RTB 1a COMARCAL / G3 / 1a Fase / J1: saved C:\git\bcnesa-extract-2\resources\actas-content\2026-2027\RTB 1a COMARCAL\G3\1a Fase\jornada_01.html (4 matches, 4 played, complete)
2026-10-01 00:43:08,176 INFO Barcelona / RTB 2a COMARCAL G1: 1 match day(s) -> C:\git\bcnesa-extract-2\resources\actas-content\2026-2027\RTB 2a COMARCAL\G1\1a Fase
2026-10-01 00:43:08,205 INFO Barcelona / RTB 2a COMARCAL / G1 / 1a Fase / J1: complete, skipped
2026-10-01 00:43:11,510 INFO Barcelona / RTB 2a COMARCAL G2: 1 match day(s) -> C:\git\bcnesa-extract-2\resources\actas-content\2026-2027\RTB 2a COMARCAL\G2\1a Fase
2026-10-01 00:43:11,539 INFO Barcelona / RTB 2a COMARCAL / G2 / 1a Fase / J1: complete, skipped
2026-10-01 00:43:14,735 INFO Barcelona / RTB VETERANS 1a G1: 1 match day(s) -> C:\git\bcnesa-extract-2\resources\actas-content\2026-2027\RTB VETERANS 1a\G1\1a Fase
2026-10-01 00:43:14,761 INFO Barcelona / RTB VETERANS 1a / G1 / 1a Fase / J1: complete, skipped
2026-10-01 00:43:17,844 INFO Barcelona / RTB VETERANS 1a G2: 1 match day(s) -> C:\git\bcnesa-extract-2\resources\actas-content\2026-2027\RTB VETERANS 1a\G2\1a Fase
2026-10-01 00:43:22,335 INFO Barcelona / RTB VETERANS 1a / G2 / 1a Fase / J1: saved C:\git\bcnesa-extract-2\resources\actas-content\2026-2027\RTB VETERANS 1a\G2\1a Fase\jornada_01.html (4 matches, 4 played, complete)
2026-10-01 00:43:25,583 INFO Barcelona / RTB VETERANS 2aA G1: 1 match day(s) -> C:\git\bcnesa-extract-2\resources\actas-content\2026-2027\RTB VETERANS 2aA\G1\1a Fase
2026-10-01 00:43:28,456 WARNING Attempt 1/7 failed for https://fctt.cat/lligues/rtb-vet-2aa/?jornada=1 (page without the expected content (the site returned an empty page)); retrying in 3.0s
2026-10-01 00:43:34,178 WARNING Attempt 2/7 failed for https://fctt.cat/lligues/rtb-vet-2aa/?jornada=1 (page without the expected content (the site returned an empty page)); retrying in 4.2s
2026-10-01 00:43:42,520 WARNING Attempt 3/7 failed for https://fctt.cat/lligues/rtb-vet-2aa/?jornada=1 (page without the expected content (the site returned an empty page)); retrying in 9.9s
2026-10-01 00:43:56,493 INFO Barcelona / RTB VETERANS 2aA / G1 / 1a Fase / J1: unchanged (4 matches, 3 played)
2026-10-01 00:43:59,837 INFO Barcelona / RTB VETERANS 2aA G2: 1 match day(s) -> C:\git\bcnesa-extract-2\resources\actas-content\2026-2027\RTB VETERANS 2aA\G2\1a Fase
2026-10-01 00:43:59,862 INFO Barcelona / RTB VETERANS 2aA / G2 / 1a Fase / J1: complete, skipped
2026-10-01 00:44:04,522 INFO Barcelona / RTB VETERANS 2aB G1: 1 match day(s) -> C:\git\bcnesa-extract-2\resources\actas-content\2026-2027\RTB VETERANS 2aB\G1\1a Fase
2026-10-01 00:44:08,300 INFO Barcelona / RTB VETERANS 2aB / G1 / 1a Fase / J1: unchanged (4 matches, 2 played)
2026-10-01 00:44:11,605 INFO Barcelona / RTB VETERANS 2aB G2: 1 match day(s) -> C:\git\bcnesa-extract-2\resources\actas-content\2026-2027\RTB VETERANS 2aB\G2\1a Fase
2026-10-01 00:44:11,630 INFO Barcelona / RTB VETERANS 2aB / G2 / 1a Fase / J1: complete, skipped
2026-10-01 00:44:15,388 INFO Barcelona / RTB VETERANS 3a A G1: 1 match day(s) -> C:\git\bcnesa-extract-2\resources\actas-content\2026-2027\RTB VETERANS 3a A\G1\1a Fase
2026-10-01 00:44:21,202 INFO Barcelona / RTB VETERANS 3a A / G1 / 1a Fase / J1: saved C:\git\bcnesa-extract-2\resources\actas-content\2026-2027\RTB VETERANS 3a A\G1\1a Fase\jornada_01.html (4 matches, 4 played, complete)
2026-10-01 00:44:28,117 WARNING Attempt 1/7 failed for https://fctt.cat/lligues/rtb-vet-3aa-2/ (page without the expected content (the site returned an empty page)); retrying in 2.4s
2026-10-01 00:44:34,351 WARNING Attempt 2/7 failed for https://fctt.cat/lligues/rtb-vet-3aa-2/ (page without the expected content (the site returned an empty page)); retrying in 5.7s
2026-10-01 00:44:43,382 WARNING Attempt 3/7 failed for https://fctt.cat/lligues/rtb-vet-3aa-2/ (page without the expected content (the site returned an empty page)); retrying in 9.2s
2026-10-01 00:44:55,836 INFO Barcelona / RTB VETERANS 3a A G2: 1 match day(s) -> C:\git\bcnesa-extract-2\resources\actas-content\2026-2027\RTB VETERANS 3a A\G2\1a Fase
2026-10-01 00:45:00,056 INFO Barcelona / RTB VETERANS 3a A / G2 / 1a Fase / J1: unchanged (4 matches, 3 played)
2026-10-01 00:45:03,683 INFO Barcelona / RTB VETERANS 3a B G1: 1 match day(s) -> C:\git\bcnesa-extract-2\resources\actas-content\2026-2027\RTB VETERANS 3a B\G1\1a Fase
2026-10-01 00:45:08,226 INFO Barcelona / RTB VETERANS 3a B / G1 / 1a Fase / J1: unchanged (4 matches, 3 played)
2026-10-01 00:45:11,645 INFO Barcelona / RTB VETERANS 3a B G2: 1 match day(s) -> C:\git\bcnesa-extract-2\resources\actas-content\2026-2027\RTB VETERANS 3a B\G2\1a Fase
2026-10-01 00:45:11,677 INFO Barcelona / RTB VETERANS 3a B / G2 / 1a Fase / J1: complete, skipped
2026-10-01 00:45:15,175 INFO Barcelona / RTB VETERANS 4a A G1: 1 match day(s) -> C:\git\bcnesa-extract-2\resources\actas-content\2026-2027\RTB VETERANS 4a A\G1\1a Fase
2026-10-01 00:45:19,609 INFO Barcelona / RTB VETERANS 4a A / G1 / 1a Fase / J1: unchanged (4 matches, 3 played)
2026-10-01 00:45:23,043 INFO Barcelona / RTB VETERANS 4a A G2: 1 match day(s) -> C:\git\bcnesa-extract-2\resources\actas-content\2026-2027\RTB VETERANS 4a A\G2\1a Fase
2026-10-01 00:45:23,080 INFO Barcelona / RTB VETERANS 4a A / G2 / 1a Fase / J1: complete, skipped
2026-10-01 00:45:26,004 WARNING Attempt 1/7 failed for https://fctt.cat/lligues/rtb-vet-4ab/ (page without the expected content (the site returned an empty page)); retrying in 2.1s
2026-10-01 00:45:30,998 WARNING Attempt 2/7 failed for https://fctt.cat/lligues/rtb-vet-4ab/ (page without the expected content (the site returned an empty page)); retrying in 4.9s
2026-10-01 00:45:38,776 WARNING Attempt 3/7 failed for https://fctt.cat/lligues/rtb-vet-4ab/ (page without the expected content (the site returned an empty page)); retrying in 9.4s
2026-10-01 00:45:51,080 WARNING Attempt 4/7 failed for https://fctt.cat/lligues/rtb-vet-4ab/ (page without the expected content (the site returned an empty page)); retrying in 16.7s
2026-10-01 00:46:11,179 INFO Barcelona / RTB VETERANS 4a B G1: 1 match day(s) -> C:\git\bcnesa-extract-2\resources\actas-content\2026-2027\RTB VETERANS 4a B\G1\1a Fase
2026-10-01 00:46:11,204 INFO Barcelona / RTB VETERANS 4a B / G1 / 1a Fase / J1: complete, skipped
2026-10-01 00:46:14,458 INFO Barcelona / RTB VETERANS 4a B G2: 1 match day(s) -> C:\git\bcnesa-extract-2\resources\actas-content\2026-2027\RTB VETERANS 4a B\G2\1a Fase
2026-10-01 00:46:14,485 INFO Barcelona / RTB VETERANS 4a B / G2 / 1a Fase / J1: complete, skipped
2026-10-01 00:46:17,794 INFO Barcelona / RTB VETERANS 4a C G1: 1 match day(s) -> C:\git\bcnesa-extract-2\resources\actas-content\2026-2027\RTB VETERANS 4a C\G1\1a Fase
2026-10-01 00:46:23,148 INFO Barcelona / RTB VETERANS 4a C / G1 / 1a Fase / J1: saved C:\git\bcnesa-extract-2\resources\actas-content\2026-2027\RTB VETERANS 4a C\G1\1a Fase\jornada_01.html (4 matches, 4 played, complete)
2026-10-01 00:46:26,564 INFO Barcelona / RTB VETERANS 4a C G2: 1 match day(s) -> C:\git\bcnesa-extract-2\resources\actas-content\2026-2027\RTB VETERANS 4a C\G2\1a Fase
2026-10-01 00:46:26,591 INFO Barcelona / RTB VETERANS 4a C / G2 / 1a Fase / J1: complete, skipped
2026-10-01 00:46:30,036 INFO Barcelona / RTB VETERANS 4a C G3: 1 match day(s) -> C:\git\bcnesa-extract-2\resources\actas-content\2026-2027\RTB VETERANS 4a C\G3\1a Fase
2026-10-01 00:46:30,064 INFO Barcelona / RTB VETERANS 4a C / G3 / 1a Fase / J1: complete, skipped
2026-10-01 00:46:30,064 INFO Summary: 40 leagues processed, 7 match days new, 28 match days skipped (complete), 5 match days unchanged
2026-10-01 07:53:35,353 INFO Downloading actas content for season 2026-2027 (format=both, skip_pdf=True, force=False)
2026-10-01 07:53:45,945 INFO Downloading actas content for season 2026-2027 (format=both, skip_pdf=True, force=False)
2026-10-01 07:54:02,639 INFO Found 40 league(s) to process
2026-10-01 07:54:15,298 WARNING Attempt 1/4 failed for https://fctt.cat/lligues/rtb-pref/ (page without the expected content (the site returned an empty page)); retrying in 3.3s
2026-10-01 07:54:29,980 WARNING Attempt 2/4 failed for https://fctt.cat/lligues/rtb-pref/ (page without the expected content (the site returned an empty page)); retrying in 4.7s
2026-10-01 07:54:43,843 INFO Barcelona / RTB PREFERENT G1: 1 match day(s) -> C:\git\bcnesa-extract-2\resources\actas-content\2026-2027\RTB PREFERENT\G1\1a Fase
2026-10-01 07:54:53,898 INFO Barcelona / RTB PREFERENT / G1 / 1a Fase / J2: saved C:\git\bcnesa-extract-2\resources\actas-content\2026-2027\RTB PREFERENT\G1\1a Fase\jornada_02.html (5 matches, 0 played, partial)
2026-10-01 07:55:00,774 WARNING Attempt 1/4 failed for https://fctt.cat/lligues/rtb-pref-2/ (page without the expected content (the site returned an empty page)); retrying in 2.3s
2026-10-01 07:55:12,567 WARNING Attempt 2/4 failed for https://fctt.cat/lligues/rtb-pref-2/ (page without the expected content (the site returned an empty page)); retrying in 5.2s
2026-10-01 07:55:22,896 WARNING Attempt 3/4 failed for https://fctt.cat/lligues/rtb-pref-2/ (page without the expected content (the site returned an empty page)); retrying in 9.1s
2026-10-01 07:55:44,824 INFO Barcelona / RTB PREFERENT G2: 1 match day(s) -> C:\git\bcnesa-extract-2\resources\actas-content\2026-2027\RTB PREFERENT\G2\1a Fase
2026-10-01 07:55:48,574 INFO Barcelona / RTB PREFERENT / G2 / 1a Fase / J2: saved C:\git\bcnesa-extract-2\resources\actas-content\2026-2027\RTB PREFERENT\G2\1a Fase\jornada_02.html (5 matches, 0 played, partial)
2026-10-01 07:55:55,459 INFO Barcelona / RTB PREFERENT G3: 1 match day(s) -> C:\git\bcnesa-extract-2\resources\actas-content\2026-2027\RTB PREFERENT\G3\1a Fase
2026-10-01 07:56:03,709 INFO Barcelona / RTB PREFERENT / G3 / 1a Fase / J2: saved C:\git\bcnesa-extract-2\resources\actas-content\2026-2027\RTB PREFERENT\G3\1a Fase\jornada_02.html (5 matches, 0 played, partial)
2026-10-01 07:56:16,350 INFO Barcelona / RTB PRIMERA G1: 1 match day(s) -> C:\git\bcnesa-extract-2\resources\actas-content\2026-2027\RTB PRIMERA\G1\1a Fase
2026-10-01 07:56:22,350 INFO Barcelona / RTB PRIMERA / G1 / 1a Fase / J2: future match day without results, keeping minimal match info from the league page
2026-10-01 07:56:22,363 INFO Barcelona / RTB PRIMERA / G1 / 1a Fase / J2: saved C:\git\bcnesa-extract-2\resources\actas-content\2026-2027\RTB PRIMERA\G1\1a Fase\jornada_02.html (5 matches, 0 played, partial)
2026-10-01 07:56:30,356 WARNING Attempt 1/4 failed for https://fctt.cat/lligues/rtb-prim-2/ (page without the expected content (the site returned an empty page)); retrying in 2.2s
2026-10-01 07:56:42,026 INFO Barcelona / RTB PRIMERA G2: 1 match day(s) -> C:\git\bcnesa-extract-2\resources\actas-content\2026-2027\RTB PRIMERA\G2\1a Fase
2026-10-01 07:56:48,036 INFO Barcelona / RTB PRIMERA / G2 / 1a Fase / J2: saved C:\git\bcnesa-extract-2\resources\actas-content\2026-2027\RTB PRIMERA\G2\1a Fase\jornada_02.html (5 matches, 0 played, partial)
2026-10-01 07:56:52,464 INFO Barcelona / RTB PRIMERA G3: 1 match day(s) -> C:\git\bcnesa-extract-2\resources\actas-content\2026-2027\RTB PRIMERA\G3\1a Fase
2026-10-01 07:57:02,258 INFO Barcelona / RTB PRIMERA / G3 / 1a Fase / J2: saved C:\git\bcnesa-extract-2\resources\actas-content\2026-2027\RTB PRIMERA\G3\1a Fase\jornada_02.html (5 matches, 0 played, partial)
2026-10-01 07:57:14,463 INFO Barcelona / RTB SEGONA A G1: 1 match day(s) -> C:\git\bcnesa-extract-2\resources\actas-content\2026-2027\RTB SEGONA A\G1\1a Fase
2026-10-01 07:57:25,470 INFO Barcelona / RTB SEGONA A / G1 / 1a Fase / J2: future match day without results, keeping minimal match info from the league page
2026-10-01 07:57:25,482 INFO Barcelona / RTB SEGONA A / G1 / 1a Fase / J2: saved C:\git\bcnesa-extract-2\resources\actas-content\2026-2027\RTB SEGONA A\G1\1a Fase\jornada_02.html (5 matches, 0 played, partial)
2026-10-01 07:57:32,905 WARNING Attempt 1/4 failed for https://fctt.cat/lligues/rtb-seg-a/ (page without the expected content (the site returned an empty page)); retrying in 2.5s
2026-10-01 07:57:47,754 INFO Barcelona / RTB SEGONA A G2: 1 match day(s) -> C:\git\bcnesa-extract-2\resources\actas-content\2026-2027\RTB SEGONA A\G2\1a Fase
2026-10-01 07:57:53,698 INFO Barcelona / RTB SEGONA A / G2 / 1a Fase / J2: saved C:\git\bcnesa-extract-2\resources\actas-content\2026-2027\RTB SEGONA A\G2\1a Fase\jornada_02.html (5 matches, 0 played, partial)
2026-10-01 07:57:57,338 INFO Barcelona / RTB SEGONA A G3: 1 match day(s) -> C:\git\bcnesa-extract-2\resources\actas-content\2026-2027\RTB SEGONA A\G3\1a Fase
2026-10-01 07:58:04,996 INFO Barcelona / RTB SEGONA A / G3 / 1a Fase / J2: future match day without results, keeping minimal match info from the league page
2026-10-01 07:58:05,006 INFO Barcelona / RTB SEGONA A / G3 / 1a Fase / J2: saved C:\git\bcnesa-extract-2\resources\actas-content\2026-2027\RTB SEGONA A\G3\1a Fase\jornada_02.html (5 matches, 0 played, partial)
2026-10-01 07:58:13,647 WARNING Attempt 1/4 failed for https://fctt.cat/lligues/rtb-seg-b/ (page without the expected content (the site returned an empty page)); retrying in 2.1s
2026-10-01 07:58:21,399 WARNING Attempt 2/4 failed for https://fctt.cat/lligues/rtb-seg-b/ (page without the expected content (the site returned an empty page)); retrying in 5.8s
2026-10-01 07:58:41,449 INFO Barcelona / RTB SEGONA B G1: 1 match day(s) -> C:\git\bcnesa-extract-2\resources\actas-content\2026-2027\RTB SEGONA B\G1\1a Fase
2026-10-01 07:58:43,745 INFO Barcelona / RTB SEGONA B / G1 / 1a Fase / J2: saved C:\git\bcnesa-extract-2\resources\actas-content\2026-2027\RTB SEGONA B\G1\1a Fase\jornada_02.html (5 matches, 0 played, partial)
2026-10-01 07:58:46,583 INFO Barcelona / RTB SEGONA B G2: 1 match day(s) -> C:\git\bcnesa-extract-2\resources\actas-content\2026-2027\RTB SEGONA B\G2\1a Fase
2026-10-01 07:58:48,617 INFO Barcelona / RTB SEGONA B / G2 / 1a Fase / J2: saved C:\git\bcnesa-extract-2\resources\actas-content\2026-2027\RTB SEGONA B\G2\1a Fase\jornada_02.html (5 matches, 0 played, partial)
2026-10-01 07:58:50,830 INFO Barcelona / RTB SEGONA B G3: 1 match day(s) -> C:\git\bcnesa-extract-2\resources\actas-content\2026-2027\RTB SEGONA B\G3\1a Fase
2026-10-01 07:58:52,916 INFO Barcelona / RTB SEGONA B / G3 / 1a Fase / J2: saved C:\git\bcnesa-extract-2\resources\actas-content\2026-2027\RTB SEGONA B\G3\1a Fase\jornada_02.html (5 matches, 0 played, partial)
2026-10-01 07:58:55,145 INFO Barcelona / RTB TERCERA A G1: 1 match day(s) -> C:\git\bcnesa-extract-2\resources\actas-content\2026-2027\RTB TERCERA A\G1\1a Fase
2026-10-01 07:58:57,116 INFO Barcelona / RTB TERCERA A / G1 / 1a Fase / J2: saved C:\git\bcnesa-extract-2\resources\actas-content\2026-2027\RTB TERCERA A\G1\1a Fase\jornada_02.html (5 matches, 0 played, partial)
2026-10-01 07:58:59,375 INFO Barcelona / RTB TERCERA A G2: 1 match day(s) -> C:\git\bcnesa-extract-2\resources\actas-content\2026-2027\RTB TERCERA A\G2\1a Fase
2026-10-01 07:59:01,490 INFO Barcelona / RTB TERCERA A / G2 / 1a Fase / J2: saved C:\git\bcnesa-extract-2\resources\actas-content\2026-2027\RTB TERCERA A\G2\1a Fase\jornada_02.html (5 matches, 0 played, partial)
2026-10-01 07:59:04,167 INFO Barcelona / RTB TERCERA A G3: 1 match day(s) -> C:\git\bcnesa-extract-2\resources\actas-content\2026-2027\RTB TERCERA A\G3\1a Fase
2026-10-01 07:59:06,913 INFO Barcelona / RTB TERCERA A / G3 / 1a Fase / J2: saved C:\git\bcnesa-extract-2\resources\actas-content\2026-2027\RTB TERCERA A\G3\1a Fase\jornada_02.html (5 matches, 0 played, partial)
2026-10-01 07:59:10,047 INFO Barcelona / RTB TERCERA B G1: 1 match day(s) -> C:\git\bcnesa-extract-2\resources\actas-content\2026-2027\RTB TERCERA B\G1\1a Fase
2026-10-01 07:59:12,652 INFO Barcelona / RTB TERCERA B / G1 / 1a Fase / J2: saved C:\git\bcnesa-extract-2\resources\actas-content\2026-2027\RTB TERCERA B\G1\1a Fase\jornada_02.html (4 matches, 0 played, partial)
2026-10-01 07:59:15,539 INFO Barcelona / RTB TERCERA B G2: 1 match day(s) -> C:\git\bcnesa-extract-2\resources\actas-content\2026-2027\RTB TERCERA B\G2\1a Fase
2026-10-01 07:59:18,684 INFO Barcelona / RTB TERCERA B / G2 / 1a Fase / J2: saved C:\git\bcnesa-extract-2\resources\actas-content\2026-2027\RTB TERCERA B\G2\1a Fase\jornada_02.html (5 matches, 0 played, partial)
2026-10-01 07:59:21,979 INFO Barcelona / RTB TERCERA B G3: 1 match day(s) -> C:\git\bcnesa-extract-2\resources\actas-content\2026-2027\RTB TERCERA B\G3\1a Fase
2026-10-01 07:59:30,678 INFO Barcelona / RTB TERCERA B / G3 / 1a Fase / J2: future match day without results, keeping minimal match info from the league page
2026-10-01 07:59:30,690 INFO Barcelona / RTB TERCERA B / G3 / 1a Fase / J2: saved C:\git\bcnesa-extract-2\resources\actas-content\2026-2027\RTB TERCERA B\G3\1a Fase\jornada_02.html (5 matches, 0 played, partial)
2026-10-01 07:59:32,520 WARNING Attempt 1/4 failed for https://fctt.cat/lligues/rtb-1a-com/ (page without the expected content (the site returned an empty page)); retrying in 3.4s
2026-10-01 07:59:38,536 WARNING Attempt 2/4 failed for https://fctt.cat/lligues/rtb-1a-com/ (page without the expected content (the site returned an empty page)); retrying in 4.1s
2026-10-01 07:59:44,859 INFO Barcelona / RTB 1a COMARCAL G1: 1 match day(s) -> C:\git\bcnesa-extract-2\resources\actas-content\2026-2027\RTB 1a COMARCAL\G1\1a Fase
2026-10-01 07:59:46,939 INFO Barcelona / RTB 1a COMARCAL / G1 / 1a Fase / J2: saved C:\git\bcnesa-extract-2\resources\actas-content\2026-2027\RTB 1a COMARCAL\G1\1a Fase\jornada_02.html (4 matches, 0 played, partial)
2026-10-01 07:59:49,299 INFO Barcelona / RTB 1a COMARCAL G2: 1 match day(s) -> C:\git\bcnesa-extract-2\resources\actas-content\2026-2027\RTB 1a COMARCAL\G2\1a Fase
2026-10-01 07:59:51,386 INFO Barcelona / RTB 1a COMARCAL / G2 / 1a Fase / J2: saved C:\git\bcnesa-extract-2\resources\actas-content\2026-2027\RTB 1a COMARCAL\G2\1a Fase\jornada_02.html (4 matches, 0 played, partial)
2026-10-01 07:59:53,621 INFO Barcelona / RTB 1a COMARCAL G3: 1 match day(s) -> C:\git\bcnesa-extract-2\resources\actas-content\2026-2027\RTB 1a COMARCAL\G3\1a Fase
2026-10-01 07:59:55,869 INFO Barcelona / RTB 1a COMARCAL / G3 / 1a Fase / J2: saved C:\git\bcnesa-extract-2\resources\actas-content\2026-2027\RTB 1a COMARCAL\G3\1a Fase\jornada_02.html (4 matches, 0 played, partial)
2026-10-01 07:59:58,034 INFO Barcelona / RTB 2a COMARCAL G1: 1 match day(s) -> C:\git\bcnesa-extract-2\resources\actas-content\2026-2027\RTB 2a COMARCAL\G1\1a Fase
2026-10-01 08:00:00,302 INFO Barcelona / RTB 2a COMARCAL / G1 / 1a Fase / J2: saved C:\git\bcnesa-extract-2\resources\actas-content\2026-2027\RTB 2a COMARCAL\G1\1a Fase\jornada_02.html (3 matches, 0 played, partial)
2026-10-01 08:00:02,941 INFO Barcelona / RTB 2a COMARCAL G2: 1 match day(s) -> C:\git\bcnesa-extract-2\resources\actas-content\2026-2027\RTB 2a COMARCAL\G2\1a Fase
2026-10-01 08:00:05,578 INFO Barcelona / RTB 2a COMARCAL / G2 / 1a Fase / J2: saved C:\git\bcnesa-extract-2\resources\actas-content\2026-2027\RTB 2a COMARCAL\G2\1a Fase\jornada_02.html (3 matches, 0 played, partial)
2026-10-01 08:00:07,987 INFO Barcelona / RTB VETERANS 1a G1: 1 match day(s) -> C:\git\bcnesa-extract-2\resources\actas-content\2026-2027\RTB VETERANS 1a\G1\1a Fase
2026-10-01 08:00:10,285 INFO Barcelona / RTB VETERANS 1a / G1 / 1a Fase / J2: saved C:\git\bcnesa-extract-2\resources\actas-content\2026-2027\RTB VETERANS 1a\G1\1a Fase\jornada_02.html (4 matches, 0 played, partial)
2026-10-01 08:00:13,625 INFO Barcelona / RTB VETERANS 1a G2: 1 match day(s) -> C:\git\bcnesa-extract-2\resources\actas-content\2026-2027\RTB VETERANS 1a\G2\1a Fase
2026-10-01 08:00:17,127 INFO Barcelona / RTB VETERANS 1a / G2 / 1a Fase / J2: saved C:\git\bcnesa-extract-2\resources\actas-content\2026-2027\RTB VETERANS 1a\G2\1a Fase\jornada_02.html (4 matches, 0 played, partial)
2026-10-01 08:00:19,567 INFO Barcelona / RTB VETERANS 2aA G1: 1 match day(s) -> C:\git\bcnesa-extract-2\resources\actas-content\2026-2027\RTB VETERANS 2aA\G1\1a Fase
2026-10-01 08:00:23,010 INFO Barcelona / RTB VETERANS 2aA / G1 / 1a Fase / J2: saved C:\git\bcnesa-extract-2\resources\actas-content\2026-2027\RTB VETERANS 2aA\G1\1a Fase\jornada_02.html (4 matches, 0 played, partial)
2026-10-01 08:00:28,802 INFO Barcelona / RTB VETERANS 2aA G2: 1 match day(s) -> C:\git\bcnesa-extract-2\resources\actas-content\2026-2027\RTB VETERANS 2aA\G2\1a Fase
2026-10-01 08:00:33,260 INFO Barcelona / RTB VETERANS 2aA / G2 / 1a Fase / J2: future match day without results, keeping minimal match info from the league page
2026-10-01 08:00:33,266 INFO Barcelona / RTB VETERANS 2aA / G2 / 1a Fase / J2: saved C:\git\bcnesa-extract-2\resources\actas-content\2026-2027\RTB VETERANS 2aA\G2\1a Fase\jornada_02.html (4 matches, 0 played, partial)
2026-10-01 08:00:41,341 WARNING Attempt 1/4 failed for https://fctt.cat/lligues/rtb-vet-2ab/ (page without the expected content (the site returned an empty page)); retrying in 2.8s
2026-10-01 08:00:55,623 INFO Barcelona / RTB VETERANS 2aB G1: 1 match day(s) -> C:\git\bcnesa-extract-2\resources\actas-content\2026-2027\RTB VETERANS 2aB\G1\1a Fase
2026-10-01 08:01:00,072 INFO Barcelona / RTB VETERANS 2aB / G1 / 1a Fase / J2: saved C:\git\bcnesa-extract-2\resources\actas-content\2026-2027\RTB VETERANS 2aB\G1\1a Fase\jornada_02.html (4 matches, 0 played, partial)
2026-10-01 08:01:05,152 WARNING Attempt 1/4 failed for https://fctt.cat/lligues/rtb-vet-2ab-2/ (page without the expected content (the site returned an empty page)); retrying in 3.6s
2026-10-01 08:01:19,160 WARNING Attempt 2/4 failed for https://fctt.cat/lligues/rtb-vet-2ab-2/ (page without the expected content (the site returned an empty page)); retrying in 4.0s
2026-10-01 08:01:31,252 WARNING Attempt 3/4 failed for https://fctt.cat/lligues/rtb-vet-2ab-2/ (page without the expected content (the site returned an empty page)); retrying in 8.8s
2026-10-01 08:01:54,596 INFO Barcelona / RTB VETERANS 2aB G2: 1 match day(s) -> C:\git\bcnesa-extract-2\resources\actas-content\2026-2027\RTB VETERANS 2aB\G2\1a Fase
2026-10-01 08:01:59,874 INFO Barcelona / RTB VETERANS 2aB / G2 / 1a Fase / J2: saved C:\git\bcnesa-extract-2\resources\actas-content\2026-2027\RTB VETERANS 2aB\G2\1a Fase\jornada_02.html (4 matches, 0 played, partial)
2026-10-01 08:02:08,295 INFO Barcelona / RTB VETERANS 3a A G1: 1 match day(s) -> C:\git\bcnesa-extract-2\resources\actas-content\2026-2027\RTB VETERANS 3a A\G1\1a Fase
2026-10-01 08:02:19,972 INFO Barcelona / RTB VETERANS 3a A / G1 / 1a Fase / J2: future match day without results, keeping minimal match info from the league page
2026-10-01 08:02:20,064 INFO Barcelona / RTB VETERANS 3a A / G1 / 1a Fase / J2: saved C:\git\bcnesa-extract-2\resources\actas-content\2026-2027\RTB VETERANS 3a A\G1\1a Fase\jornada_02.html (4 matches, 0 played, partial)
2026-10-01 08:02:25,176 WARNING Attempt 1/4 failed for https://fctt.cat/lligues/rtb-vet-3aa-2/ (page without the expected content (the site returned an empty page)); retrying in 2.1s
2026-10-01 08:02:33,562 WARNING Attempt 2/4 failed for https://fctt.cat/lligues/rtb-vet-3aa-2/ (page without the expected content (the site returned an empty page)); retrying in 4.9s
2026-10-01 08:02:47,738 WARNING Attempt 3/4 failed for https://fctt.cat/lligues/rtb-vet-3aa-2/ (page without the expected content (the site returned an empty page)); retrying in 9.9s
2026-10-01 08:03:06,643 INFO Barcelona / RTB VETERANS 3a A G2: 1 match day(s) -> C:\git\bcnesa-extract-2\resources\actas-content\2026-2027\RTB VETERANS 3a A\G2\1a Fase
2026-10-01 08:03:15,155 INFO Barcelona / RTB VETERANS 3a A / G2 / 1a Fase / J2: saved C:\git\bcnesa-extract-2\resources\actas-content\2026-2027\RTB VETERANS 3a A\G2\1a Fase\jornada_02.html (4 matches, 0 played, partial)
2026-10-01 08:03:21,285 WARNING Attempt 1/4 failed for https://fctt.cat/lligues/rtb-vet-3ab-2/ (page without the expected content (the site returned an empty page)); retrying in 3.2s
2026-10-01 08:03:34,014 WARNING Attempt 2/4 failed for https://fctt.cat/lligues/rtb-vet-3ab-2/ (page without the expected content (the site returned an empty page)); retrying in 4.8s
2026-10-01 08:03:45,556 WARNING Attempt 3/4 failed for https://fctt.cat/lligues/rtb-vet-3ab-2/ (page without the expected content (the site returned an empty page)); retrying in 9.8s
2026-10-01 08:04:07,537 INFO Barcelona / RTB VETERANS 3a B G1: 1 match day(s) -> C:\git\bcnesa-extract-2\resources\actas-content\2026-2027\RTB VETERANS 3a B\G1\1a Fase
2026-10-01 08:04:17,532 INFO Barcelona / RTB VETERANS 3a B / G1 / 1a Fase / J2: saved C:\git\bcnesa-extract-2\resources\actas-content\2026-2027\RTB VETERANS 3a B\G1\1a Fase\jornada_02.html (4 matches, 0 played, partial)
2026-10-01 08:04:21,277 INFO Barcelona / RTB VETERANS 3a B G2: 1 match day(s) -> C:\git\bcnesa-extract-2\resources\actas-content\2026-2027\RTB VETERANS 3a B\G2\1a Fase
2026-10-01 08:04:22,943 INFO Barcelona / RTB VETERANS 3a B / G2 / 1a Fase / J2: future match day without results, keeping minimal match info from the league page
2026-10-01 08:04:22,950 INFO Barcelona / RTB VETERANS 3a B / G2 / 1a Fase / J2: saved C:\git\bcnesa-extract-2\resources\actas-content\2026-2027\RTB VETERANS 3a B\G2\1a Fase\jornada_02.html (4 matches, 0 played, partial)
2026-10-01 08:04:24,598 WARNING Attempt 1/4 failed for https://fctt.cat/lligues/rtb-vet-4aa/ (page without the expected content (the site returned an empty page)); retrying in 3.6s
2026-10-01 08:04:30,508 WARNING Attempt 2/4 failed for https://fctt.cat/lligues/rtb-vet-4aa/ (page without the expected content (the site returned an empty page)); retrying in 4.8s
2026-10-01 08:04:39,192 WARNING Attempt 3/4 failed for https://fctt.cat/lligues/rtb-vet-4aa/ (page without the expected content (the site returned an empty page)); retrying in 9.6s
2026-10-01 08:04:54,237 INFO Barcelona / RTB VETERANS 4a A G1: 1 match day(s) -> C:\git\bcnesa-extract-2\resources\actas-content\2026-2027\RTB VETERANS 4a A\G1\1a Fase
2026-10-01 08:04:57,680 INFO Barcelona / RTB VETERANS 4a A / G1 / 1a Fase / J2: saved C:\git\bcnesa-extract-2\resources\actas-content\2026-2027\RTB VETERANS 4a A\G1\1a Fase\jornada_02.html (4 matches, 0 played, partial)
2026-10-01 08:04:59,917 INFO Barcelona / RTB VETERANS 4a A G2: 1 match day(s) -> C:\git\bcnesa-extract-2\resources\actas-content\2026-2027\RTB VETERANS 4a A\G2\1a Fase
2026-10-01 08:05:02,331 INFO Barcelona / RTB VETERANS 4a A / G2 / 1a Fase / J2: saved C:\git\bcnesa-extract-2\resources\actas-content\2026-2027\RTB VETERANS 4a A\G2\1a Fase\jornada_02.html (4 matches, 0 played, partial)
2026-10-01 08:05:05,962 INFO Barcelona / RTB VETERANS 4a B G1: 1 match day(s) -> C:\git\bcnesa-extract-2\resources\actas-content\2026-2027\RTB VETERANS 4a B\G1\1a Fase
2026-10-01 08:05:09,494 INFO Barcelona / RTB VETERANS 4a B / G1 / 1a Fase / J2: saved C:\git\bcnesa-extract-2\resources\actas-content\2026-2027\RTB VETERANS 4a B\G1\1a Fase\jornada_02.html (4 matches, 0 played, partial)
2026-10-01 08:05:12,198 INFO Barcelona / RTB VETERANS 4a B G2: 1 match day(s) -> C:\git\bcnesa-extract-2\resources\actas-content\2026-2027\RTB VETERANS 4a B\G2\1a Fase
2026-10-01 08:05:17,864 INFO Barcelona / RTB VETERANS 4a B / G2 / 1a Fase / J2: saved C:\git\bcnesa-extract-2\resources\actas-content\2026-2027\RTB VETERANS 4a B\G2\1a Fase\jornada_02.html (4 matches, 0 played, partial)
2026-10-01 08:05:22,224 WARNING Attempt 1/4 failed for https://fctt.cat/lligues/rtb-vet-4ac/ (page without the expected content (the site returned an empty page)); retrying in 3.3s
2026-10-01 08:05:33,812 WARNING Attempt 2/4 failed for https://fctt.cat/lligues/rtb-vet-4ac/ (page without the expected content (the site returned an empty page)); retrying in 4.7s
2026-10-01 08:05:46,994 WARNING Attempt 3/4 failed for https://fctt.cat/lligues/rtb-vet-4ac/ (page without the expected content (the site returned an empty page)); retrying in 8.5s
2026-10-01 08:05:58,666 INFO Barcelona / RTB VETERANS 4a C G1: 1 match day(s) -> C:\git\bcnesa-extract-2\resources\actas-content\2026-2027\RTB VETERANS 4a C\G1\1a Fase
2026-10-01 08:06:06,986 INFO Barcelona / RTB VETERANS 4a C / G1 / 1a Fase / J2: saved C:\git\bcnesa-extract-2\resources\actas-content\2026-2027\RTB VETERANS 4a C\G1\1a Fase\jornada_02.html (4 matches, 0 played, partial)
2026-10-01 08:06:14,980 INFO Barcelona / RTB VETERANS 4a C G2: 1 match day(s) -> C:\git\bcnesa-extract-2\resources\actas-content\2026-2027\RTB VETERANS 4a C\G2\1a Fase
2026-10-01 08:06:20,761 INFO Barcelona / RTB VETERANS 4a C / G2 / 1a Fase / J2: future match day without results, keeping minimal match info from the league page
2026-10-01 08:06:20,769 INFO Barcelona / RTB VETERANS 4a C / G2 / 1a Fase / J2: saved C:\git\bcnesa-extract-2\resources\actas-content\2026-2027\RTB VETERANS 4a C\G2\1a Fase\jornada_02.html (4 matches, 0 played, partial)
2026-10-01 08:06:29,913 WARNING Attempt 1/4 failed for https://fctt.cat/lligues/rtb-vet-4ac-3/ (page without the expected content (the site returned an empty page)); retrying in 3.0s
2026-10-01 08:06:37,109 WARNING Attempt 2/4 failed for https://fctt.cat/lligues/rtb-vet-4ac-3/ (page without the expected content (the site returned an empty page)); retrying in 5.3s
2026-10-01 08:06:50,813 INFO Barcelona / RTB VETERANS 4a C G3: 1 match day(s) -> C:\git\bcnesa-extract-2\resources\actas-content\2026-2027\RTB VETERANS 4a C\G3\1a Fase
2026-10-01 08:06:58,310 INFO Barcelona / RTB VETERANS 4a C / G3 / 1a Fase / J2: saved C:\git\bcnesa-extract-2\resources\actas-content\2026-2027\RTB VETERANS 4a C\G3\1a Fase\jornada_02.html (4 matches, 0 played, partial)
2026-10-01 08:06:58,310 INFO Summary: 40 leagues processed, 8 match days future (no results yet), 40 match days new
2026-10-02 00:17:47,740 INFO Downloading actas content for season 2026-2027 (format=both, skip_pdf=True, force=False)
2026-10-02 00:17:50,902 INFO Found 52 league(s) to process
2026-10-02 00:17:52,987 INFO Barcelona / RTB PREFERENT G1: 18 match day(s) -> C:\git\bcnesa-extract-2\resources\actas-incremental-content\2026-2027\RTB PREFERENT\G1\1a Fase
2026-10-02 00:17:56,799 INFO Barcelona / RTB PREFERENT / G1 / 1a Fase / J1: saved C:\git\bcnesa-extract-2\resources\actas-incremental-content\2026-2027\RTB PREFERENT\G1\1a Fase\jornada_01.html (5 matches, 5 played, complete)
2026-10-02 00:17:56,802 INFO Barcelona / RTB PREFERENT / G1 / 1a Fase / J2: future match day, keeping minimal match info from the league page
2026-10-02 00:17:56,809 INFO Barcelona / RTB PREFERENT / G1 / 1a Fase / J2: saved C:\git\bcnesa-extract-2\resources\actas-incremental-content\2026-2027\RTB PREFERENT\G1\1a Fase\jornada_02.html (5 matches, 0 played, partial)
2026-10-02 00:17:56,811 INFO Barcelona / RTB PREFERENT / G1 / 1a Fase / J3: future match day, keeping minimal match info from the league page
2026-10-02 00:17:56,824 INFO Barcelona / RTB PREFERENT / G1 / 1a Fase / J3: saved C:\git\bcnesa-extract-2\resources\actas-incremental-content\2026-2027\RTB PREFERENT\G1\1a Fase\jornada_03.html (5 matches, 0 played, partial)
2026-10-02 00:17:56,826 INFO Barcelona / RTB PREFERENT / G1 / 1a Fase / J4: future match day, keeping minimal match info from the league page
2026-10-02 00:17:56,832 INFO Barcelona / RTB PREFERENT / G1 / 1a Fase / J4: saved C:\git\bcnesa-extract-2\resources\actas-incremental-content\2026-2027\RTB PREFERENT\G1\1a Fase\jornada_04.html (5 matches, 0 played, partial)
2026-10-02 00:17:56,834 INFO Barcelona / RTB PREFERENT / G1 / 1a Fase / J5: future match day, keeping minimal match info from the league page
2026-10-02 00:17:56,840 INFO Barcelona / RTB PREFERENT / G1 / 1a Fase / J5: saved C:\git\bcnesa-extract-2\resources\actas-incremental-content\2026-2027\RTB PREFERENT\G1\1a Fase\jornada_05.html (5 matches, 0 played, partial)
2026-10-02 00:17:56,842 INFO Barcelona / RTB PREFERENT / G1 / 1a Fase / J6: future match day, keeping minimal match info from the league page
2026-10-02 00:17:56,848 INFO Barcelona / RTB PREFERENT / G1 / 1a Fase / J6: saved C:\git\bcnesa-extract-2\resources\actas-incremental-content\2026-2027\RTB PREFERENT\G1\1a Fase\jornada_06.html (5 matches, 0 played, partial)
2026-10-02 00:17:56,850 INFO Barcelona / RTB PREFERENT / G1 / 1a Fase / J7: future match day, keeping minimal match info from the league page
2026-10-02 00:17:56,855 INFO Barcelona / RTB PREFERENT / G1 / 1a Fase / J7: saved C:\git\bcnesa-extract-2\resources\actas-incremental-content\2026-2027\RTB PREFERENT\G1\1a Fase\jornada_07.html (5 matches, 0 played, partial)
2026-10-02 00:17:56,858 INFO Barcelona / RTB PREFERENT / G1 / 1a Fase / J8: future match day, keeping minimal match info from the league page
2026-10-02 00:17:56,863 INFO Barcelona / RTB PREFERENT / G1 / 1a Fase / J8: saved C:\git\bcnesa-extract-2\resources\actas-incremental-content\2026-2027\RTB PREFERENT\G1\1a Fase\jornada_08.html (5 matches, 0 played, partial)
2026-10-02 00:17:56,866 INFO Barcelona / RTB PREFERENT / G1 / 1a Fase / J9: future match day, keeping minimal match info from the league page
2026-10-02 00:17:56,871 INFO Barcelona / RTB PREFERENT / G1 / 1a Fase / J9: saved C:\git\bcnesa-extract-2\resources\actas-incremental-content\2026-2027\RTB PREFERENT\G1\1a Fase\jornada_09.html (5 matches, 0 played, partial)
2026-10-02 00:17:56,874 INFO Barcelona / RTB PREFERENT / G1 / 1a Fase / J10: future match day, keeping minimal match info from the league page
2026-10-02 00:17:56,879 INFO Barcelona / RTB PREFERENT / G1 / 1a Fase / J10: saved C:\git\bcnesa-extract-2\resources\actas-incremental-content\2026-2027\RTB PREFERENT\G1\1a Fase\jornada_10.html (5 matches, 0 played, partial)
2026-10-02 00:17:56,882 INFO Barcelona / RTB PREFERENT / G1 / 1a Fase / J11: future match day, keeping minimal match info from the league page
2026-10-02 00:17:56,887 INFO Barcelona / RTB PREFERENT / G1 / 1a Fase / J11: saved C:\git\bcnesa-extract-2\resources\actas-incremental-content\2026-2027\RTB PREFERENT\G1\1a Fase\jornada_11.html (5 matches, 0 played, partial)
2026-10-02 00:17:56,890 INFO Barcelona / RTB PREFERENT / G1 / 1a Fase / J12: future match day, keeping minimal match info from the league page
2026-10-02 00:17:56,895 INFO Barcelona / RTB PREFERENT / G1 / 1a Fase / J12: saved C:\git\bcnesa-extract-2\resources\actas-incremental-content\2026-2027\RTB PREFERENT\G1\1a Fase\jornada_12.html (5 matches, 0 played, partial)
2026-10-02 00:17:56,898 INFO Barcelona / RTB PREFERENT / G1 / 1a Fase / J13: future match day, keeping minimal match info from the league page
2026-10-02 00:17:56,903 INFO Barcelona / RTB PREFERENT / G1 / 1a Fase / J13: saved C:\git\bcnesa-extract-2\resources\actas-incremental-content\2026-2027\RTB PREFERENT\G1\1a Fase\jornada_13.html (5 matches, 0 played, partial)
2026-10-02 00:17:56,905 INFO Barcelona / RTB PREFERENT / G1 / 1a Fase / J14: future match day, keeping minimal match info from the league page
2026-10-02 00:17:56,911 INFO Barcelona / RTB PREFERENT / G1 / 1a Fase / J14: saved C:\git\bcnesa-extract-2\resources\actas-incremental-content\2026-2027\RTB PREFERENT\G1\1a Fase\jornada_14.html (5 matches, 0 played, partial)
2026-10-02 00:17:56,914 INFO Barcelona / RTB PREFERENT / G1 / 1a Fase / J15: future match day, keeping minimal match info from the league page
2026-10-02 00:17:56,919 INFO Barcelona / RTB PREFERENT / G1 / 1a Fase / J15: saved C:\git\bcnesa-extract-2\resources\actas-incremental-content\2026-2027\RTB PREFERENT\G1\1a Fase\jornada_15.html (5 matches, 0 played, partial)
2026-10-02 00:17:56,922 INFO Barcelona / RTB PREFERENT / G1 / 1a Fase / J16: future match day, keeping minimal match info from the league page
2026-10-02 00:17:56,927 INFO Barcelona / RTB PREFERENT / G1 / 1a Fase / J16: saved C:\git\bcnesa-extract-2\resources\actas-incremental-content\2026-2027\RTB PREFERENT\G1\1a Fase\jornada_16.html (5 matches, 0 played, partial)
2026-10-02 00:17:56,930 INFO Barcelona / RTB PREFERENT / G1 / 1a Fase / J17: future match day, keeping minimal match info from the league page
2026-10-02 00:17:56,935 INFO Barcelona / RTB PREFERENT / G1 / 1a Fase / J17: saved C:\git\bcnesa-extract-2\resources\actas-incremental-content\2026-2027\RTB PREFERENT\G1\1a Fase\jornada_17.html (5 matches, 0 played, partial)
2026-10-02 00:17:56,938 INFO Barcelona / RTB PREFERENT / G1 / 1a Fase / J18: future match day, keeping minimal match info from the league page
2026-10-02 00:17:56,943 INFO Barcelona / RTB PREFERENT / G1 / 1a Fase / J18: saved C:\git\bcnesa-extract-2\resources\actas-incremental-content\2026-2027\RTB PREFERENT\G1\1a Fase\jornada_18.html (5 matches, 0 played, partial)
2026-10-02 00:17:58,970 INFO Barcelona / RTB PREFERENT G2: 18 match day(s) -> C:\git\bcnesa-extract-2\resources\actas-incremental-content\2026-2027\RTB PREFERENT\G2\1a Fase
2026-10-02 00:18:02,886 INFO Barcelona / RTB PREFERENT / G2 / 1a Fase / J1: saved C:\git\bcnesa-extract-2\resources\actas-incremental-content\2026-2027\RTB PREFERENT\G2\1a Fase\jornada_01.html (5 matches, 5 played, complete)
2026-10-02 00:18:02,888 INFO Barcelona / RTB PREFERENT / G2 / 1a Fase / J2: future match day, keeping minimal match info from the league page
2026-10-02 00:18:02,894 INFO Barcelona / RTB PREFERENT / G2 / 1a Fase / J2: saved C:\git\bcnesa-extract-2\resources\actas-incremental-content\2026-2027\RTB PREFERENT\G2\1a Fase\jornada_02.html (5 matches, 0 played, partial)
2026-10-02 00:18:02,896 INFO Barcelona / RTB PREFERENT / G2 / 1a Fase / J3: future match day, keeping minimal match info from the league page
2026-10-02 00:18:02,902 INFO Barcelona / RTB PREFERENT / G2 / 1a Fase / J3: saved C:\git\bcnesa-extract-2\resources\actas-incremental-content\2026-2027\RTB PREFERENT\G2\1a Fase\jornada_03.html (5 matches, 0 played, partial)
2026-10-02 00:18:02,904 INFO Barcelona / RTB PREFERENT / G2 / 1a Fase / J4: future match day, keeping minimal match info from the league page
2026-10-02 00:18:02,911 INFO Barcelona / RTB PREFERENT / G2 / 1a Fase / J4: saved C:\git\bcnesa-extract-2\resources\actas-incremental-content\2026-2027\RTB PREFERENT\G2\1a Fase\jornada_04.html (5 matches, 0 played, partial)
2026-10-02 00:18:02,913 INFO Barcelona / RTB PREFERENT / G2 / 1a Fase / J5: future match day, keeping minimal match info from the league page
2026-10-02 00:18:02,919 INFO Barcelona / RTB PREFERENT / G2 / 1a Fase / J5: saved C:\git\bcnesa-extract-2\resources\actas-incremental-content\2026-2027\RTB PREFERENT\G2\1a Fase\jornada_05.html (5 matches, 0 played, partial)
2026-10-02 00:18:02,922 INFO Barcelona / RTB PREFERENT / G2 / 1a Fase / J6: future match day, keeping minimal match info from the league page
2026-10-02 00:18:02,928 INFO Barcelona / RTB PREFERENT / G2 / 1a Fase / J6: saved C:\git\bcnesa-extract-2\resources\actas-incremental-content\2026-2027\RTB PREFERENT\G2\1a Fase\jornada_06.html (5 matches, 0 played, partial)
2026-10-02 00:18:02,930 INFO Barcelona / RTB PREFERENT / G2 / 1a Fase / J7: future match day, keeping minimal match info from the league page
2026-10-02 00:18:02,936 INFO Barcelona / RTB PREFERENT / G2 / 1a Fase / J7: saved C:\git\bcnesa-extract-2\resources\actas-incremental-content\2026-2027\RTB PREFERENT\G2\1a Fase\jornada_07.html (5 matches, 0 played, partial)
2026-10-02 00:18:02,939 INFO Barcelona / RTB PREFERENT / G2 / 1a Fase / J8: future match day, keeping minimal match info from the league page
2026-10-02 00:18:02,945 INFO Barcelona / RTB PREFERENT / G2 / 1a Fase / J8: saved C:\git\bcnesa-extract-2\resources\actas-incremental-content\2026-2027\RTB PREFERENT\G2\1a Fase\jornada_08.html (5 matches, 0 played, partial)
2026-10-02 00:18:02,947 INFO Barcelona / RTB PREFERENT / G2 / 1a Fase / J9: future match day, keeping minimal match info from the league page
2026-10-02 00:18:02,952 INFO Barcelona / RTB PREFERENT / G2 / 1a Fase / J9: saved C:\git\bcnesa-extract-2\resources\actas-incremental-content\2026-2027\RTB PREFERENT\G2\1a Fase\jornada_09.html (5 matches, 0 played, partial)
2026-10-02 00:18:02,955 INFO Barcelona / RTB PREFERENT / G2 / 1a Fase / J10: future match day, keeping minimal match info from the league page
2026-10-02 00:18:02,961 INFO Barcelona / RTB PREFERENT / G2 / 1a Fase / J10: saved C:\git\bcnesa-extract-2\resources\actas-incremental-content\2026-2027\RTB PREFERENT\G2\1a Fase\jornada_10.html (5 matches, 0 played, partial)
2026-10-02 00:18:02,963 INFO Barcelona / RTB PREFERENT / G2 / 1a Fase / J11: future match day, keeping minimal match info from the league page
2026-10-02 00:18:02,968 INFO Barcelona / RTB PREFERENT / G2 / 1a Fase / J11: saved C:\git\bcnesa-extract-2\resources\actas-incremental-content\2026-2027\RTB PREFERENT\G2\1a Fase\jornada_11.html (5 matches, 0 played, partial)
2026-10-02 00:18:02,972 INFO Barcelona / RTB PREFERENT / G2 / 1a Fase / J12: future match day, keeping minimal match info from the league page
2026-10-02 00:18:02,977 INFO Barcelona / RTB PREFERENT / G2 / 1a Fase / J12: saved C:\git\bcnesa-extract-2\resources\actas-incremental-content\2026-2027\RTB PREFERENT\G2\1a Fase\jornada_12.html (5 matches, 0 played, partial)
2026-10-02 00:18:02,980 INFO Barcelona / RTB PREFERENT / G2 / 1a Fase / J13: future match day, keeping minimal match info from the league page
2026-10-02 00:18:02,985 INFO Barcelona / RTB PREFERENT / G2 / 1a Fase / J13: saved C:\git\bcnesa-extract-2\resources\actas-incremental-content\2026-2027\RTB PREFERENT\G2\1a Fase\jornada_13.html (5 matches, 0 played, partial)
2026-10-02 00:18:02,988 INFO Barcelona / RTB PREFERENT / G2 / 1a Fase / J14: future match day, keeping minimal match info from the league page
2026-10-02 00:18:02,993 INFO Barcelona / RTB PREFERENT / G2 / 1a Fase / J14: saved C:\git\bcnesa-extract-2\resources\actas-incremental-content\2026-2027\RTB PREFERENT\G2\1a Fase\jornada_14.html (5 matches, 0 played, partial)
2026-10-02 00:18:02,996 INFO Barcelona / RTB PREFERENT / G2 / 1a Fase / J15: future match day, keeping minimal match info from the league page
2026-10-02 00:18:03,001 INFO Barcelona / RTB PREFERENT / G2 / 1a Fase / J15: saved C:\git\bcnesa-extract-2\resources\actas-incremental-content\2026-2027\RTB PREFERENT\G2\1a Fase\jornada_15.html (5 matches, 0 played, partial)
2026-10-02 00:18:03,004 INFO Barcelona / RTB PREFERENT / G2 / 1a Fase / J16: future match day, keeping minimal match info from the league page
2026-10-02 00:18:03,010 INFO Barcelona / RTB PREFERENT / G2 / 1a Fase / J16: saved C:\git\bcnesa-extract-2\resources\actas-incremental-content\2026-2027\RTB PREFERENT\G2\1a Fase\jornada_16.html (5 matches, 0 played, partial)
2026-10-02 00:18:03,012 INFO Barcelona / RTB PREFERENT / G2 / 1a Fase / J17: future match day, keeping minimal match info from the league page
2026-10-02 00:18:03,018 INFO Barcelona / RTB PREFERENT / G2 / 1a Fase / J17: saved C:\git\bcnesa-extract-2\resources\actas-incremental-content\2026-2027\RTB PREFERENT\G2\1a Fase\jornada_17.html (5 matches, 0 played, partial)
2026-10-02 00:18:03,020 INFO Barcelona / RTB PREFERENT / G2 / 1a Fase / J18: future match day, keeping minimal match info from the league page
2026-10-02 00:18:03,026 INFO Barcelona / RTB PREFERENT / G2 / 1a Fase / J18: saved C:\git\bcnesa-extract-2\resources\actas-incremental-content\2026-2027\RTB PREFERENT\G2\1a Fase\jornada_18.html (5 matches, 0 played, partial)
2026-10-02 00:18:05,192 INFO Barcelona / RTB PREFERENT G3: 18 match day(s) -> C:\git\bcnesa-extract-2\resources\actas-incremental-content\2026-2027\RTB PREFERENT\G3\1a Fase
2026-10-02 00:18:09,615 INFO Barcelona / RTB PREFERENT / G3 / 1a Fase / J1: saved C:\git\bcnesa-extract-2\resources\actas-incremental-content\2026-2027\RTB PREFERENT\G3\1a Fase\jornada_01.html (5 matches, 5 played, complete)
2026-10-02 00:18:09,625 INFO Barcelona / RTB PREFERENT / G3 / 1a Fase / J2: future match day, keeping minimal match info from the league page
2026-10-02 00:18:09,649 INFO Barcelona / RTB PREFERENT / G3 / 1a Fase / J2: saved C:\git\bcnesa-extract-2\resources\actas-incremental-content\2026-2027\RTB PREFERENT\G3\1a Fase\jornada_02.html (5 matches, 0 played, partial)
2026-10-02 00:18:09,656 INFO Barcelona / RTB PREFERENT / G3 / 1a Fase / J3: future match day, keeping minimal match info from the league page
2026-10-02 00:18:09,670 INFO Barcelona / RTB PREFERENT / G3 / 1a Fase / J3: saved C:\git\bcnesa-extract-2\resources\actas-incremental-content\2026-2027\RTB PREFERENT\G3\1a Fase\jornada_03.html (5 matches, 0 played, partial)
2026-10-02 00:18:09,675 INFO Barcelona / RTB PREFERENT / G3 / 1a Fase / J4: future match day, keeping minimal match info from the league page
2026-10-02 00:18:09,710 INFO Barcelona / RTB PREFERENT / G3 / 1a Fase / J4: saved C:\git\bcnesa-extract-2\resources\actas-incremental-content\2026-2027\RTB PREFERENT\G3\1a Fase\jornada_04.html (5 matches, 0 played, partial)
2026-10-02 00:18:09,715 INFO Barcelona / RTB PREFERENT / G3 / 1a Fase / J5: future match day, keeping minimal match info from the league page
2026-10-02 00:18:10,060 INFO Barcelona / RTB PREFERENT / G3 / 1a Fase / J5: saved C:\git\bcnesa-extract-2\resources\actas-incremental-content\2026-2027\RTB PREFERENT\G3\1a Fase\jornada_05.html (5 matches, 0 played, partial)
2026-10-02 00:18:10,138 INFO Barcelona / RTB PREFERENT / G3 / 1a Fase / J6: future match day, keeping minimal match info from the league page
2026-10-02 00:18:10,181 INFO Barcelona / RTB PREFERENT / G3 / 1a Fase / J6: saved C:\git\bcnesa-extract-2\resources\actas-incremental-content\2026-2027\RTB PREFERENT\G3\1a Fase\jornada_06.html (5 matches, 0 played, partial)
2026-10-02 00:18:10,186 INFO Barcelona / RTB PREFERENT / G3 / 1a Fase / J7: future match day, keeping minimal match info from the league page
2026-10-02 00:18:10,288 INFO Barcelona / RTB PREFERENT / G3 / 1a Fase / J7: saved C:\git\bcnesa-extract-2\resources\actas-incremental-content\2026-2027\RTB PREFERENT\G3\1a Fase\jornada_07.html (5 matches, 0 played, partial)
2026-10-02 00:18:10,293 INFO Barcelona / RTB PREFERENT / G3 / 1a Fase / J8: future match day, keeping minimal match info from the league page
2026-10-02 00:18:10,620 INFO Barcelona / RTB PREFERENT / G3 / 1a Fase / J8: saved C:\git\bcnesa-extract-2\resources\actas-incremental-content\2026-2027\RTB PREFERENT\G3\1a Fase\jornada_08.html (5 matches, 0 played, partial)
2026-10-02 00:18:10,650 INFO Barcelona / RTB PREFERENT / G3 / 1a Fase / J9: future match day, keeping minimal match info from the league page
2026-10-02 00:18:10,705 INFO Barcelona / RTB PREFERENT / G3 / 1a Fase / J9: saved C:\git\bcnesa-extract-2\resources\actas-incremental-content\2026-2027\RTB PREFERENT\G3\1a Fase\jornada_09.html (5 matches, 0 played, partial)
2026-10-02 00:18:10,718 INFO Barcelona / RTB PREFERENT / G3 / 1a Fase / J10: future match day, keeping minimal match info from the league page
2026-10-02 00:18:10,750 INFO Barcelona / RTB PREFERENT / G3 / 1a Fase / J10: saved C:\git\bcnesa-extract-2\resources\actas-incremental-content\2026-2027\RTB PREFERENT\G3\1a Fase\jornada_10.html (5 matches, 0 played, partial)
2026-10-02 00:18:10,755 INFO Barcelona / RTB PREFERENT / G3 / 1a Fase / J11: future match day, keeping minimal match info from the league page
2026-10-02 00:18:10,768 INFO Barcelona / RTB PREFERENT / G3 / 1a Fase / J11: saved C:\git\bcnesa-extract-2\resources\actas-incremental-content\2026-2027\RTB PREFERENT\G3\1a Fase\jornada_11.html (5 matches, 0 played, partial)
2026-10-02 00:18:10,772 INFO Barcelona / RTB PREFERENT / G3 / 1a Fase / J12: future match day, keeping minimal match info from the league page
2026-10-02 00:18:11,261 INFO Barcelona / RTB PREFERENT / G3 / 1a Fase / J12: saved C:\git\bcnesa-extract-2\resources\actas-incremental-content\2026-2027\RTB PREFERENT\G3\1a Fase\jornada_12.html (5 matches, 0 played, partial)
2026-10-02 00:18:11,387 INFO Barcelona / RTB PREFERENT / G3 / 1a Fase / J13: future match day, keeping minimal match info from the league page
2026-10-02 00:18:11,438 INFO Barcelona / RTB PREFERENT / G3 / 1a Fase / J13: saved C:\git\bcnesa-extract-2\resources\actas-incremental-content\2026-2027\RTB PREFERENT\G3\1a Fase\jornada_13.html (5 matches, 0 played, partial)
2026-10-02 00:18:11,443 INFO Barcelona / RTB PREFERENT / G3 / 1a Fase / J14: future match day, keeping minimal match info from the league page
2026-10-02 00:18:11,567 INFO Barcelona / RTB PREFERENT / G3 / 1a Fase / J14: saved C:\git\bcnesa-extract-2\resources\actas-incremental-content\2026-2027\RTB PREFERENT\G3\1a Fase\jornada_14.html (5 matches, 0 played, partial)
2026-10-02 00:18:11,595 INFO Barcelona / RTB PREFERENT / G3 / 1a Fase / J15: future match day, keeping minimal match info from the league page
2026-10-02 00:18:11,762 INFO Barcelona / RTB PREFERENT / G3 / 1a Fase / J15: saved C:\git\bcnesa-extract-2\resources\actas-incremental-content\2026-2027\RTB PREFERENT\G3\1a Fase\jornada_15.html (5 matches, 0 played, partial)
2026-10-02 00:18:11,769 INFO Barcelona / RTB PREFERENT / G3 / 1a Fase / J16: future match day, keeping minimal match info from the league page
2026-10-02 00:18:11,966 INFO Barcelona / RTB PREFERENT / G3 / 1a Fase / J16: saved C:\git\bcnesa-extract-2\resources\actas-incremental-content\2026-2027\RTB PREFERENT\G3\1a Fase\jornada_16.html (5 matches, 0 played, partial)
2026-10-02 00:18:11,993 INFO Barcelona / RTB PREFERENT / G3 / 1a Fase / J17: future match day, keeping minimal match info from the league page
2026-10-02 00:18:12,007 INFO Barcelona / RTB PREFERENT / G3 / 1a Fase / J17: saved C:\git\bcnesa-extract-2\resources\actas-incremental-content\2026-2027\RTB PREFERENT\G3\1a Fase\jornada_17.html (5 matches, 0 played, partial)
2026-10-02 00:18:12,013 INFO Barcelona / RTB PREFERENT / G3 / 1a Fase / J18: future match day, keeping minimal match info from the league page
2026-10-02 00:18:12,038 INFO Barcelona / RTB PREFERENT / G3 / 1a Fase / J18: saved C:\git\bcnesa-extract-2\resources\actas-incremental-content\2026-2027\RTB PREFERENT\G3\1a Fase\jornada_18.html (5 matches, 0 played, partial)
2026-10-02 00:18:14,170 INFO Barcelona / RTB PRIMERA G1: 18 match day(s) -> C:\git\bcnesa-extract-2\resources\actas-incremental-content\2026-2027\RTB PRIMERA\G1\1a Fase
2026-10-02 00:18:18,053 INFO Barcelona / RTB PRIMERA / G1 / 1a Fase / J1: saved C:\git\bcnesa-extract-2\resources\actas-incremental-content\2026-2027\RTB PRIMERA\G1\1a Fase\jornada_01.html (5 matches, 5 played, complete)
2026-10-02 00:18:18,057 INFO Barcelona / RTB PRIMERA / G1 / 1a Fase / J2: future match day, keeping minimal match info from the league page
2026-10-02 00:18:18,065 INFO Barcelona / RTB PRIMERA / G1 / 1a Fase / J2: saved C:\git\bcnesa-extract-2\resources\actas-incremental-content\2026-2027\RTB PRIMERA\G1\1a Fase\jornada_02.html (5 matches, 0 played, partial)
2026-10-02 00:18:18,067 INFO Barcelona / RTB PRIMERA / G1 / 1a Fase / J3: future match day, keeping minimal match info from the league page
2026-10-02 00:18:18,074 INFO Barcelona / RTB PRIMERA / G1 / 1a Fase / J3: saved C:\git\bcnesa-extract-2\resources\actas-incremental-content\2026-2027\RTB PRIMERA\G1\1a Fase\jornada_03.html (5 matches, 0 played, partial)
2026-10-02 00:18:18,077 INFO Barcelona / RTB PRIMERA / G1 / 1a Fase / J4: future match day, keeping minimal match info from the league page
2026-10-02 00:18:18,086 INFO Barcelona / RTB PRIMERA / G1 / 1a Fase / J4: saved C:\git\bcnesa-extract-2\resources\actas-incremental-content\2026-2027\RTB PRIMERA\G1\1a Fase\jornada_04.html (5 matches, 0 played, partial)
2026-10-02 00:18:18,089 INFO Barcelona / RTB PRIMERA / G1 / 1a Fase / J5: future match day, keeping minimal match info from the league page
2026-10-02 00:18:18,096 INFO Barcelona / RTB PRIMERA / G1 / 1a Fase / J5: saved C:\git\bcnesa-extract-2\resources\actas-incremental-content\2026-2027\RTB PRIMERA\G1\1a Fase\jornada_05.html (5 matches, 0 played, partial)
2026-10-02 00:18:18,101 INFO Barcelona / RTB PRIMERA / G1 / 1a Fase / J6: future match day, keeping minimal match info from the league page
2026-10-02 00:18:18,107 INFO Barcelona / RTB PRIMERA / G1 / 1a Fase / J6: saved C:\git\bcnesa-extract-2\resources\actas-incremental-content\2026-2027\RTB PRIMERA\G1\1a Fase\jornada_06.html (5 matches, 0 played, partial)
2026-10-02 00:18:18,110 INFO Barcelona / RTB PRIMERA / G1 / 1a Fase / J7: future match day, keeping minimal match info from the league page
2026-10-02 00:18:18,117 INFO Barcelona / RTB PRIMERA / G1 / 1a Fase / J7: saved C:\git\bcnesa-extract-2\resources\actas-incremental-content\2026-2027\RTB PRIMERA\G1\1a Fase\jornada_07.html (5 matches, 0 played, partial)
2026-10-02 00:18:18,119 INFO Barcelona / RTB PRIMERA / G1 / 1a Fase / J8: future match day, keeping minimal match info from the league page
2026-10-02 00:18:18,126 INFO Barcelona / RTB PRIMERA / G1 / 1a Fase / J8: saved C:\git\bcnesa-extract-2\resources\actas-incremental-content\2026-2027\RTB PRIMERA\G1\1a Fase\jornada_08.html (5 matches, 0 played, partial)
2026-10-02 00:18:18,131 INFO Barcelona / RTB PRIMERA / G1 / 1a Fase / J9: future match day, keeping minimal match info from the league page
2026-10-02 00:18:18,138 INFO Barcelona / RTB PRIMERA / G1 / 1a Fase / J9: saved C:\git\bcnesa-extract-2\resources\actas-incremental-content\2026-2027\RTB PRIMERA\G1\1a Fase\jornada_09.html (5 matches, 0 played, partial)
2026-10-02 00:18:18,141 INFO Barcelona / RTB PRIMERA / G1 / 1a Fase / J10: future match day, keeping minimal match info from the league page
2026-10-02 00:18:18,148 INFO Barcelona / RTB PRIMERA / G1 / 1a Fase / J10: saved C:\git\bcnesa-extract-2\resources\actas-incremental-content\2026-2027\RTB PRIMERA\G1\1a Fase\jornada_10.html (5 matches, 0 played, partial)
2026-10-02 00:18:18,152 INFO Barcelona / RTB PRIMERA / G1 / 1a Fase / J11: future match day, keeping minimal match info from the league page
2026-10-02 00:18:18,161 INFO Barcelona / RTB PRIMERA / G1 / 1a Fase / J11: saved C:\git\bcnesa-extract-2\resources\actas-incremental-content\2026-2027\RTB PRIMERA\G1\1a Fase\jornada_11.html (5 matches, 0 played, partial)
2026-10-02 00:18:18,164 INFO Barcelona / RTB PRIMERA / G1 / 1a Fase / J12: future match day, keeping minimal match info from the league page
2026-10-02 00:18:18,170 INFO Barcelona / RTB PRIMERA / G1 / 1a Fase / J12: saved C:\git\bcnesa-extract-2\resources\actas-incremental-content\2026-2027\RTB PRIMERA\G1\1a Fase\jornada_12.html (5 matches, 0 played, partial)
2026-10-02 00:18:18,173 INFO Barcelona / RTB PRIMERA / G1 / 1a Fase / J13: future match day, keeping minimal match info from the league page
2026-10-02 00:18:18,180 INFO Barcelona / RTB PRIMERA / G1 / 1a Fase / J13: saved C:\git\bcnesa-extract-2\resources\actas-incremental-content\2026-2027\RTB PRIMERA\G1\1a Fase\jornada_13.html (5 matches, 0 played, partial)
2026-10-02 00:18:18,185 INFO Barcelona / RTB PRIMERA / G1 / 1a Fase / J14: future match day, keeping minimal match info from the league page
2026-10-02 00:18:18,192 INFO Barcelona / RTB PRIMERA / G1 / 1a Fase / J14: saved C:\git\bcnesa-extract-2\resources\actas-incremental-content\2026-2027\RTB PRIMERA\G1\1a Fase\jornada_14.html (5 matches, 0 played, partial)
2026-10-02 00:18:18,196 INFO Barcelona / RTB PRIMERA / G1 / 1a Fase / J15: future match day, keeping minimal match info from the league page
2026-10-02 00:18:18,204 INFO Barcelona / RTB PRIMERA / G1 / 1a Fase / J15: saved C:\git\bcnesa-extract-2\resources\actas-incremental-content\2026-2027\RTB PRIMERA\G1\1a Fase\jornada_15.html (5 matches, 0 played, partial)
2026-10-02 00:18:18,208 INFO Barcelona / RTB PRIMERA / G1 / 1a Fase / J16: future match day, keeping minimal match info from the league page
2026-10-02 00:18:18,216 INFO Barcelona / RTB PRIMERA / G1 / 1a Fase / J16: saved C:\git\bcnesa-extract-2\resources\actas-incremental-content\2026-2027\RTB PRIMERA\G1\1a Fase\jornada_16.html (5 matches, 0 played, partial)
2026-10-02 00:18:18,219 INFO Barcelona / RTB PRIMERA / G1 / 1a Fase / J17: future match day, keeping minimal match info from the league page
2026-10-02 00:18:18,228 INFO Barcelona / RTB PRIMERA / G1 / 1a Fase / J17: saved C:\git\bcnesa-extract-2\resources\actas-incremental-content\2026-2027\RTB PRIMERA\G1\1a Fase\jornada_17.html (5 matches, 0 played, partial)
2026-10-02 00:18:18,230 INFO Barcelona / RTB PRIMERA / G1 / 1a Fase / J18: future match day, keeping minimal match info from the league page
2026-10-02 00:18:18,237 INFO Barcelona / RTB PRIMERA / G1 / 1a Fase / J18: saved C:\git\bcnesa-extract-2\resources\actas-incremental-content\2026-2027\RTB PRIMERA\G1\1a Fase\jornada_18.html (5 matches, 0 played, partial)
2026-10-02 00:18:19,771 WARNING Attempt 1/4 failed for https://fctt.cat/lligues/rtb-prim-2/ (page without the expected content (the site returned an empty page)); retrying in 3.6s
2026-10-02 00:18:24,908 WARNING Attempt 2/4 failed for https://fctt.cat/lligues/rtb-prim-2/ (page without the expected content (the site returned an empty page)); retrying in 4.9s
2026-10-02 00:18:31,378 WARNING Attempt 3/4 failed for https://fctt.cat/lligues/rtb-prim-2/ (page without the expected content (the site returned an empty page)); retrying in 8.1s
2026-10-02 00:18:40,932 ERROR Failed after 4 attempt(s): https://fctt.cat/lligues/rtb-prim-2/ (page without the expected content (the site returned an empty page))
2026-10-02 00:18:40,932 ERROR Barcelona / RTB PRIMERA G2: league page without match days after retries, skipped (https://fctt.cat/lligues/rtb-prim-2/)
2026-10-02 00:18:42,341 WARNING Attempt 1/4 failed for https://fctt.cat/lligues/rtb-prim-3/ (page without the expected content (the site returned an empty page)); retrying in 2.9s
2026-10-02 00:18:46,768 WARNING Attempt 2/4 failed for https://fctt.cat/lligues/rtb-prim-3/ (page without the expected content (the site returned an empty page)); retrying in 5.6s
2026-10-02 00:18:54,708 INFO Barcelona / RTB PRIMERA G3: 18 match day(s) -> C:\git\bcnesa-extract-2\resources\actas-incremental-content\2026-2027\RTB PRIMERA\G3\1a Fase
2026-10-02 00:18:58,592 INFO Barcelona / RTB PRIMERA / G3 / 1a Fase / J1: saved C:\git\bcnesa-extract-2\resources\actas-incremental-content\2026-2027\RTB PRIMERA\G3\1a Fase\jornada_01.html (5 matches, 5 played, complete)
2026-10-02 00:18:58,594 INFO Barcelona / RTB PRIMERA / G3 / 1a Fase / J2: future match day, keeping minimal match info from the league page
2026-10-02 00:18:58,600 INFO Barcelona / RTB PRIMERA / G3 / 1a Fase / J2: saved C:\git\bcnesa-extract-2\resources\actas-incremental-content\2026-2027\RTB PRIMERA\G3\1a Fase\jornada_02.html (5 matches, 0 played, partial)
2026-10-02 00:18:58,603 INFO Barcelona / RTB PRIMERA / G3 / 1a Fase / J3: future match day, keeping minimal match info from the league page
2026-10-02 00:18:58,611 INFO Barcelona / RTB PRIMERA / G3 / 1a Fase / J3: saved C:\git\bcnesa-extract-2\resources\actas-incremental-content\2026-2027\RTB PRIMERA\G3\1a Fase\jornada_03.html (5 matches, 0 played, partial)
2026-10-02 00:18:58,614 INFO Barcelona / RTB PRIMERA / G3 / 1a Fase / J4: future match day, keeping minimal match info from the league page
2026-10-02 00:18:58,620 INFO Barcelona / RTB PRIMERA / G3 / 1a Fase / J4: saved C:\git\bcnesa-extract-2\resources\actas-incremental-content\2026-2027\RTB PRIMERA\G3\1a Fase\jornada_04.html (5 matches, 0 played, partial)
2026-10-02 00:18:58,622 INFO Barcelona / RTB PRIMERA / G3 / 1a Fase / J5: future match day, keeping minimal match info from the league page
2026-10-02 00:18:58,627 INFO Barcelona / RTB PRIMERA / G3 / 1a Fase / J5: saved C:\git\bcnesa-extract-2\resources\actas-incremental-content\2026-2027\RTB PRIMERA\G3\1a Fase\jornada_05.html (5 matches, 0 played, partial)
2026-10-02 00:18:58,630 INFO Barcelona / RTB PRIMERA / G3 / 1a Fase / J6: future match day, keeping minimal match info from the league page
2026-10-02 00:18:58,635 INFO Barcelona / RTB PRIMERA / G3 / 1a Fase / J6: saved C:\git\bcnesa-extract-2\resources\actas-incremental-content\2026-2027\RTB PRIMERA\G3\1a Fase\jornada_06.html (5 matches, 0 played, partial)
2026-10-02 00:18:58,638 INFO Barcelona / RTB PRIMERA / G3 / 1a Fase / J7: future match day, keeping minimal match info from the league page
2026-10-02 00:18:58,643 INFO Barcelona / RTB PRIMERA / G3 / 1a Fase / J7: saved C:\git\bcnesa-extract-2\resources\actas-incremental-content\2026-2027\RTB PRIMERA\G3\1a Fase\jornada_07.html (5 matches, 0 played, partial)
2026-10-02 00:18:58,646 INFO Barcelona / RTB PRIMERA / G3 / 1a Fase / J8: future match day, keeping minimal match info from the league page
2026-10-02 00:18:58,652 INFO Barcelona / RTB PRIMERA / G3 / 1a Fase / J8: saved C:\git\bcnesa-extract-2\resources\actas-incremental-content\2026-2027\RTB PRIMERA\G3\1a Fase\jornada_08.html (5 matches, 0 played, partial)
2026-10-02 00:18:58,654 INFO Barcelona / RTB PRIMERA / G3 / 1a Fase / J9: future match day, keeping minimal match info from the league page
2026-10-02 00:18:58,660 INFO Barcelona / RTB PRIMERA / G3 / 1a Fase / J9: saved C:\git\bcnesa-extract-2\resources\actas-incremental-content\2026-2027\RTB PRIMERA\G3\1a Fase\jornada_09.html (5 matches, 0 played, partial)
2026-10-02 00:18:58,662 INFO Barcelona / RTB PRIMERA / G3 / 1a Fase / J10: future match day, keeping minimal match info from the league page
2026-10-02 00:18:58,668 INFO Barcelona / RTB PRIMERA / G3 / 1a Fase / J10: saved C:\git\bcnesa-extract-2\resources\actas-incremental-content\2026-2027\RTB PRIMERA\G3\1a Fase\jornada_10.html (5 matches, 0 played, partial)
2026-10-02 00:18:58,670 INFO Barcelona / RTB PRIMERA / G3 / 1a Fase / J11: future match day, keeping minimal match info from the league page
2026-10-02 00:18:58,676 INFO Barcelona / RTB PRIMERA / G3 / 1a Fase / J11: saved C:\git\bcnesa-extract-2\resources\actas-incremental-content\2026-2027\RTB PRIMERA\G3\1a Fase\jornada_11.html (5 matches, 0 played, partial)
2026-10-02 00:18:58,678 INFO Barcelona / RTB PRIMERA / G3 / 1a Fase / J12: future match day, keeping minimal match info from the league page
2026-10-02 00:18:58,686 INFO Barcelona / RTB PRIMERA / G3 / 1a Fase / J12: saved C:\git\bcnesa-extract-2\resources\actas-incremental-content\2026-2027\RTB PRIMERA\G3\1a Fase\jornada_12.html (5 matches, 0 played, partial)
2026-10-02 00:18:58,688 INFO Barcelona / RTB PRIMERA / G3 / 1a Fase / J13: future match day, keeping minimal match info from the league page
2026-10-02 00:18:58,694 INFO Barcelona / RTB PRIMERA / G3 / 1a Fase / J13: saved C:\git\bcnesa-extract-2\resources\actas-incremental-content\2026-2027\RTB PRIMERA\G3\1a Fase\jornada_13.html (5 matches, 0 played, partial)
2026-10-02 00:18:58,697 INFO Barcelona / RTB PRIMERA / G3 / 1a Fase / J14: future match day, keeping minimal match info from the league page
2026-10-02 00:18:58,705 INFO Barcelona / RTB PRIMERA / G3 / 1a Fase / J14: saved C:\git\bcnesa-extract-2\resources\actas-incremental-content\2026-2027\RTB PRIMERA\G3\1a Fase\jornada_14.html (5 matches, 0 played, partial)
2026-10-02 00:18:58,708 INFO Barcelona / RTB PRIMERA / G3 / 1a Fase / J15: future match day, keeping minimal match info from the league page
2026-10-02 00:18:58,715 INFO Barcelona / RTB PRIMERA / G3 / 1a Fase / J15: saved C:\git\bcnesa-extract-2\resources\actas-incremental-content\2026-2027\RTB PRIMERA\G3\1a Fase\jornada_15.html (5 matches, 0 played, partial)
2026-10-02 00:18:58,718 INFO Barcelona / RTB PRIMERA / G3 / 1a Fase / J16: future match day, keeping minimal match info from the league page
2026-10-02 00:18:58,724 INFO Barcelona / RTB PRIMERA / G3 / 1a Fase / J16: saved C:\git\bcnesa-extract-2\resources\actas-incremental-content\2026-2027\RTB PRIMERA\G3\1a Fase\jornada_16.html (5 matches, 0 played, partial)
2026-10-02 00:18:58,727 INFO Barcelona / RTB PRIMERA / G3 / 1a Fase / J17: future match day, keeping minimal match info from the league page
2026-10-02 00:18:58,732 INFO Barcelona / RTB PRIMERA / G3 / 1a Fase / J17: saved C:\git\bcnesa-extract-2\resources\actas-incremental-content\2026-2027\RTB PRIMERA\G3\1a Fase\jornada_17.html (5 matches, 0 played, partial)
2026-10-02 00:18:58,735 INFO Barcelona / RTB PRIMERA / G3 / 1a Fase / J18: future match day, keeping minimal match info from the league page
2026-10-02 00:18:58,741 INFO Barcelona / RTB PRIMERA / G3 / 1a Fase / J18: saved C:\git\bcnesa-extract-2\resources\actas-incremental-content\2026-2027\RTB PRIMERA\G3\1a Fase\jornada_18.html (5 matches, 0 played, partial)
2026-10-02 00:19:00,915 INFO Barcelona / RTB SEGONA A G1: 18 match day(s) -> C:\git\bcnesa-extract-2\resources\actas-incremental-content\2026-2027\RTB SEGONA A\G1\1a Fase
2026-10-02 00:19:05,102 INFO Barcelona / RTB SEGONA A / G1 / 1a Fase / J1: saved C:\git\bcnesa-extract-2\resources\actas-incremental-content\2026-2027\RTB SEGONA A\G1\1a Fase\jornada_01.html (5 matches, 5 played, complete)
2026-10-02 00:19:05,107 INFO Barcelona / RTB SEGONA A / G1 / 1a Fase / J2: future match day, keeping minimal match info from the league page
2026-10-02 00:19:05,115 INFO Barcelona / RTB SEGONA A / G1 / 1a Fase / J2: saved C:\git\bcnesa-extract-2\resources\actas-incremental-content\2026-2027\RTB SEGONA A\G1\1a Fase\jornada_02.html (5 matches, 0 played, partial)
2026-10-02 00:19:05,117 INFO Barcelona / RTB SEGONA A / G1 / 1a Fase / J3: future match day, keeping minimal match info from the league page
2026-10-02 00:19:05,125 INFO Barcelona / RTB SEGONA A / G1 / 1a Fase / J3: saved C:\git\bcnesa-extract-2\resources\actas-incremental-content\2026-2027\RTB SEGONA A\G1\1a Fase\jornada_03.html (5 matches, 0 played, partial)
2026-10-02 00:19:05,129 INFO Barcelona / RTB SEGONA A / G1 / 1a Fase / J4: future match day, keeping minimal match info from the league page
2026-10-02 00:19:05,139 INFO Barcelona / RTB SEGONA A / G1 / 1a Fase / J4: saved C:\git\bcnesa-extract-2\resources\actas-incremental-content\2026-2027\RTB SEGONA A\G1\1a Fase\jornada_04.html (5 matches, 0 played, partial)
2026-10-02 00:19:05,144 INFO Barcelona / RTB SEGONA A / G1 / 1a Fase / J5: future match day, keeping minimal match info from the league page
2026-10-02 00:19:05,154 INFO Barcelona / RTB SEGONA A / G1 / 1a Fase / J5: saved C:\git\bcnesa-extract-2\resources\actas-incremental-content\2026-2027\RTB SEGONA A\G1\1a Fase\jornada_05.html (5 matches, 0 played, partial)
2026-10-02 00:19:05,159 INFO Barcelona / RTB SEGONA A / G1 / 1a Fase / J6: future match day, keeping minimal match info from the league page
2026-10-02 00:19:05,169 INFO Barcelona / RTB SEGONA A / G1 / 1a Fase / J6: saved C:\git\bcnesa-extract-2\resources\actas-incremental-content\2026-2027\RTB SEGONA A\G1\1a Fase\jornada_06.html (5 matches, 0 played, partial)
2026-10-02 00:19:05,172 INFO Barcelona / RTB SEGONA A / G1 / 1a Fase / J7: future match day, keeping minimal match info from the league page
2026-10-02 00:19:05,182 INFO Barcelona / RTB SEGONA A / G1 / 1a Fase / J7: saved C:\git\bcnesa-extract-2\resources\actas-incremental-content\2026-2027\RTB SEGONA A\G1\1a Fase\jornada_07.html (5 matches, 0 played, partial)
2026-10-02 00:19:05,186 INFO Barcelona / RTB SEGONA A / G1 / 1a Fase / J8: future match day, keeping minimal match info from the league page
2026-10-02 00:19:05,193 INFO Barcelona / RTB SEGONA A / G1 / 1a Fase / J8: saved C:\git\bcnesa-extract-2\resources\actas-incremental-content\2026-2027\RTB SEGONA A\G1\1a Fase\jornada_08.html (5 matches, 0 played, partial)
2026-10-02 00:19:05,198 INFO Barcelona / RTB SEGONA A / G1 / 1a Fase / J9: future match day, keeping minimal match info from the league page
2026-10-02 00:19:05,207 INFO Barcelona / RTB SEGONA A / G1 / 1a Fase / J9: saved C:\git\bcnesa-extract-2\resources\actas-incremental-content\2026-2027\RTB SEGONA A\G1\1a Fase\jornada_09.html (5 matches, 0 played, partial)
2026-10-02 00:19:05,212 INFO Barcelona / RTB SEGONA A / G1 / 1a Fase / J10: future match day, keeping minimal match info from the league page
2026-10-02 00:19:05,223 INFO Barcelona / RTB SEGONA A / G1 / 1a Fase / J10: saved C:\git\bcnesa-extract-2\resources\actas-incremental-content\2026-2027\RTB SEGONA A\G1\1a Fase\jornada_10.html (5 matches, 0 played, partial)
2026-10-02 00:19:05,227 INFO Barcelona / RTB SEGONA A / G1 / 1a Fase / J11: future match day, keeping minimal match info from the league page
2026-10-02 00:19:05,239 INFO Barcelona / RTB SEGONA A / G1 / 1a Fase / J11: saved C:\git\bcnesa-extract-2\resources\actas-incremental-content\2026-2027\RTB SEGONA A\G1\1a Fase\jornada_11.html (5 matches, 0 played, partial)
2026-10-02 00:19:05,243 INFO Barcelona / RTB SEGONA A / G1 / 1a Fase / J12: future match day, keeping minimal match info from the league page
2026-10-02 00:19:05,254 INFO Barcelona / RTB SEGONA A / G1 / 1a Fase / J12: saved C:\git\bcnesa-extract-2\resources\actas-incremental-content\2026-2027\RTB SEGONA A\G1\1a Fase\jornada_12.html (5 matches, 0 played, partial)
2026-10-02 00:19:05,259 INFO Barcelona / RTB SEGONA A / G1 / 1a Fase / J13: future match day, keeping minimal match info from the league page
2026-10-02 00:19:05,270 INFO Barcelona / RTB SEGONA A / G1 / 1a Fase / J13: saved C:\git\bcnesa-extract-2\resources\actas-incremental-content\2026-2027\RTB SEGONA A\G1\1a Fase\jornada_13.html (5 matches, 0 played, partial)
2026-10-02 00:19:05,277 INFO Barcelona / RTB SEGONA A / G1 / 1a Fase / J14: future match day, keeping minimal match info from the league page
2026-10-02 00:19:05,287 INFO Barcelona / RTB SEGONA A / G1 / 1a Fase / J14: saved C:\git\bcnesa-extract-2\resources\actas-incremental-content\2026-2027\RTB SEGONA A\G1\1a Fase\jornada_14.html (5 matches, 0 played, partial)
2026-10-02 00:19:05,292 INFO Barcelona / RTB SEGONA A / G1 / 1a Fase / J15: future match day, keeping minimal match info from the league page
2026-10-02 00:19:05,304 INFO Barcelona / RTB SEGONA A / G1 / 1a Fase / J15: saved C:\git\bcnesa-extract-2\resources\actas-incremental-content\2026-2027\RTB SEGONA A\G1\1a Fase\jornada_15.html (5 matches, 0 played, partial)
2026-10-02 00:19:05,309 INFO Barcelona / RTB SEGONA A / G1 / 1a Fase / J16: future match day, keeping minimal match info from the league page
2026-10-02 00:19:05,319 INFO Barcelona / RTB SEGONA A / G1 / 1a Fase / J16: saved C:\git\bcnesa-extract-2\resources\actas-incremental-content\2026-2027\RTB SEGONA A\G1\1a Fase\jornada_16.html (5 matches, 0 played, partial)
2026-10-02 00:19:05,324 INFO Barcelona / RTB SEGONA A / G1 / 1a Fase / J17: future match day, keeping minimal match info from the league page
2026-10-02 00:19:05,334 INFO Barcelona / RTB SEGONA A / G1 / 1a Fase / J17: saved C:\git\bcnesa-extract-2\resources\actas-incremental-content\2026-2027\RTB SEGONA A\G1\1a Fase\jornada_17.html (5 matches, 0 played, partial)
2026-10-02 00:19:05,339 INFO Barcelona / RTB SEGONA A / G1 / 1a Fase / J18: future match day, keeping minimal match info from the league page
2026-10-02 00:19:05,355 INFO Barcelona / RTB SEGONA A / G1 / 1a Fase / J18: saved C:\git\bcnesa-extract-2\resources\actas-incremental-content\2026-2027\RTB SEGONA A\G1\1a Fase\jornada_18.html (5 matches, 0 played, partial)
2026-10-02 00:19:07,474 INFO Barcelona / RTB SEGONA A G2: 18 match day(s) -> C:\git\bcnesa-extract-2\resources\actas-incremental-content\2026-2027\RTB SEGONA A\G2\1a Fase
2026-10-02 00:19:11,308 WARNING Attempt 1/4 failed for https://fctt.cat/lligues/rtb-seg-a/?jornada=1 (incomplete content: match 6278 game 1 left: player 'ALDEA BATISTA, POL' has no player link (+35 more)); retrying in 3.6s
2026-10-02 00:19:16,562 WARNING Attempt 2/4 failed for https://fctt.cat/lligues/rtb-seg-a/?jornada=1 (page without matches (the site returned an empty page)); retrying in 5.8s
2026-10-02 00:19:26,105 WARNING Attempt 3/4 failed for https://fctt.cat/lligues/rtb-seg-a/?jornada=1 (page without matches (the site returned an empty page)); retrying in 9.2s
2026-10-02 00:19:36,871 ERROR Failed after 4 attempt(s): https://fctt.cat/lligues/rtb-seg-a/?jornada=1 (page without matches (the site returned an empty page))
2026-10-02 00:19:36,872 ERROR Barcelona / RTB SEGONA A / G2 / 1a Fase / J1: match day not available after retries, skipped (https://fctt.cat/lligues/rtb-seg-a/?jornada=1)
2026-10-02 00:19:36,875 INFO Barcelona / RTB SEGONA A / G2 / 1a Fase / J2: future match day, keeping minimal match info from the league page
2026-10-02 00:19:36,883 INFO Barcelona / RTB SEGONA A / G2 / 1a Fase / J2: saved C:\git\bcnesa-extract-2\resources\actas-incremental-content\2026-2027\RTB SEGONA A\G2\1a Fase\jornada_02.html (5 matches, 0 played, partial)
2026-10-02 00:19:36,885 INFO Barcelona / RTB SEGONA A / G2 / 1a Fase / J3: future match day, keeping minimal match info from the league page
2026-10-02 00:19:36,891 INFO Barcelona / RTB SEGONA A / G2 / 1a Fase / J3: saved C:\git\bcnesa-extract-2\resources\actas-incremental-content\2026-2027\RTB SEGONA A\G2\1a Fase\jornada_03.html (5 matches, 0 played, partial)
2026-10-02 00:19:36,893 INFO Barcelona / RTB SEGONA A / G2 / 1a Fase / J4: future match day, keeping minimal match info from the league page
2026-10-02 00:19:36,899 INFO Barcelona / RTB SEGONA A / G2 / 1a Fase / J4: saved C:\git\bcnesa-extract-2\resources\actas-incremental-content\2026-2027\RTB SEGONA A\G2\1a Fase\jornada_04.html (5 matches, 0 played, partial)
2026-10-02 00:19:36,901 INFO Barcelona / RTB SEGONA A / G2 / 1a Fase / J5: future match day, keeping minimal match info from the league page
2026-10-02 00:19:36,907 INFO Barcelona / RTB SEGONA A / G2 / 1a Fase / J5: saved C:\git\bcnesa-extract-2\resources\actas-incremental-content\2026-2027\RTB SEGONA A\G2\1a Fase\jornada_05.html (5 matches, 0 played, partial)
2026-10-02 00:19:36,911 INFO Barcelona / RTB SEGONA A / G2 / 1a Fase / J6: future match day, keeping minimal match info from the league page
2026-10-02 00:19:36,917 INFO Barcelona / RTB SEGONA A / G2 / 1a Fase / J6: saved C:\git\bcnesa-extract-2\resources\actas-incremental-content\2026-2027\RTB SEGONA A\G2\1a Fase\jornada_06.html (5 matches, 0 played, partial)
2026-10-02 00:19:36,919 INFO Barcelona / RTB SEGONA A / G2 / 1a Fase / J7: future match day, keeping minimal match info from the league page
2026-10-02 00:19:36,925 INFO Barcelona / RTB SEGONA A / G2 / 1a Fase / J7: saved C:\git\bcnesa-extract-2\resources\actas-incremental-content\2026-2027\RTB SEGONA A\G2\1a Fase\jornada_07.html (5 matches, 0 played, partial)
2026-10-02 00:19:36,927 INFO Barcelona / RTB SEGONA A / G2 / 1a Fase / J8: future match day, keeping minimal match info from the league page
2026-10-02 00:19:36,933 INFO Barcelona / RTB SEGONA A / G2 / 1a Fase / J8: saved C:\git\bcnesa-extract-2\resources\actas-incremental-content\2026-2027\RTB SEGONA A\G2\1a Fase\jornada_08.html (5 matches, 0 played, partial)
2026-10-02 00:19:36,936 INFO Barcelona / RTB SEGONA A / G2 / 1a Fase / J9: future match day, keeping minimal match info from the league page
2026-10-02 00:19:36,941 INFO Barcelona / RTB SEGONA A / G2 / 1a Fase / J9: saved C:\git\bcnesa-extract-2\resources\actas-incremental-content\2026-2027\RTB SEGONA A\G2\1a Fase\jornada_09.html (5 matches, 0 played, partial)
2026-10-02 00:19:36,944 INFO Barcelona / RTB SEGONA A / G2 / 1a Fase / J10: future match day, keeping minimal match info from the league page
2026-10-02 00:19:36,950 INFO Barcelona / RTB SEGONA A / G2 / 1a Fase / J10: saved C:\git\bcnesa-extract-2\resources\actas-incremental-content\2026-2027\RTB SEGONA A\G2\1a Fase\jornada_10.html (5 matches, 0 played, partial)
2026-10-02 00:19:36,953 INFO Barcelona / RTB SEGONA A / G2 / 1a Fase / J11: future match day, keeping minimal match info from the league page
2026-10-02 00:19:36,960 INFO Barcelona / RTB SEGONA A / G2 / 1a Fase / J11: saved C:\git\bcnesa-extract-2\resources\actas-incremental-content\2026-2027\RTB SEGONA A\G2\1a Fase\jornada_11.html (5 matches, 0 played, partial)
2026-10-02 00:19:36,963 INFO Barcelona / RTB SEGONA A / G2 / 1a Fase / J12: future match day, keeping minimal match info from the league page
2026-10-02 00:19:36,969 INFO Barcelona / RTB SEGONA A / G2 / 1a Fase / J12: saved C:\git\bcnesa-extract-2\resources\actas-incremental-content\2026-2027\RTB SEGONA A\G2\1a Fase\jornada_12.html (5 matches, 0 played, partial)
2026-10-02 00:19:36,971 INFO Barcelona / RTB SEGONA A / G2 / 1a Fase / J13: future match day, keeping minimal match info from the league page
2026-10-02 00:19:36,977 INFO Barcelona / RTB SEGONA A / G2 / 1a Fase / J13: saved C:\git\bcnesa-extract-2\resources\actas-incremental-content\2026-2027\RTB SEGONA A\G2\1a Fase\jornada_13.html (5 matches, 0 played, partial)
2026-10-02 00:19:36,979 INFO Barcelona / RTB SEGONA A / G2 / 1a Fase / J14: future match day, keeping minimal match info from the league page
2026-10-02 00:19:36,985 INFO Barcelona / RTB SEGONA A / G2 / 1a Fase / J14: saved C:\git\bcnesa-extract-2\resources\actas-incremental-content\2026-2027\RTB SEGONA A\G2\1a Fase\jornada_14.html (5 matches, 0 played, partial)
2026-10-02 00:19:36,988 INFO Barcelona / RTB SEGONA A / G2 / 1a Fase / J15: future match day, keeping minimal match info from the league page
2026-10-02 00:19:36,994 INFO Barcelona / RTB SEGONA A / G2 / 1a Fase / J15: saved C:\git\bcnesa-extract-2\resources\actas-incremental-content\2026-2027\RTB SEGONA A\G2\1a Fase\jornada_15.html (5 matches, 0 played, partial)
2026-10-02 00:19:36,996 INFO Barcelona / RTB SEGONA A / G2 / 1a Fase / J16: future match day, keeping minimal match info from the league page
2026-10-02 00:19:37,002 INFO Barcelona / RTB SEGONA A / G2 / 1a Fase / J16: saved C:\git\bcnesa-extract-2\resources\actas-incremental-content\2026-2027\RTB SEGONA A\G2\1a Fase\jornada_16.html (5 matches, 0 played, partial)
2026-10-02 00:19:37,004 INFO Barcelona / RTB SEGONA A / G2 / 1a Fase / J17: future match day, keeping minimal match info from the league page
2026-10-02 00:19:37,010 INFO Barcelona / RTB SEGONA A / G2 / 1a Fase / J17: saved C:\git\bcnesa-extract-2\resources\actas-incremental-content\2026-2027\RTB SEGONA A\G2\1a Fase\jornada_17.html (5 matches, 0 played, partial)
2026-10-02 00:19:37,013 INFO Barcelona / RTB SEGONA A / G2 / 1a Fase / J18: future match day, keeping minimal match info from the league page
2026-10-02 00:19:37,018 INFO Barcelona / RTB SEGONA A / G2 / 1a Fase / J18: saved C:\git\bcnesa-extract-2\resources\actas-incremental-content\2026-2027\RTB SEGONA A\G2\1a Fase\jornada_18.html (5 matches, 0 played, partial)
2026-10-02 00:19:38,672 WARNING Attempt 1/4 failed for https://fctt.cat/lligues/rtb-seg-a-2-2/ (page without the expected content (the site returned an empty page)); retrying in 3.4s
2026-10-02 00:19:43,742 WARNING Attempt 2/4 failed for https://fctt.cat/lligues/rtb-seg-a-2-2/ (page without the expected content (the site returned an empty page)); retrying in 4.7s
2026-10-02 00:19:50,022 WARNING Attempt 3/4 failed for https://fctt.cat/lligues/rtb-seg-a-2-2/ (page without the expected content (the site returned an empty page)); retrying in 9.0s
2026-10-02 00:20:01,783 INFO Barcelona / RTB SEGONA A G3: 18 match day(s) -> C:\git\bcnesa-extract-2\resources\actas-incremental-content\2026-2027\RTB SEGONA A\G3\1a Fase
2026-10-02 00:20:06,939 INFO Barcelona / RTB SEGONA A / G3 / 1a Fase / J1: saved C:\git\bcnesa-extract-2\resources\actas-incremental-content\2026-2027\RTB SEGONA A\G3\1a Fase\jornada_01.html (5 matches, 5 played, complete)
2026-10-02 00:20:07,020 INFO Barcelona / RTB SEGONA A / G3 / 1a Fase / J2: future match day, keeping minimal match info from the league page
2026-10-02 00:20:07,042 INFO Barcelona / RTB SEGONA A / G3 / 1a Fase / J2: saved C:\git\bcnesa-extract-2\resources\actas-incremental-content\2026-2027\RTB SEGONA A\G3\1a Fase\jornada_02.html (5 matches, 0 played, partial)
2026-10-02 00:20:07,060 INFO Barcelona / RTB SEGONA A / G3 / 1a Fase / J3: future match day, keeping minimal match info from the league page
2026-10-02 00:20:07,077 INFO Barcelona / RTB SEGONA A / G3 / 1a Fase / J3: saved C:\git\bcnesa-extract-2\resources\actas-incremental-content\2026-2027\RTB SEGONA A\G3\1a Fase\jornada_03.html (5 matches, 0 played, partial)
2026-10-02 00:20:07,083 INFO Barcelona / RTB SEGONA A / G3 / 1a Fase / J4: future match day, keeping minimal match info from the league page
2026-10-02 00:20:07,824 INFO Barcelona / RTB SEGONA A / G3 / 1a Fase / J4: saved C:\git\bcnesa-extract-2\resources\actas-incremental-content\2026-2027\RTB SEGONA A\G3\1a Fase\jornada_04.html (5 matches, 0 played, partial)
2026-10-02 00:20:08,017 INFO Barcelona / RTB SEGONA A / G3 / 1a Fase / J5: future match day, keeping minimal match info from the league page
2026-10-02 00:20:08,410 INFO Barcelona / RTB SEGONA A / G3 / 1a Fase / J5: saved C:\git\bcnesa-extract-2\resources\actas-incremental-content\2026-2027\RTB SEGONA A\G3\1a Fase\jornada_05.html (5 matches, 0 played, partial)
2026-10-02 00:20:08,445 INFO Barcelona / RTB SEGONA A / G3 / 1a Fase / J6: future match day, keeping minimal match info from the league page
2026-10-02 00:20:10,081 INFO Barcelona / RTB SEGONA A / G3 / 1a Fase / J6: saved C:\git\bcnesa-extract-2\resources\actas-incremental-content\2026-2027\RTB SEGONA A\G3\1a Fase\jornada_06.html (5 matches, 0 played, partial)
2026-10-02 00:20:10,087 INFO Barcelona / RTB SEGONA A / G3 / 1a Fase / J7: future match day, keeping minimal match info from the league page
2026-10-02 00:20:10,120 INFO Barcelona / RTB SEGONA A / G3 / 1a Fase / J7: saved C:\git\bcnesa-extract-2\resources\actas-incremental-content\2026-2027\RTB SEGONA A\G3\1a Fase\jornada_07.html (5 matches, 0 played, partial)
2026-10-02 00:20:10,127 INFO Barcelona / RTB SEGONA A / G3 / 1a Fase / J8: future match day, keeping minimal match info from the league page
2026-10-02 00:20:10,162 INFO Barcelona / RTB SEGONA A / G3 / 1a Fase / J8: saved C:\git\bcnesa-extract-2\resources\actas-incremental-content\2026-2027\RTB SEGONA A\G3\1a Fase\jornada_08.html (5 matches, 0 played, partial)
2026-10-02 00:20:10,167 INFO Barcelona / RTB SEGONA A / G3 / 1a Fase / J9: future match day, keeping minimal match info from the league page
2026-10-02 00:20:10,179 INFO Barcelona / RTB SEGONA A / G3 / 1a Fase / J9: saved C:\git\bcnesa-extract-2\resources\actas-incremental-content\2026-2027\RTB SEGONA A\G3\1a Fase\jornada_09.html (5 matches, 0 played, partial)
2026-10-02 00:20:10,185 INFO Barcelona / RTB SEGONA A / G3 / 1a Fase / J10: future match day, keeping minimal match info from the league page
2026-10-02 00:20:10,200 INFO Barcelona / RTB SEGONA A / G3 / 1a Fase / J10: saved C:\git\bcnesa-extract-2\resources\actas-incremental-content\2026-2027\RTB SEGONA A\G3\1a Fase\jornada_10.html (5 matches, 0 played, partial)
2026-10-02 00:20:10,209 INFO Barcelona / RTB SEGONA A / G3 / 1a Fase / J11: future match day, keeping minimal match info from the league page
2026-10-02 00:20:10,225 INFO Barcelona / RTB SEGONA A / G3 / 1a Fase / J11: saved C:\git\bcnesa-extract-2\resources\actas-incremental-content\2026-2027\RTB SEGONA A\G3\1a Fase\jornada_11.html (5 matches, 0 played, partial)
2026-10-02 00:20:10,231 INFO Barcelona / RTB SEGONA A / G3 / 1a Fase / J12: future match day, keeping minimal match info from the league page
2026-10-02 00:20:10,242 INFO Barcelona / RTB SEGONA A / G3 / 1a Fase / J12: saved C:\git\bcnesa-extract-2\resources\actas-incremental-content\2026-2027\RTB SEGONA A\G3\1a Fase\jornada_12.html (5 matches, 0 played, partial)
2026-10-02 00:20:10,246 INFO Barcelona / RTB SEGONA A / G3 / 1a Fase / J13: future match day, keeping minimal match info from the league page
2026-10-02 00:20:10,252 INFO Barcelona / RTB SEGONA A / G3 / 1a Fase / J13: saved C:\git\bcnesa-extract-2\resources\actas-incremental-content\2026-2027\RTB SEGONA A\G3\1a Fase\jornada_13.html (5 matches, 0 played, partial)
2026-10-02 00:20:10,255 INFO Barcelona / RTB SEGONA A / G3 / 1a Fase / J14: future match day, keeping minimal match info from the league page
2026-10-02 00:20:10,264 INFO Barcelona / RTB SEGONA A / G3 / 1a Fase / J14: saved C:\git\bcnesa-extract-2\resources\actas-incremental-content\2026-2027\RTB SEGONA A\G3\1a Fase\jornada_14.html (5 matches, 0 played, partial)
2026-10-02 00:20:10,269 INFO Barcelona / RTB SEGONA A / G3 / 1a Fase / J15: future match day, keeping minimal match info from the league page
2026-10-02 00:20:10,280 INFO Barcelona / RTB SEGONA A / G3 / 1a Fase / J15: saved C:\git\bcnesa-extract-2\resources\actas-incremental-content\2026-2027\RTB SEGONA A\G3\1a Fase\jornada_15.html (5 matches, 0 played, partial)
2026-10-02 00:20:10,285 INFO Barcelona / RTB SEGONA A / G3 / 1a Fase / J16: future match day, keeping minimal match info from the league page
2026-10-02 00:20:10,295 INFO Barcelona / RTB SEGONA A / G3 / 1a Fase / J16: saved C:\git\bcnesa-extract-2\resources\actas-incremental-content\2026-2027\RTB SEGONA A\G3\1a Fase\jornada_16.html (5 matches, 0 played, partial)
2026-10-02 00:20:10,298 INFO Barcelona / RTB SEGONA A / G3 / 1a Fase / J17: future match day, keeping minimal match info from the league page
2026-10-02 00:20:10,308 INFO Barcelona / RTB SEGONA A / G3 / 1a Fase / J17: saved C:\git\bcnesa-extract-2\resources\actas-incremental-content\2026-2027\RTB SEGONA A\G3\1a Fase\jornada_17.html (5 matches, 0 played, partial)
2026-10-02 00:20:10,312 INFO Barcelona / RTB SEGONA A / G3 / 1a Fase / J18: future match day, keeping minimal match info from the league page
2026-10-02 00:20:10,321 INFO Barcelona / RTB SEGONA A / G3 / 1a Fase / J18: saved C:\git\bcnesa-extract-2\resources\actas-incremental-content\2026-2027\RTB SEGONA A\G3\1a Fase\jornada_18.html (5 matches, 0 played, partial)
2026-10-02 00:20:12,570 INFO Barcelona / RTB SEGONA B G1: 18 match day(s) -> C:\git\bcnesa-extract-2\resources\actas-incremental-content\2026-2027\RTB SEGONA B\G1\1a Fase
2026-10-02 00:20:16,488 INFO Barcelona / RTB SEGONA B / G1 / 1a Fase / J1: saved C:\git\bcnesa-extract-2\resources\actas-incremental-content\2026-2027\RTB SEGONA B\G1\1a Fase\jornada_01.html (5 matches, 5 played, complete)
2026-10-02 00:20:16,491 INFO Barcelona / RTB SEGONA B / G1 / 1a Fase / J2: future match day, keeping minimal match info from the league page
2026-10-02 00:20:16,496 INFO Barcelona / RTB SEGONA B / G1 / 1a Fase / J2: saved C:\git\bcnesa-extract-2\resources\actas-incremental-content\2026-2027\RTB SEGONA B\G1\1a Fase\jornada_02.html (5 matches, 0 played, partial)
2026-10-02 00:20:16,498 INFO Barcelona / RTB SEGONA B / G1 / 1a Fase / J3: future match day, keeping minimal match info from the league page
2026-10-02 00:20:16,504 INFO Barcelona / RTB SEGONA B / G1 / 1a Fase / J3: saved C:\git\bcnesa-extract-2\resources\actas-incremental-content\2026-2027\RTB SEGONA B\G1\1a Fase\jornada_03.html (5 matches, 0 played, partial)
2026-10-02 00:20:16,506 INFO Barcelona / RTB SEGONA B / G1 / 1a Fase / J4: future match day, keeping minimal match info from the league page
2026-10-02 00:20:16,512 INFO Barcelona / RTB SEGONA B / G1 / 1a Fase / J4: saved C:\git\bcnesa-extract-2\resources\actas-incremental-content\2026-2027\RTB SEGONA B\G1\1a Fase\jornada_04.html (5 matches, 0 played, partial)
2026-10-02 00:20:16,514 INFO Barcelona / RTB SEGONA B / G1 / 1a Fase / J5: future match day, keeping minimal match info from the league page
2026-10-02 00:20:16,520 INFO Barcelona / RTB SEGONA B / G1 / 1a Fase / J5: saved C:\git\bcnesa-extract-2\resources\actas-incremental-content\2026-2027\RTB SEGONA B\G1\1a Fase\jornada_05.html (5 matches, 0 played, partial)
2026-10-02 00:20:16,523 INFO Barcelona / RTB SEGONA B / G1 / 1a Fase / J6: future match day, keeping minimal match info from the league page
2026-10-02 00:20:16,528 INFO Barcelona / RTB SEGONA B / G1 / 1a Fase / J6: saved C:\git\bcnesa-extract-2\resources\actas-incremental-content\2026-2027\RTB SEGONA B\G1\1a Fase\jornada_06.html (5 matches, 0 played, partial)
2026-10-02 00:20:16,531 INFO Barcelona / RTB SEGONA B / G1 / 1a Fase / J7: future match day, keeping minimal match info from the league page
2026-10-02 00:20:16,536 INFO Barcelona / RTB SEGONA B / G1 / 1a Fase / J7: saved C:\git\bcnesa-extract-2\resources\actas-incremental-content\2026-2027\RTB SEGONA B\G1\1a Fase\jornada_07.html (5 matches, 0 played, partial)
2026-10-02 00:20:16,539 INFO Barcelona / RTB SEGONA B / G1 / 1a Fase / J8: future match day, keeping minimal match info from the league page
2026-10-02 00:20:16,544 INFO Barcelona / RTB SEGONA B / G1 / 1a Fase / J8: saved C:\git\bcnesa-extract-2\resources\actas-incremental-content\2026-2027\RTB SEGONA B\G1\1a Fase\jornada_08.html (5 matches, 0 played, partial)
2026-10-02 00:20:16,547 INFO Barcelona / RTB SEGONA B / G1 / 1a Fase / J9: future match day, keeping minimal match info from the league page
2026-10-02 00:20:16,553 INFO Barcelona / RTB SEGONA B / G1 / 1a Fase / J9: saved C:\git\bcnesa-extract-2\resources\actas-incremental-content\2026-2027\RTB SEGONA B\G1\1a Fase\jornada_09.html (5 matches, 0 played, partial)
2026-10-02 00:20:16,555 INFO Barcelona / RTB SEGONA B / G1 / 1a Fase / J10: future match day, keeping minimal match info from the league page
2026-10-02 00:20:16,561 INFO Barcelona / RTB SEGONA B / G1 / 1a Fase / J10: saved C:\git\bcnesa-extract-2\resources\actas-incremental-content\2026-2027\RTB SEGONA B\G1\1a Fase\jornada_10.html (5 matches, 0 played, partial)
2026-10-02 00:20:16,564 INFO Barcelona / RTB SEGONA B / G1 / 1a Fase / J11: future match day, keeping minimal match info from the league page
2026-10-02 00:20:16,569 INFO Barcelona / RTB SEGONA B / G1 / 1a Fase / J11: saved C:\git\bcnesa-extract-2\resources\actas-incremental-content\2026-2027\RTB SEGONA B\G1\1a Fase\jornada_11.html (5 matches, 0 played, partial)
2026-10-02 00:20:16,572 INFO Barcelona / RTB SEGONA B / G1 / 1a Fase / J12: future match day, keeping minimal match info from the league page
2026-10-02 00:20:16,577 INFO Barcelona / RTB SEGONA B / G1 / 1a Fase / J12: saved C:\git\bcnesa-extract-2\resources\actas-incremental-content\2026-2027\RTB SEGONA B\G1\1a Fase\jornada_12.html (5 matches, 0 played, partial)
2026-10-02 00:20:16,580 INFO Barcelona / RTB SEGONA B / G1 / 1a Fase / J13: future match day, keeping minimal match info from the league page
2026-10-02 00:20:16,586 INFO Barcelona / RTB SEGONA B / G1 / 1a Fase / J13: saved C:\git\bcnesa-extract-2\resources\actas-incremental-content\2026-2027\RTB SEGONA B\G1\1a Fase\jornada_13.html (5 matches, 0 played, partial)
2026-10-02 00:20:16,588 INFO Barcelona / RTB SEGONA B / G1 / 1a Fase / J14: future match day, keeping minimal match info from the league page
2026-10-02 00:20:16,594 INFO Barcelona / RTB SEGONA B / G1 / 1a Fase / J14: saved C:\git\bcnesa-extract-2\resources\actas-incremental-content\2026-2027\RTB SEGONA B\G1\1a Fase\jornada_14.html (5 matches, 0 played, partial)
2026-10-02 00:20:16,596 INFO Barcelona / RTB SEGONA B / G1 / 1a Fase / J15: future match day, keeping minimal match info from the league page
2026-10-02 00:20:16,601 INFO Barcelona / RTB SEGONA B / G1 / 1a Fase / J15: saved C:\git\bcnesa-extract-2\resources\actas-incremental-content\2026-2027\RTB SEGONA B\G1\1a Fase\jornada_15.html (5 matches, 0 played, partial)
2026-10-02 00:20:16,604 INFO Barcelona / RTB SEGONA B / G1 / 1a Fase / J16: future match day, keeping minimal match info from the league page
2026-10-02 00:20:16,610 INFO Barcelona / RTB SEGONA B / G1 / 1a Fase / J16: saved C:\git\bcnesa-extract-2\resources\actas-incremental-content\2026-2027\RTB SEGONA B\G1\1a Fase\jornada_16.html (5 matches, 0 played, partial)
2026-10-02 00:20:16,613 INFO Barcelona / RTB SEGONA B / G1 / 1a Fase / J17: future match day, keeping minimal match info from the league page
2026-10-02 00:20:16,619 INFO Barcelona / RTB SEGONA B / G1 / 1a Fase / J17: saved C:\git\bcnesa-extract-2\resources\actas-incremental-content\2026-2027\RTB SEGONA B\G1\1a Fase\jornada_17.html (5 matches, 0 played, partial)
2026-10-02 00:20:16,621 INFO Barcelona / RTB SEGONA B / G1 / 1a Fase / J18: future match day, keeping minimal match info from the league page
2026-10-02 00:20:16,627 INFO Barcelona / RTB SEGONA B / G1 / 1a Fase / J18: saved C:\git\bcnesa-extract-2\resources\actas-incremental-content\2026-2027\RTB SEGONA B\G1\1a Fase\jornada_18.html (5 matches, 0 played, partial)
2026-10-02 00:20:18,771 INFO Barcelona / RTB SEGONA B G2: 18 match day(s) -> C:\git\bcnesa-extract-2\resources\actas-incremental-content\2026-2027\RTB SEGONA B\G2\1a Fase
2026-10-02 00:20:22,659 INFO Barcelona / RTB SEGONA B / G2 / 1a Fase / J1: saved C:\git\bcnesa-extract-2\resources\actas-incremental-content\2026-2027\RTB SEGONA B\G2\1a Fase\jornada_01.html (5 matches, 5 played, complete)
2026-10-02 00:20:22,661 INFO Barcelona / RTB SEGONA B / G2 / 1a Fase / J2: future match day, keeping minimal match info from the league page
2026-10-02 00:20:22,671 INFO Barcelona / RTB SEGONA B / G2 / 1a Fase / J2: saved C:\git\bcnesa-extract-2\resources\actas-incremental-content\2026-2027\RTB SEGONA B\G2\1a Fase\jornada_02.html (5 matches, 0 played, partial)
2026-10-02 00:20:22,673 INFO Barcelona / RTB SEGONA B / G2 / 1a Fase / J3: future match day, keeping minimal match info from the league page
2026-10-02 00:20:22,679 INFO Barcelona / RTB SEGONA B / G2 / 1a Fase / J3: saved C:\git\bcnesa-extract-2\resources\actas-incremental-content\2026-2027\RTB SEGONA B\G2\1a Fase\jornada_03.html (5 matches, 0 played, partial)
2026-10-02 00:20:22,681 INFO Barcelona / RTB SEGONA B / G2 / 1a Fase / J4: future match day, keeping minimal match info from the league page
2026-10-02 00:20:22,687 INFO Barcelona / RTB SEGONA B / G2 / 1a Fase / J4: saved C:\git\bcnesa-extract-2\resources\actas-incremental-content\2026-2027\RTB SEGONA B\G2\1a Fase\jornada_04.html (5 matches, 0 played, partial)
2026-10-02 00:20:22,690 INFO Barcelona / RTB SEGONA B / G2 / 1a Fase / J5: future match day, keeping minimal match info from the league page
2026-10-02 00:20:22,698 INFO Barcelona / RTB SEGONA B / G2 / 1a Fase / J5: saved C:\git\bcnesa-extract-2\resources\actas-incremental-content\2026-2027\RTB SEGONA B\G2\1a Fase\jornada_05.html (5 matches, 0 played, partial)
2026-10-02 00:20:22,700 INFO Barcelona / RTB SEGONA B / G2 / 1a Fase / J6: future match day, keeping minimal match info from the league page
2026-10-02 00:20:22,706 INFO Barcelona / RTB SEGONA B / G2 / 1a Fase / J6: saved C:\git\bcnesa-extract-2\resources\actas-incremental-content\2026-2027\RTB SEGONA B\G2\1a Fase\jornada_06.html (5 matches, 0 played, partial)
2026-10-02 00:20:22,708 INFO Barcelona / RTB SEGONA B / G2 / 1a Fase / J7: future match day, keeping minimal match info from the league page
2026-10-02 00:20:22,714 INFO Barcelona / RTB SEGONA B / G2 / 1a Fase / J7: saved C:\git\bcnesa-extract-2\resources\actas-incremental-content\2026-2027\RTB SEGONA B\G2\1a Fase\jornada_07.html (5 matches, 0 played, partial)
2026-10-02 00:20:22,717 INFO Barcelona / RTB SEGONA B / G2 / 1a Fase / J8: future match day, keeping minimal match info from the league page
2026-10-02 00:20:22,722 INFO Barcelona / RTB SEGONA B / G2 / 1a Fase / J8: saved C:\git\bcnesa-extract-2\resources\actas-incremental-content\2026-2027\RTB SEGONA B\G2\1a Fase\jornada_08.html (5 matches, 0 played, partial)
2026-10-02 00:20:22,725 INFO Barcelona / RTB SEGONA B / G2 / 1a Fase / J9: future match day, keeping minimal match info from the league page
2026-10-02 00:20:22,731 INFO Barcelona / RTB SEGONA B / G2 / 1a Fase / J9: saved C:\git\bcnesa-extract-2\resources\actas-incremental-content\2026-2027\RTB SEGONA B\G2\1a Fase\jornada_09.html (5 matches, 0 played, partial)
2026-10-02 00:20:22,736 INFO Barcelona / RTB SEGONA B / G2 / 1a Fase / J10: future match day, keeping minimal match info from the league page
2026-10-02 00:20:22,742 INFO Barcelona / RTB SEGONA B / G2 / 1a Fase / J10: saved C:\git\bcnesa-extract-2\resources\actas-incremental-content\2026-2027\RTB SEGONA B\G2\1a Fase\jornada_10.html (5 matches, 0 played, partial)
2026-10-02 00:20:22,745 INFO Barcelona / RTB SEGONA B / G2 / 1a Fase / J11: future match day, keeping minimal match info from the league page
2026-10-02 00:20:22,751 INFO Barcelona / RTB SEGONA B / G2 / 1a Fase / J11: saved C:\git\bcnesa-extract-2\resources\actas-incremental-content\2026-2027\RTB SEGONA B\G2\1a Fase\jornada_11.html (5 matches, 0 played, partial)
2026-10-02 00:20:22,753 INFO Barcelona / RTB SEGONA B / G2 / 1a Fase / J12: future match day, keeping minimal match info from the league page
2026-10-02 00:20:22,759 INFO Barcelona / RTB SEGONA B / G2 / 1a Fase / J12: saved C:\git\bcnesa-extract-2\resources\actas-incremental-content\2026-2027\RTB SEGONA B\G2\1a Fase\jornada_12.html (5 matches, 0 played, partial)
2026-10-02 00:20:22,762 INFO Barcelona / RTB SEGONA B / G2 / 1a Fase / J13: future match day, keeping minimal match info from the league page
2026-10-02 00:20:22,768 INFO Barcelona / RTB SEGONA B / G2 / 1a Fase / J13: saved C:\git\bcnesa-extract-2\resources\actas-incremental-content\2026-2027\RTB SEGONA B\G2\1a Fase\jornada_13.html (5 matches, 0 played, partial)
2026-10-02 00:20:22,771 INFO Barcelona / RTB SEGONA B / G2 / 1a Fase / J14: future match day, keeping minimal match info from the league page
2026-10-02 00:20:22,777 INFO Barcelona / RTB SEGONA B / G2 / 1a Fase / J14: saved C:\git\bcnesa-extract-2\resources\actas-incremental-content\2026-2027\RTB SEGONA B\G2\1a Fase\jornada_14.html (5 matches, 0 played, partial)
2026-10-02 00:20:22,779 INFO Barcelona / RTB SEGONA B / G2 / 1a Fase / J15: future match day, keeping minimal match info from the league page
2026-10-02 00:20:22,785 INFO Barcelona / RTB SEGONA B / G2 / 1a Fase / J15: saved C:\git\bcnesa-extract-2\resources\actas-incremental-content\2026-2027\RTB SEGONA B\G2\1a Fase\jornada_15.html (5 matches, 0 played, partial)
2026-10-02 00:20:22,789 INFO Barcelona / RTB SEGONA B / G2 / 1a Fase / J16: future match day, keeping minimal match info from the league page
2026-10-02 00:20:22,795 INFO Barcelona / RTB SEGONA B / G2 / 1a Fase / J16: saved C:\git\bcnesa-extract-2\resources\actas-incremental-content\2026-2027\RTB SEGONA B\G2\1a Fase\jornada_16.html (5 matches, 0 played, partial)
2026-10-02 00:20:22,797 INFO Barcelona / RTB SEGONA B / G2 / 1a Fase / J17: future match day, keeping minimal match info from the league page
2026-10-02 00:20:22,804 INFO Barcelona / RTB SEGONA B / G2 / 1a Fase / J17: saved C:\git\bcnesa-extract-2\resources\actas-incremental-content\2026-2027\RTB SEGONA B\G2\1a Fase\jornada_17.html (5 matches, 0 played, partial)
2026-10-02 00:20:22,807 INFO Barcelona / RTB SEGONA B / G2 / 1a Fase / J18: future match day, keeping minimal match info from the league page
2026-10-02 00:20:22,813 INFO Barcelona / RTB SEGONA B / G2 / 1a Fase / J18: saved C:\git\bcnesa-extract-2\resources\actas-incremental-content\2026-2027\RTB SEGONA B\G2\1a Fase\jornada_18.html (5 matches, 0 played, partial)
2026-10-02 00:20:24,950 INFO Barcelona / RTB SEGONA B G3: 18 match day(s) -> C:\git\bcnesa-extract-2\resources\actas-incremental-content\2026-2027\RTB SEGONA B\G3\1a Fase
2026-10-02 00:20:28,561 WARNING Attempt 1/4 failed for https://fctt.cat/lligues/rtb-seg-b-3/?jornada=1 (incomplete content: match 6640 game 1 left: player 'MARTINEZ DE MORENTIN VAZQUEZ, JOSEP RAMON' has no player link (+11 more)); retrying in 4.0s
2026-10-02 00:20:35,683 WARNING Attempt 2/4 failed for https://fctt.cat/lligues/rtb-seg-b-3/?jornada=1 (page without matches (the site returned an empty page)); retrying in 4.9s
2026-10-02 00:20:43,521 WARNING Attempt 3/4 failed for https://fctt.cat/lligues/rtb-seg-b-3/?jornada=1 (page without matches (the site returned an empty page)); retrying in 8.4s
2026-10-02 00:20:53,499 ERROR Failed after 4 attempt(s): https://fctt.cat/lligues/rtb-seg-b-3/?jornada=1 (page without matches (the site returned an empty page))
2026-10-02 00:20:53,499 ERROR Barcelona / RTB SEGONA B / G3 / 1a Fase / J1: match day not available after retries, skipped (https://fctt.cat/lligues/rtb-seg-b-3/?jornada=1)
2026-10-02 00:20:53,504 INFO Barcelona / RTB SEGONA B / G3 / 1a Fase / J2: future match day, keeping minimal match info from the league page
2026-10-02 00:20:53,511 INFO Barcelona / RTB SEGONA B / G3 / 1a Fase / J2: saved C:\git\bcnesa-extract-2\resources\actas-incremental-content\2026-2027\RTB SEGONA B\G3\1a Fase\jornada_02.html (5 matches, 0 played, partial)
2026-10-02 00:20:53,514 INFO Barcelona / RTB SEGONA B / G3 / 1a Fase / J3: future match day, keeping minimal match info from the league page
2026-10-02 00:20:53,521 INFO Barcelona / RTB SEGONA B / G3 / 1a Fase / J3: saved C:\git\bcnesa-extract-2\resources\actas-incremental-content\2026-2027\RTB SEGONA B\G3\1a Fase\jornada_03.html (5 matches, 0 played, partial)
2026-10-02 00:20:53,524 INFO Barcelona / RTB SEGONA B / G3 / 1a Fase / J4: future match day, keeping minimal match info from the league page
2026-10-02 00:20:53,531 INFO Barcelona / RTB SEGONA B / G3 / 1a Fase / J4: saved C:\git\bcnesa-extract-2\resources\actas-incremental-content\2026-2027\RTB SEGONA B\G3\1a Fase\jornada_04.html (5 matches, 0 played, partial)
2026-10-02 00:20:53,534 INFO Barcelona / RTB SEGONA B / G3 / 1a Fase / J5: future match day, keeping minimal match info from the league page
2026-10-02 00:20:53,539 INFO Barcelona / RTB SEGONA B / G3 / 1a Fase / J5: saved C:\git\bcnesa-extract-2\resources\actas-incremental-content\2026-2027\RTB SEGONA B\G3\1a Fase\jornada_05.html (5 matches, 0 played, partial)
2026-10-02 00:20:53,542 INFO Barcelona / RTB SEGONA B / G3 / 1a Fase / J6: future match day, keeping minimal match info from the league page
2026-10-02 00:20:53,548 INFO Barcelona / RTB SEGONA B / G3 / 1a Fase / J6: saved C:\git\bcnesa-extract-2\resources\actas-incremental-content\2026-2027\RTB SEGONA B\G3\1a Fase\jornada_06.html (5 matches, 0 played, partial)
2026-10-02 00:20:53,550 INFO Barcelona / RTB SEGONA B / G3 / 1a Fase / J7: future match day, keeping minimal match info from the league page
2026-10-02 00:20:53,556 INFO Barcelona / RTB SEGONA B / G3 / 1a Fase / J7: saved C:\git\bcnesa-extract-2\resources\actas-incremental-content\2026-2027\RTB SEGONA B\G3\1a Fase\jornada_07.html (5 matches, 0 played, partial)
2026-10-02 00:20:53,558 INFO Barcelona / RTB SEGONA B / G3 / 1a Fase / J8: future match day, keeping minimal match info from the league page
2026-10-02 00:20:53,564 INFO Barcelona / RTB SEGONA B / G3 / 1a Fase / J8: saved C:\git\bcnesa-extract-2\resources\actas-incremental-content\2026-2027\RTB SEGONA B\G3\1a Fase\jornada_08.html (5 matches, 0 played, partial)
2026-10-02 00:20:53,567 INFO Barcelona / RTB SEGONA B / G3 / 1a Fase / J9: future match day, keeping minimal match info from the league page
2026-10-02 00:20:53,572 INFO Barcelona / RTB SEGONA B / G3 / 1a Fase / J9: saved C:\git\bcnesa-extract-2\resources\actas-incremental-content\2026-2027\RTB SEGONA B\G3\1a Fase\jornada_09.html (5 matches, 0 played, partial)
2026-10-02 00:20:53,575 INFO Barcelona / RTB SEGONA B / G3 / 1a Fase / J10: future match day, keeping minimal match info from the league page
2026-10-02 00:20:53,581 INFO Barcelona / RTB SEGONA B / G3 / 1a Fase / J10: saved C:\git\bcnesa-extract-2\resources\actas-incremental-content\2026-2027\RTB SEGONA B\G3\1a Fase\jornada_10.html (5 matches, 0 played, partial)
2026-10-02 00:20:53,583 INFO Barcelona / RTB SEGONA B / G3 / 1a Fase / J11: future match day, keeping minimal match info from the league page
2026-10-02 00:20:53,589 INFO Barcelona / RTB SEGONA B / G3 / 1a Fase / J11: saved C:\git\bcnesa-extract-2\resources\actas-incremental-content\2026-2027\RTB SEGONA B\G3\1a Fase\jornada_11.html (5 matches, 0 played, partial)
2026-10-02 00:20:53,592 INFO Barcelona / RTB SEGONA B / G3 / 1a Fase / J12: future match day, keeping minimal match info from the league page
2026-10-02 00:20:53,598 INFO Barcelona / RTB SEGONA B / G3 / 1a Fase / J12: saved C:\git\bcnesa-extract-2\resources\actas-incremental-content\2026-2027\RTB SEGONA B\G3\1a Fase\jornada_12.html (5 matches, 0 played, partial)
2026-10-02 00:20:53,600 INFO Barcelona / RTB SEGONA B / G3 / 1a Fase / J13: future match day, keeping minimal match info from the league page
2026-10-02 00:20:53,606 INFO Barcelona / RTB SEGONA B / G3 / 1a Fase / J13: saved C:\git\bcnesa-extract-2\resources\actas-incremental-content\2026-2027\RTB SEGONA B\G3\1a Fase\jornada_13.html (5 matches, 0 played, partial)
2026-10-02 00:20:53,608 INFO Barcelona / RTB SEGONA B / G3 / 1a Fase / J14: future match day, keeping minimal match info from the league page
2026-10-02 00:20:53,614 INFO Barcelona / RTB SEGONA B / G3 / 1a Fase / J14: saved C:\git\bcnesa-extract-2\resources\actas-incremental-content\2026-2027\RTB SEGONA B\G3\1a Fase\jornada_14.html (5 matches, 0 played, partial)
2026-10-02 00:20:53,617 INFO Barcelona / RTB SEGONA B / G3 / 1a Fase / J15: future match day, keeping minimal match info from the league page
2026-10-02 00:20:53,623 INFO Barcelona / RTB SEGONA B / G3 / 1a Fase / J15: saved C:\git\bcnesa-extract-2\resources\actas-incremental-content\2026-2027\RTB SEGONA B\G3\1a Fase\jornada_15.html (5 matches, 0 played, partial)
2026-10-02 00:20:53,625 INFO Barcelona / RTB SEGONA B / G3 / 1a Fase / J16: future match day, keeping minimal match info from the league page
2026-10-02 00:20:53,631 INFO Barcelona / RTB SEGONA B / G3 / 1a Fase / J16: saved C:\git\bcnesa-extract-2\resources\actas-incremental-content\2026-2027\RTB SEGONA B\G3\1a Fase\jornada_16.html (5 matches, 0 played, partial)
2026-10-02 00:20:53,634 INFO Barcelona / RTB SEGONA B / G3 / 1a Fase / J17: future match day, keeping minimal match info from the league page
2026-10-02 00:20:53,639 INFO Barcelona / RTB SEGONA B / G3 / 1a Fase / J17: saved C:\git\bcnesa-extract-2\resources\actas-incremental-content\2026-2027\RTB SEGONA B\G3\1a Fase\jornada_17.html (5 matches, 0 played, partial)
2026-10-02 00:20:53,642 INFO Barcelona / RTB SEGONA B / G3 / 1a Fase / J18: future match day, keeping minimal match info from the league page
2026-10-02 00:20:53,647 INFO Barcelona / RTB SEGONA B / G3 / 1a Fase / J18: saved C:\git\bcnesa-extract-2\resources\actas-incremental-content\2026-2027\RTB SEGONA B\G3\1a Fase\jornada_18.html (5 matches, 0 played, partial)
2026-10-02 00:20:55,264 WARNING Attempt 1/4 failed for https://fctt.cat/lligues/rtb-ter-a/ (page without the expected content (the site returned an empty page)); retrying in 3.0s
2026-10-02 00:20:59,799 WARNING Attempt 2/4 failed for https://fctt.cat/lligues/rtb-ter-a/ (page without the expected content (the site returned an empty page)); retrying in 4.1s
2026-10-02 00:21:06,119 INFO Barcelona / RTB TERCERA A G1: 18 match day(s) -> C:\git\bcnesa-extract-2\resources\actas-incremental-content\2026-2027\RTB TERCERA A\G1\1a Fase
2026-10-02 00:21:09,914 INFO Barcelona / RTB TERCERA A / G1 / 1a Fase / J1: saved C:\git\bcnesa-extract-2\resources\actas-incremental-content\2026-2027\RTB TERCERA A\G1\1a Fase\jornada_01.html (5 matches, 5 played, complete)
2026-10-02 00:21:09,917 INFO Barcelona / RTB TERCERA A / G1 / 1a Fase / J2: future match day, keeping minimal match info from the league page
2026-10-02 00:21:09,927 INFO Barcelona / RTB TERCERA A / G1 / 1a Fase / J2: saved C:\git\bcnesa-extract-2\resources\actas-incremental-content\2026-2027\RTB TERCERA A\G1\1a Fase\jornada_02.html (5 matches, 0 played, partial)
2026-10-02 00:21:09,929 INFO Barcelona / RTB TERCERA A / G1 / 1a Fase / J3: future match day, keeping minimal match info from the league page
2026-10-02 00:21:09,937 INFO Barcelona / RTB TERCERA A / G1 / 1a Fase / J3: saved C:\git\bcnesa-extract-2\resources\actas-incremental-content\2026-2027\RTB TERCERA A\G1\1a Fase\jornada_03.html (5 matches, 0 played, partial)
2026-10-02 00:21:09,939 INFO Barcelona / RTB TERCERA A / G1 / 1a Fase / J4: future match day, keeping minimal match info from the league page
2026-10-02 00:21:09,945 INFO Barcelona / RTB TERCERA A / G1 / 1a Fase / J4: saved C:\git\bcnesa-extract-2\resources\actas-incremental-content\2026-2027\RTB TERCERA A\G1\1a Fase\jornada_04.html (5 matches, 0 played, partial)
2026-10-02 00:21:09,948 INFO Barcelona / RTB TERCERA A / G1 / 1a Fase / J5: future match day, keeping minimal match info from the league page
2026-10-02 00:21:09,954 INFO Barcelona / RTB TERCERA A / G1 / 1a Fase / J5: saved C:\git\bcnesa-extract-2\resources\actas-incremental-content\2026-2027\RTB TERCERA A\G1\1a Fase\jornada_05.html (5 matches, 0 played, partial)
2026-10-02 00:21:09,957 INFO Barcelona / RTB TERCERA A / G1 / 1a Fase / J6: future match day, keeping minimal match info from the league page
2026-10-02 00:21:09,963 INFO Barcelona / RTB TERCERA A / G1 / 1a Fase / J6: saved C:\git\bcnesa-extract-2\resources\actas-incremental-content\2026-2027\RTB TERCERA A\G1\1a Fase\jornada_06.html (5 matches, 0 played, partial)
2026-10-02 00:21:09,965 INFO Barcelona / RTB TERCERA A / G1 / 1a Fase / J7: future match day, keeping minimal match info from the league page
2026-10-02 00:21:09,971 INFO Barcelona / RTB TERCERA A / G1 / 1a Fase / J7: saved C:\git\bcnesa-extract-2\resources\actas-incremental-content\2026-2027\RTB TERCERA A\G1\1a Fase\jornada_07.html (5 matches, 0 played, partial)
2026-10-02 00:21:09,974 INFO Barcelona / RTB TERCERA A / G1 / 1a Fase / J8: future match day, keeping minimal match info from the league page
2026-10-02 00:21:09,979 INFO Barcelona / RTB TERCERA A / G1 / 1a Fase / J8: saved C:\git\bcnesa-extract-2\resources\actas-incremental-content\2026-2027\RTB TERCERA A\G1\1a Fase\jornada_08.html (5 matches, 0 played, partial)
2026-10-02 00:21:09,982 INFO Barcelona / RTB TERCERA A / G1 / 1a Fase / J9: future match day, keeping minimal match info from the league page
2026-10-02 00:21:09,988 INFO Barcelona / RTB TERCERA A / G1 / 1a Fase / J9: saved C:\git\bcnesa-extract-2\resources\actas-incremental-content\2026-2027\RTB TERCERA A\G1\1a Fase\jornada_09.html (5 matches, 0 played, partial)
2026-10-02 00:21:09,990 INFO Barcelona / RTB TERCERA A / G1 / 1a Fase / J10: future match day, keeping minimal match info from the league page
2026-10-02 00:21:09,996 INFO Barcelona / RTB TERCERA A / G1 / 1a Fase / J10: saved C:\git\bcnesa-extract-2\resources\actas-incremental-content\2026-2027\RTB TERCERA A\G1\1a Fase\jornada_10.html (5 matches, 0 played, partial)
2026-10-02 00:21:10,006 INFO Barcelona / RTB TERCERA A / G1 / 1a Fase / J11: future match day, keeping minimal match info from the league page
2026-10-02 00:21:10,012 INFO Barcelona / RTB TERCERA A / G1 / 1a Fase / J11: saved C:\git\bcnesa-extract-2\resources\actas-incremental-content\2026-2027\RTB TERCERA A\G1\1a Fase\jornada_11.html (5 matches, 0 played, partial)
2026-10-02 00:21:10,015 INFO Barcelona / RTB TERCERA A / G1 / 1a Fase / J12: future match day, keeping minimal match info from the league page
2026-10-02 00:21:10,021 INFO Barcelona / RTB TERCERA A / G1 / 1a Fase / J12: saved C:\git\bcnesa-extract-2\resources\actas-incremental-content\2026-2027\RTB TERCERA A\G1\1a Fase\jornada_12.html (5 matches, 0 played, partial)
2026-10-02 00:21:10,023 INFO Barcelona / RTB TERCERA A / G1 / 1a Fase / J13: future match day, keeping minimal match info from the league page
2026-10-02 00:21:10,029 INFO Barcelona / RTB TERCERA A / G1 / 1a Fase / J13: saved C:\git\bcnesa-extract-2\resources\actas-incremental-content\2026-2027\RTB TERCERA A\G1\1a Fase\jornada_13.html (5 matches, 0 played, partial)
2026-10-02 00:21:10,032 INFO Barcelona / RTB TERCERA A / G1 / 1a Fase / J14: future match day, keeping minimal match info from the league page
2026-10-02 00:21:10,038 INFO Barcelona / RTB TERCERA A / G1 / 1a Fase / J14: saved C:\git\bcnesa-extract-2\resources\actas-incremental-content\2026-2027\RTB TERCERA A\G1\1a Fase\jornada_14.html (5 matches, 0 played, partial)
2026-10-02 00:21:10,040 INFO Barcelona / RTB TERCERA A / G1 / 1a Fase / J15: future match day, keeping minimal match info from the league page
2026-10-02 00:21:10,046 INFO Barcelona / RTB TERCERA A / G1 / 1a Fase / J15: saved C:\git\bcnesa-extract-2\resources\actas-incremental-content\2026-2027\RTB TERCERA A\G1\1a Fase\jornada_15.html (5 matches, 0 played, partial)
2026-10-02 00:21:10,049 INFO Barcelona / RTB TERCERA A / G1 / 1a Fase / J16: future match day, keeping minimal match info from the league page
2026-10-02 00:21:10,054 INFO Barcelona / RTB TERCERA A / G1 / 1a Fase / J16: saved C:\git\bcnesa-extract-2\resources\actas-incremental-content\2026-2027\RTB TERCERA A\G1\1a Fase\jornada_16.html (5 matches, 0 played, partial)
2026-10-02 00:21:10,057 INFO Barcelona / RTB TERCERA A / G1 / 1a Fase / J17: future match day, keeping minimal match info from the league page
2026-10-02 00:21:10,062 INFO Barcelona / RTB TERCERA A / G1 / 1a Fase / J17: saved C:\git\bcnesa-extract-2\resources\actas-incremental-content\2026-2027\RTB TERCERA A\G1\1a Fase\jornada_17.html (5 matches, 0 played, partial)
2026-10-02 00:21:10,065 INFO Barcelona / RTB TERCERA A / G1 / 1a Fase / J18: future match day, keeping minimal match info from the league page
2026-10-02 00:21:10,071 INFO Barcelona / RTB TERCERA A / G1 / 1a Fase / J18: saved C:\git\bcnesa-extract-2\resources\actas-incremental-content\2026-2027\RTB TERCERA A\G1\1a Fase\jornada_18.html (5 matches, 0 played, partial)
2026-10-02 00:21:12,623 INFO Barcelona / RTB TERCERA A G2: 18 match day(s) -> C:\git\bcnesa-extract-2\resources\actas-incremental-content\2026-2027\RTB TERCERA A\G2\1a Fase
2026-10-02 00:21:16,571 INFO Barcelona / RTB TERCERA A / G2 / 1a Fase / J1: saved C:\git\bcnesa-extract-2\resources\actas-incremental-content\2026-2027\RTB TERCERA A\G2\1a Fase\jornada_01.html (5 matches, 5 played, complete)
2026-10-02 00:21:16,573 INFO Barcelona / RTB TERCERA A / G2 / 1a Fase / J2: future match day, keeping minimal match info from the league page
2026-10-02 00:21:16,585 INFO Barcelona / RTB TERCERA A / G2 / 1a Fase / J2: saved C:\git\bcnesa-extract-2\resources\actas-incremental-content\2026-2027\RTB TERCERA A\G2\1a Fase\jornada_02.html (5 matches, 0 played, partial)
2026-10-02 00:21:16,587 INFO Barcelona / RTB TERCERA A / G2 / 1a Fase / J3: future match day, keeping minimal match info from the league page
2026-10-02 00:21:16,593 INFO Barcelona / RTB TERCERA A / G2 / 1a Fase / J3: saved C:\git\bcnesa-extract-2\resources\actas-incremental-content\2026-2027\RTB TERCERA A\G2\1a Fase\jornada_03.html (5 matches, 0 played, partial)
2026-10-02 00:21:16,596 INFO Barcelona / RTB TERCERA A / G2 / 1a Fase / J4: future match day, keeping minimal match info from the league page
2026-10-02 00:21:16,602 INFO Barcelona / RTB TERCERA A / G2 / 1a Fase / J4: saved C:\git\bcnesa-extract-2\resources\actas-incremental-content\2026-2027\RTB TERCERA A\G2\1a Fase\jornada_04.html (5 matches, 0 played, partial)
2026-10-02 00:21:16,604 INFO Barcelona / RTB TERCERA A / G2 / 1a Fase / J5: future match day, keeping minimal match info from the league page
2026-10-02 00:21:16,610 INFO Barcelona / RTB TERCERA A / G2 / 1a Fase / J5: saved C:\git\bcnesa-extract-2\resources\actas-incremental-content\2026-2027\RTB TERCERA A\G2\1a Fase\jornada_05.html (5 matches, 0 played, partial)
2026-10-02 00:21:16,612 INFO Barcelona / RTB TERCERA A / G2 / 1a Fase / J6: future match day, keeping minimal match info from the league page
2026-10-02 00:21:16,618 INFO Barcelona / RTB TERCERA A / G2 / 1a Fase / J6: saved C:\git\bcnesa-extract-2\resources\actas-incremental-content\2026-2027\RTB TERCERA A\G2\1a Fase\jornada_06.html (5 matches, 0 played, partial)
2026-10-02 00:21:16,620 INFO Barcelona / RTB TERCERA A / G2 / 1a Fase / J7: future match day, keeping minimal match info from the league page
2026-10-02 00:21:16,626 INFO Barcelona / RTB TERCERA A / G2 / 1a Fase / J7: saved C:\git\bcnesa-extract-2\resources\actas-incremental-content\2026-2027\RTB TERCERA A\G2\1a Fase\jornada_07.html (5 matches, 0 played, partial)
2026-10-02 00:21:16,629 INFO Barcelona / RTB TERCERA A / G2 / 1a Fase / J8: future match day, keeping minimal match info from the league page
2026-10-02 00:21:16,635 INFO Barcelona / RTB TERCERA A / G2 / 1a Fase / J8: saved C:\git\bcnesa-extract-2\resources\actas-incremental-content\2026-2027\RTB TERCERA A\G2\1a Fase\jornada_08.html (5 matches, 0 played, partial)
2026-10-02 00:21:16,637 INFO Barcelona / RTB TERCERA A / G2 / 1a Fase / J9: future match day, keeping minimal match info from the league page
2026-10-02 00:21:16,643 INFO Barcelona / RTB TERCERA A / G2 / 1a Fase / J9: saved C:\git\bcnesa-extract-2\resources\actas-incremental-content\2026-2027\RTB TERCERA A\G2\1a Fase\jornada_09.html (5 matches, 0 played, partial)
2026-10-02 00:21:16,645 INFO Barcelona / RTB TERCERA A / G2 / 1a Fase / J10: future match day, keeping minimal match info from the league page
2026-10-02 00:21:16,651 INFO Barcelona / RTB TERCERA A / G2 / 1a Fase / J10: saved C:\git\bcnesa-extract-2\resources\actas-incremental-content\2026-2027\RTB TERCERA A\G2\1a Fase\jornada_10.html (5 matches, 0 played, partial)
2026-10-02 00:21:16,654 INFO Barcelona / RTB TERCERA A / G2 / 1a Fase / J11: future match day, keeping minimal match info from the league page
2026-10-02 00:21:16,659 INFO Barcelona / RTB TERCERA A / G2 / 1a Fase / J11: saved C:\git\bcnesa-extract-2\resources\actas-incremental-content\2026-2027\RTB TERCERA A\G2\1a Fase\jornada_11.html (5 matches, 0 played, partial)
2026-10-02 00:21:16,662 INFO Barcelona / RTB TERCERA A / G2 / 1a Fase / J12: future match day, keeping minimal match info from the league page
2026-10-02 00:21:16,667 INFO Barcelona / RTB TERCERA A / G2 / 1a Fase / J12: saved C:\git\bcnesa-extract-2\resources\actas-incremental-content\2026-2027\RTB TERCERA A\G2\1a Fase\jornada_12.html (5 matches, 0 played, partial)
2026-10-02 00:21:16,670 INFO Barcelona / RTB TERCERA A / G2 / 1a Fase / J13: future match day, keeping minimal match info from the league page
2026-10-02 00:21:16,675 INFO Barcelona / RTB TERCERA A / G2 / 1a Fase / J13: saved C:\git\bcnesa-extract-2\resources\actas-incremental-content\2026-2027\RTB TERCERA A\G2\1a Fase\jornada_13.html (5 matches, 0 played, partial)
2026-10-02 00:21:16,678 INFO Barcelona / RTB TERCERA A / G2 / 1a Fase / J14: future match day, keeping minimal match info from the league page
2026-10-02 00:21:16,683 INFO Barcelona / RTB TERCERA A / G2 / 1a Fase / J14: saved C:\git\bcnesa-extract-2\resources\actas-incremental-content\2026-2027\RTB TERCERA A\G2\1a Fase\jornada_14.html (5 matches, 0 played, partial)
2026-10-02 00:21:16,686 INFO Barcelona / RTB TERCERA A / G2 / 1a Fase / J15: future match day, keeping minimal match info from the league page
2026-10-02 00:21:16,691 INFO Barcelona / RTB TERCERA A / G2 / 1a Fase / J15: saved C:\git\bcnesa-extract-2\resources\actas-incremental-content\2026-2027\RTB TERCERA A\G2\1a Fase\jornada_15.html (5 matches, 0 played, partial)
2026-10-02 00:21:16,695 INFO Barcelona / RTB TERCERA A / G2 / 1a Fase / J16: future match day, keeping minimal match info from the league page
2026-10-02 00:21:16,701 INFO Barcelona / RTB TERCERA A / G2 / 1a Fase / J16: saved C:\git\bcnesa-extract-2\resources\actas-incremental-content\2026-2027\RTB TERCERA A\G2\1a Fase\jornada_16.html (5 matches, 0 played, partial)
2026-10-02 00:21:16,703 INFO Barcelona / RTB TERCERA A / G2 / 1a Fase / J17: future match day, keeping minimal match info from the league page
2026-10-02 00:21:16,709 INFO Barcelona / RTB TERCERA A / G2 / 1a Fase / J17: saved C:\git\bcnesa-extract-2\resources\actas-incremental-content\2026-2027\RTB TERCERA A\G2\1a Fase\jornada_17.html (5 matches, 0 played, partial)
2026-10-02 00:21:16,713 INFO Barcelona / RTB TERCERA A / G2 / 1a Fase / J18: future match day, keeping minimal match info from the league page
2026-10-02 00:21:16,719 INFO Barcelona / RTB TERCERA A / G2 / 1a Fase / J18: saved C:\git\bcnesa-extract-2\resources\actas-incremental-content\2026-2027\RTB TERCERA A\G2\1a Fase\jornada_18.html (5 matches, 0 played, partial)
2026-10-02 00:21:19,032 INFO Barcelona / RTB TERCERA A G3: 18 match day(s) -> C:\git\bcnesa-extract-2\resources\actas-incremental-content\2026-2027\RTB TERCERA A\G3\1a Fase
2026-10-02 00:21:22,894 WARNING Attempt 1/4 failed for https://fctt.cat/lligues/rtb-ter-a-3/?jornada=1 (incomplete content: match 6907 game 1 right: player 'COBO HUESO, JOSE ANTONIO' has no player link (+41 more)); retrying in 2.6s
2026-10-02 00:21:27,087 WARNING Attempt 2/4 failed for https://fctt.cat/lligues/rtb-ter-a-3/?jornada=1 (page without matches (the site returned an empty page)); retrying in 4.2s
2026-10-02 00:21:32,931 WARNING Attempt 3/4 failed for https://fctt.cat/lligues/rtb-ter-a-3/?jornada=1 (page without matches (the site returned an empty page)); retrying in 9.8s
2026-10-02 00:21:44,211 ERROR Failed after 4 attempt(s): https://fctt.cat/lligues/rtb-ter-a-3/?jornada=1 (page without matches (the site returned an empty page))
2026-10-02 00:21:44,212 ERROR Barcelona / RTB TERCERA A / G3 / 1a Fase / J1: match day not available after retries, skipped (https://fctt.cat/lligues/rtb-ter-a-3/?jornada=1)
2026-10-02 00:21:44,221 INFO Barcelona / RTB TERCERA A / G3 / 1a Fase / J2: future match day, keeping minimal match info from the league page
2026-10-02 00:21:44,235 INFO Barcelona / RTB TERCERA A / G3 / 1a Fase / J2: saved C:\git\bcnesa-extract-2\resources\actas-incremental-content\2026-2027\RTB TERCERA A\G3\1a Fase\jornada_02.html (5 matches, 0 played, partial)
2026-10-02 00:21:44,238 INFO Barcelona / RTB TERCERA A / G3 / 1a Fase / J3: future match day, keeping minimal match info from the league page
2026-10-02 00:21:44,245 INFO Barcelona / RTB TERCERA A / G3 / 1a Fase / J3: saved C:\git\bcnesa-extract-2\resources\actas-incremental-content\2026-2027\RTB TERCERA A\G3\1a Fase\jornada_03.html (5 matches, 0 played, partial)
2026-10-02 00:21:44,248 INFO Barcelona / RTB TERCERA A / G3 / 1a Fase / J4: future match day, keeping minimal match info from the league page
2026-10-02 00:21:44,260 INFO Barcelona / RTB TERCERA A / G3 / 1a Fase / J4: saved C:\git\bcnesa-extract-2\resources\actas-incremental-content\2026-2027\RTB TERCERA A\G3\1a Fase\jornada_04.html (5 matches, 0 played, partial)
2026-10-02 00:21:44,263 INFO Barcelona / RTB TERCERA A / G3 / 1a Fase / J5: future match day, keeping minimal match info from the league page
2026-10-02 00:21:44,271 INFO Barcelona / RTB TERCERA A / G3 / 1a Fase / J5: saved C:\git\bcnesa-extract-2\resources\actas-incremental-content\2026-2027\RTB TERCERA A\G3\1a Fase\jornada_05.html (5 matches, 0 played, partial)
2026-10-02 00:21:44,274 INFO Barcelona / RTB TERCERA A / G3 / 1a Fase / J6: future match day, keeping minimal match info from the league page
2026-10-02 00:21:44,280 INFO Barcelona / RTB TERCERA A / G3 / 1a Fase / J6: saved C:\git\bcnesa-extract-2\resources\actas-incremental-content\2026-2027\RTB TERCERA A\G3\1a Fase\jornada_06.html (5 matches, 0 played, partial)
2026-10-02 00:21:44,283 INFO Barcelona / RTB TERCERA A / G3 / 1a Fase / J7: future match day, keeping minimal match info from the league page
2026-10-02 00:21:44,291 INFO Barcelona / RTB TERCERA A / G3 / 1a Fase / J7: saved C:\git\bcnesa-extract-2\resources\actas-incremental-content\2026-2027\RTB TERCERA A\G3\1a Fase\jornada_07.html (5 matches, 0 played, partial)
2026-10-02 00:21:44,295 INFO Barcelona / RTB TERCERA A / G3 / 1a Fase / J8: future match day, keeping minimal match info from the league page
2026-10-02 00:21:44,301 INFO Barcelona / RTB TERCERA A / G3 / 1a Fase / J8: saved C:\git\bcnesa-extract-2\resources\actas-incremental-content\2026-2027\RTB TERCERA A\G3\1a Fase\jornada_08.html (5 matches, 0 played, partial)
2026-10-02 00:21:44,304 INFO Barcelona / RTB TERCERA A / G3 / 1a Fase / J9: future match day, keeping minimal match info from the league page
2026-10-02 00:21:44,310 INFO Barcelona / RTB TERCERA A / G3 / 1a Fase / J9: saved C:\git\bcnesa-extract-2\resources\actas-incremental-content\2026-2027\RTB TERCERA A\G3\1a Fase\jornada_09.html (5 matches, 0 played, partial)
2026-10-02 00:21:44,312 INFO Barcelona / RTB TERCERA A / G3 / 1a Fase / J10: future match day, keeping minimal match info from the league page
2026-10-02 00:21:44,318 INFO Barcelona / RTB TERCERA A / G3 / 1a Fase / J10: saved C:\git\bcnesa-extract-2\resources\actas-incremental-content\2026-2027\RTB TERCERA A\G3\1a Fase\jornada_10.html (5 matches, 0 played, partial)
2026-10-02 00:21:44,320 INFO Barcelona / RTB TERCERA A / G3 / 1a Fase / J11: future match day, keeping minimal match info from the league page
2026-10-02 00:21:44,326 INFO Barcelona / RTB TERCERA A / G3 / 1a Fase / J11: saved C:\git\bcnesa-extract-2\resources\actas-incremental-content\2026-2027\RTB TERCERA A\G3\1a Fase\jornada_11.html (5 matches, 0 played, partial)
2026-10-02 00:21:44,329 INFO Barcelona / RTB TERCERA A / G3 / 1a Fase / J12: future match day, keeping minimal match info from the league page
2026-10-02 00:21:44,334 INFO Barcelona / RTB TERCERA A / G3 / 1a Fase / J12: saved C:\git\bcnesa-extract-2\resources\actas-incremental-content\2026-2027\RTB TERCERA A\G3\1a Fase\jornada_12.html (5 matches, 0 played, partial)
2026-10-02 00:21:44,339 INFO Barcelona / RTB TERCERA A / G3 / 1a Fase / J13: future match day, keeping minimal match info from the league page
2026-10-02 00:21:44,346 INFO Barcelona / RTB TERCERA A / G3 / 1a Fase / J13: saved C:\git\bcnesa-extract-2\resources\actas-incremental-content\2026-2027\RTB TERCERA A\G3\1a Fase\jornada_13.html (5 matches, 0 played, partial)
2026-10-02 00:21:44,349 INFO Barcelona / RTB TERCERA A / G3 / 1a Fase / J14: future match day, keeping minimal match info from the league page
2026-10-02 00:21:44,354 INFO Barcelona / RTB TERCERA A / G3 / 1a Fase / J14: saved C:\git\bcnesa-extract-2\resources\actas-incremental-content\2026-2027\RTB TERCERA A\G3\1a Fase\jornada_14.html (5 matches, 0 played, partial)
2026-10-02 00:21:44,356 INFO Barcelona / RTB TERCERA A / G3 / 1a Fase / J15: future match day, keeping minimal match info from the league page
2026-10-02 00:21:44,362 INFO Barcelona / RTB TERCERA A / G3 / 1a Fase / J15: saved C:\git\bcnesa-extract-2\resources\actas-incremental-content\2026-2027\RTB TERCERA A\G3\1a Fase\jornada_15.html (5 matches, 0 played, partial)
2026-10-02 00:21:44,365 INFO Barcelona / RTB TERCERA A / G3 / 1a Fase / J16: future match day, keeping minimal match info from the league page
2026-10-02 00:21:44,370 INFO Barcelona / RTB TERCERA A / G3 / 1a Fase / J16: saved C:\git\bcnesa-extract-2\resources\actas-incremental-content\2026-2027\RTB TERCERA A\G3\1a Fase\jornada_16.html (5 matches, 0 played, partial)
2026-10-02 00:21:44,373 INFO Barcelona / RTB TERCERA A / G3 / 1a Fase / J17: future match day, keeping minimal match info from the league page
2026-10-02 00:21:44,379 INFO Barcelona / RTB TERCERA A / G3 / 1a Fase / J17: saved C:\git\bcnesa-extract-2\resources\actas-incremental-content\2026-2027\RTB TERCERA A\G3\1a Fase\jornada_17.html (5 matches, 0 played, partial)
2026-10-02 00:21:44,381 INFO Barcelona / RTB TERCERA A / G3 / 1a Fase / J18: future match day, keeping minimal match info from the league page
2026-10-02 00:21:44,387 INFO Barcelona / RTB TERCERA A / G3 / 1a Fase / J18: saved C:\git\bcnesa-extract-2\resources\actas-incremental-content\2026-2027\RTB TERCERA A\G3\1a Fase\jornada_18.html (5 matches, 0 played, partial)
2026-10-02 00:21:45,947 WARNING Attempt 1/4 failed for https://fctt.cat/lligues/rtb-ter-b/ (page without the expected content (the site returned an empty page)); retrying in 2.3s
2026-10-02 00:21:49,787 WARNING Attempt 2/4 failed for https://fctt.cat/lligues/rtb-ter-b/ (page without the expected content (the site returned an empty page)); retrying in 4.9s
2026-10-02 00:21:56,240 WARNING Attempt 3/4 failed for https://fctt.cat/lligues/rtb-ter-b/ (page without the expected content (the site returned an empty page)); retrying in 9.7s
2026-10-02 00:22:08,185 INFO Barcelona / RTB TERCERA B G1: 18 match day(s) -> C:\git\bcnesa-extract-2\resources\actas-incremental-content\2026-2027\RTB TERCERA B\G1\1a Fase
2026-10-02 00:22:11,641 INFO Barcelona / RTB TERCERA B / G1 / 1a Fase / J1: saved C:\git\bcnesa-extract-2\resources\actas-incremental-content\2026-2027\RTB TERCERA B\G1\1a Fase\jornada_01.html (4 matches, 4 played, complete)
2026-10-02 00:22:11,643 INFO Barcelona / RTB TERCERA B / G1 / 1a Fase / J2: future match day, keeping minimal match info from the league page
2026-10-02 00:22:11,650 INFO Barcelona / RTB TERCERA B / G1 / 1a Fase / J2: saved C:\git\bcnesa-extract-2\resources\actas-incremental-content\2026-2027\RTB TERCERA B\G1\1a Fase\jornada_02.html (4 matches, 0 played, partial)
2026-10-02 00:22:11,654 INFO Barcelona / RTB TERCERA B / G1 / 1a Fase / J3: future match day, keeping minimal match info from the league page
2026-10-02 00:22:11,660 INFO Barcelona / RTB TERCERA B / G1 / 1a Fase / J3: saved C:\git\bcnesa-extract-2\resources\actas-incremental-content\2026-2027\RTB TERCERA B\G1\1a Fase\jornada_03.html (4 matches, 0 played, partial)
2026-10-02 00:22:11,664 INFO Barcelona / RTB TERCERA B / G1 / 1a Fase / J4: future match day, keeping minimal match info from the league page
2026-10-02 00:22:11,670 INFO Barcelona / RTB TERCERA B / G1 / 1a Fase / J4: saved C:\git\bcnesa-extract-2\resources\actas-incremental-content\2026-2027\RTB TERCERA B\G1\1a Fase\jornada_04.html (4 matches, 0 played, partial)
2026-10-02 00:22:11,675 INFO Barcelona / RTB TERCERA B / G1 / 1a Fase / J5: future match day, keeping minimal match info from the league page
2026-10-02 00:22:11,684 INFO Barcelona / RTB TERCERA B / G1 / 1a Fase / J5: saved C:\git\bcnesa-extract-2\resources\actas-incremental-content\2026-2027\RTB TERCERA B\G1\1a Fase\jornada_05.html (4 matches, 0 played, partial)
2026-10-02 00:22:11,687 INFO Barcelona / RTB TERCERA B / G1 / 1a Fase / J6: future match day, keeping minimal match info from the league page
2026-10-02 00:22:11,694 INFO Barcelona / RTB TERCERA B / G1 / 1a Fase / J6: saved C:\git\bcnesa-extract-2\resources\actas-incremental-content\2026-2027\RTB TERCERA B\G1\1a Fase\jornada_06.html (4 matches, 0 played, partial)
2026-10-02 00:22:11,696 INFO Barcelona / RTB TERCERA B / G1 / 1a Fase / J7: future match day, keeping minimal match info from the league page
2026-10-02 00:22:11,703 INFO Barcelona / RTB TERCERA B / G1 / 1a Fase / J7: saved C:\git\bcnesa-extract-2\resources\actas-incremental-content\2026-2027\RTB TERCERA B\G1\1a Fase\jornada_07.html (4 matches, 0 played, partial)
2026-10-02 00:22:11,708 INFO Barcelona / RTB TERCERA B / G1 / 1a Fase / J8: future match day, keeping minimal match info from the league page
2026-10-02 00:22:11,715 INFO Barcelona / RTB TERCERA B / G1 / 1a Fase / J8: saved C:\git\bcnesa-extract-2\resources\actas-incremental-content\2026-2027\RTB TERCERA B\G1\1a Fase\jornada_08.html (4 matches, 0 played, partial)
2026-10-02 00:22:11,718 INFO Barcelona / RTB TERCERA B / G1 / 1a Fase / J9: future match day, keeping minimal match info from the league page
2026-10-02 00:22:11,726 INFO Barcelona / RTB TERCERA B / G1 / 1a Fase / J9: saved C:\git\bcnesa-extract-2\resources\actas-incremental-content\2026-2027\RTB TERCERA B\G1\1a Fase\jornada_09.html (4 matches, 0 played, partial)
2026-10-02 00:22:11,730 INFO Barcelona / RTB TERCERA B / G1 / 1a Fase / J10: future match day, keeping minimal match info from the league page
2026-10-02 00:22:11,737 INFO Barcelona / RTB TERCERA B / G1 / 1a Fase / J10: saved C:\git\bcnesa-extract-2\resources\actas-incremental-content\2026-2027\RTB TERCERA B\G1\1a Fase\jornada_10.html (4 matches, 0 played, partial)
2026-10-02 00:22:11,740 INFO Barcelona / RTB TERCERA B / G1 / 1a Fase / J11: future match day, keeping minimal match info from the league page
2026-10-02 00:22:11,747 INFO Barcelona / RTB TERCERA B / G1 / 1a Fase / J11: saved C:\git\bcnesa-extract-2\resources\actas-incremental-content\2026-2027\RTB TERCERA B\G1\1a Fase\jornada_11.html (4 matches, 0 played, partial)
2026-10-02 00:22:11,754 INFO Barcelona / RTB TERCERA B / G1 / 1a Fase / J12: future match day, keeping minimal match info from the league page
2026-10-02 00:22:11,765 INFO Barcelona / RTB TERCERA B / G1 / 1a Fase / J12: saved C:\git\bcnesa-extract-2\resources\actas-incremental-content\2026-2027\RTB TERCERA B\G1\1a Fase\jornada_12.html (4 matches, 0 played, partial)
2026-10-02 00:22:11,770 INFO Barcelona / RTB TERCERA B / G1 / 1a Fase / J13: future match day, keeping minimal match info from the league page
2026-10-02 00:22:11,781 INFO Barcelona / RTB TERCERA B / G1 / 1a Fase / J13: saved C:\git\bcnesa-extract-2\resources\actas-incremental-content\2026-2027\RTB TERCERA B\G1\1a Fase\jornada_13.html (4 matches, 0 played, partial)
2026-10-02 00:22:11,787 INFO Barcelona / RTB TERCERA B / G1 / 1a Fase / J14: future match day, keeping minimal match info from the league page
2026-10-02 00:22:11,795 INFO Barcelona / RTB TERCERA B / G1 / 1a Fase / J14: saved C:\git\bcnesa-extract-2\resources\actas-incremental-content\2026-2027\RTB TERCERA B\G1\1a Fase\jornada_14.html (4 matches, 0 played, partial)
2026-10-02 00:22:11,799 INFO Barcelona / RTB TERCERA B / G1 / 1a Fase / J15: future match day, keeping minimal match info from the league page
2026-10-02 00:22:11,805 INFO Barcelona / RTB TERCERA B / G1 / 1a Fase / J15: saved C:\git\bcnesa-extract-2\resources\actas-incremental-content\2026-2027\RTB TERCERA B\G1\1a Fase\jornada_15.html (4 matches, 0 played, partial)
2026-10-02 00:22:11,812 INFO Barcelona / RTB TERCERA B / G1 / 1a Fase / J16: future match day, keeping minimal match info from the league page
2026-10-02 00:22:11,819 INFO Barcelona / RTB TERCERA B / G1 / 1a Fase / J16: saved C:\git\bcnesa-extract-2\resources\actas-incremental-content\2026-2027\RTB TERCERA B\G1\1a Fase\jornada_16.html (4 matches, 0 played, partial)
2026-10-02 00:22:11,824 INFO Barcelona / RTB TERCERA B / G1 / 1a Fase / J17: future match day, keeping minimal match info from the league page
2026-10-02 00:22:11,833 INFO Barcelona / RTB TERCERA B / G1 / 1a Fase / J17: saved C:\git\bcnesa-extract-2\resources\actas-incremental-content\2026-2027\RTB TERCERA B\G1\1a Fase\jornada_17.html (4 matches, 0 played, partial)
2026-10-02 00:22:11,836 INFO Barcelona / RTB TERCERA B / G1 / 1a Fase / J18: future match day, keeping minimal match info from the league page
2026-10-02 00:22:11,844 INFO Barcelona / RTB TERCERA B / G1 / 1a Fase / J18: saved C:\git\bcnesa-extract-2\resources\actas-incremental-content\2026-2027\RTB TERCERA B\G1\1a Fase\jornada_18.html (4 matches, 0 played, partial)
2026-10-02 00:22:14,087 INFO Barcelona / RTB TERCERA B G2: 18 match day(s) -> C:\git\bcnesa-extract-2\resources\actas-incremental-content\2026-2027\RTB TERCERA B\G2\1a Fase
2026-10-02 00:22:17,874 INFO Barcelona / RTB TERCERA B / G2 / 1a Fase / J1: saved C:\git\bcnesa-extract-2\resources\actas-incremental-content\2026-2027\RTB TERCERA B\G2\1a Fase\jornada_01.html (5 matches, 5 played, complete)
2026-10-02 00:22:17,876 INFO Barcelona / RTB TERCERA B / G2 / 1a Fase / J2: future match day, keeping minimal match info from the league page
2026-10-02 00:22:17,882 INFO Barcelona / RTB TERCERA B / G2 / 1a Fase / J2: saved C:\git\bcnesa-extract-2\resources\actas-incremental-content\2026-2027\RTB TERCERA B\G2\1a Fase\jornada_02.html (5 matches, 0 played, partial)
2026-10-02 00:22:17,884 INFO Barcelona / RTB TERCERA B / G2 / 1a Fase / J3: future match day, keeping minimal match info from the league page
2026-10-02 00:22:17,890 INFO Barcelona / RTB TERCERA B / G2 / 1a Fase / J3: saved C:\git\bcnesa-extract-2\resources\actas-incremental-content\2026-2027\RTB TERCERA B\G2\1a Fase\jornada_03.html (5 matches, 0 played, partial)
2026-10-02 00:22:17,893 INFO Barcelona / RTB TERCERA B / G2 / 1a Fase / J4: future match day, keeping minimal match info from the league page
2026-10-02 00:22:17,899 INFO Barcelona / RTB TERCERA B / G2 / 1a Fase / J4: saved C:\git\bcnesa-extract-2\resources\actas-incremental-content\2026-2027\RTB TERCERA B\G2\1a Fase\jornada_04.html (5 matches, 0 played, partial)
2026-10-02 00:22:17,901 INFO Barcelona / RTB TERCERA B / G2 / 1a Fase / J5: future match day, keeping minimal match info from the league page
2026-10-02 00:22:17,907 INFO Barcelona / RTB TERCERA B / G2 / 1a Fase / J5: saved C:\git\bcnesa-extract-2\resources\actas-incremental-content\2026-2027\RTB TERCERA B\G2\1a Fase\jornada_05.html (5 matches, 0 played, partial)
2026-10-02 00:22:17,911 INFO Barcelona / RTB TERCERA B / G2 / 1a Fase / J6: future match day, keeping minimal match info from the league page
2026-10-02 00:22:17,917 INFO Barcelona / RTB TERCERA B / G2 / 1a Fase / J6: saved C:\git\bcnesa-extract-2\resources\actas-incremental-content\2026-2027\RTB TERCERA B\G2\1a Fase\jornada_06.html (5 matches, 0 played, partial)
2026-10-02 00:22:17,919 INFO Barcelona / RTB TERCERA B / G2 / 1a Fase / J7: future match day, keeping minimal match info from the league page
2026-10-02 00:22:17,926 INFO Barcelona / RTB TERCERA B / G2 / 1a Fase / J7: saved C:\git\bcnesa-extract-2\resources\actas-incremental-content\2026-2027\RTB TERCERA B\G2\1a Fase\jornada_07.html (5 matches, 0 played, partial)
2026-10-02 00:22:17,928 INFO Barcelona / RTB TERCERA B / G2 / 1a Fase / J8: future match day, keeping minimal match info from the league page
2026-10-02 00:22:17,934 INFO Barcelona / RTB TERCERA B / G2 / 1a Fase / J8: saved C:\git\bcnesa-extract-2\resources\actas-incremental-content\2026-2027\RTB TERCERA B\G2\1a Fase\jornada_08.html (5 matches, 0 played, partial)
2026-10-02 00:22:17,937 INFO Barcelona / RTB TERCERA B / G2 / 1a Fase / J9: future match day, keeping minimal match info from the league page
2026-10-02 00:22:17,943 INFO Barcelona / RTB TERCERA B / G2 / 1a Fase / J9: saved C:\git\bcnesa-extract-2\resources\actas-incremental-content\2026-2027\RTB TERCERA B\G2\1a Fase\jornada_09.html (5 matches, 0 played, partial)
2026-10-02 00:22:17,947 INFO Barcelona / RTB TERCERA B / G2 / 1a Fase / J10: future match day, keeping minimal match info from the league page
2026-10-02 00:22:17,952 INFO Barcelona / RTB TERCERA B / G2 / 1a Fase / J10: saved C:\git\bcnesa-extract-2\resources\actas-incremental-content\2026-2027\RTB TERCERA B\G2\1a Fase\jornada_10.html (5 matches, 0 played, partial)
2026-10-02 00:22:17,955 INFO Barcelona / RTB TERCERA B / G2 / 1a Fase / J11: future match day, keeping minimal match info from the league page
2026-10-02 00:22:17,961 INFO Barcelona / RTB TERCERA B / G2 / 1a Fase / J11: saved C:\git\bcnesa-extract-2\resources\actas-incremental-content\2026-2027\RTB TERCERA B\G2\1a Fase\jornada_11.html (5 matches, 0 played, partial)
2026-10-02 00:22:17,963 INFO Barcelona / RTB TERCERA B / G2 / 1a Fase / J12: future match day, keeping minimal match info from the league page
2026-10-02 00:22:17,969 INFO Barcelona / RTB TERCERA B / G2 / 1a Fase / J12: saved C:\git\bcnesa-extract-2\resources\actas-incremental-content\2026-2027\RTB TERCERA B\G2\1a Fase\jornada_12.html (5 matches, 0 played, partial)
2026-10-02 00:22:17,972 INFO Barcelona / RTB TERCERA B / G2 / 1a Fase / J13: future match day, keeping minimal match info from the league page
2026-10-02 00:22:17,977 INFO Barcelona / RTB TERCERA B / G2 / 1a Fase / J13: saved C:\git\bcnesa-extract-2\resources\actas-incremental-content\2026-2027\RTB TERCERA B\G2\1a Fase\jornada_13.html (5 matches, 0 played, partial)
2026-10-02 00:22:17,981 INFO Barcelona / RTB TERCERA B / G2 / 1a Fase / J14: future match day, keeping minimal match info from the league page
2026-10-02 00:22:17,987 INFO Barcelona / RTB TERCERA B / G2 / 1a Fase / J14: saved C:\git\bcnesa-extract-2\resources\actas-incremental-content\2026-2027\RTB TERCERA B\G2\1a Fase\jornada_14.html (5 matches, 0 played, partial)
2026-10-02 00:22:17,989 INFO Barcelona / RTB TERCERA B / G2 / 1a Fase / J15: future match day, keeping minimal match info from the league page
2026-10-02 00:22:17,995 INFO Barcelona / RTB TERCERA B / G2 / 1a Fase / J15: saved C:\git\bcnesa-extract-2\resources\actas-incremental-content\2026-2027\RTB TERCERA B\G2\1a Fase\jornada_15.html (5 matches, 0 played, partial)
2026-10-02 00:22:17,997 INFO Barcelona / RTB TERCERA B / G2 / 1a Fase / J16: future match day, keeping minimal match info from the league page
2026-10-02 00:22:18,003 INFO Barcelona / RTB TERCERA B / G2 / 1a Fase / J16: saved C:\git\bcnesa-extract-2\resources\actas-incremental-content\2026-2027\RTB TERCERA B\G2\1a Fase\jornada_16.html (5 matches, 0 played, partial)
2026-10-02 00:22:18,006 INFO Barcelona / RTB TERCERA B / G2 / 1a Fase / J17: future match day, keeping minimal match info from the league page
2026-10-02 00:22:18,011 INFO Barcelona / RTB TERCERA B / G2 / 1a Fase / J17: saved C:\git\bcnesa-extract-2\resources\actas-incremental-content\2026-2027\RTB TERCERA B\G2\1a Fase\jornada_17.html (5 matches, 0 played, partial)
2026-10-02 00:22:18,014 INFO Barcelona / RTB TERCERA B / G2 / 1a Fase / J18: future match day, keeping minimal match info from the league page
2026-10-02 00:22:18,020 INFO Barcelona / RTB TERCERA B / G2 / 1a Fase / J18: saved C:\git\bcnesa-extract-2\resources\actas-incremental-content\2026-2027\RTB TERCERA B\G2\1a Fase\jornada_18.html (5 matches, 0 played, partial)
2026-10-02 00:22:20,171 INFO Barcelona / RTB TERCERA B G3: 18 match day(s) -> C:\git\bcnesa-extract-2\resources\actas-incremental-content\2026-2027\RTB TERCERA B\G3\1a Fase
2026-10-02 00:22:24,978 INFO Barcelona / RTB TERCERA B / G3 / 1a Fase / J1: saved C:\git\bcnesa-extract-2\resources\actas-incremental-content\2026-2027\RTB TERCERA B\G3\1a Fase\jornada_01.html (5 matches, 5 played, complete)
2026-10-02 00:22:24,989 INFO Barcelona / RTB TERCERA B / G3 / 1a Fase / J2: future match day, keeping minimal match info from the league page
2026-10-02 00:22:25,010 INFO Barcelona / RTB TERCERA B / G3 / 1a Fase / J2: saved C:\git\bcnesa-extract-2\resources\actas-incremental-content\2026-2027\RTB TERCERA B\G3\1a Fase\jornada_02.html (5 matches, 0 played, partial)
2026-10-02 00:22:25,018 INFO Barcelona / RTB TERCERA B / G3 / 1a Fase / J3: future match day, keeping minimal match info from the league page
2026-10-02 00:22:25,055 INFO Barcelona / RTB TERCERA B / G3 / 1a Fase / J3: saved C:\git\bcnesa-extract-2\resources\actas-incremental-content\2026-2027\RTB TERCERA B\G3\1a Fase\jornada_03.html (5 matches, 0 played, partial)
2026-10-02 00:22:25,060 INFO Barcelona / RTB TERCERA B / G3 / 1a Fase / J4: future match day, keeping minimal match info from the league page
2026-10-02 00:22:25,077 INFO Barcelona / RTB TERCERA B / G3 / 1a Fase / J4: saved C:\git\bcnesa-extract-2\resources\actas-incremental-content\2026-2027\RTB TERCERA B\G3\1a Fase\jornada_04.html (5 matches, 0 played, partial)
2026-10-02 00:22:25,085 INFO Barcelona / RTB TERCERA B / G3 / 1a Fase / J5: future match day, keeping minimal match info from the league page
2026-10-02 00:22:25,098 INFO Barcelona / RTB TERCERA B / G3 / 1a Fase / J5: saved C:\git\bcnesa-extract-2\resources\actas-incremental-content\2026-2027\RTB TERCERA B\G3\1a Fase\jornada_05.html (5 matches, 0 played, partial)
2026-10-02 00:22:25,104 INFO Barcelona / RTB TERCERA B / G3 / 1a Fase / J6: future match day, keeping minimal match info from the league page
2026-10-02 00:22:25,129 INFO Barcelona / RTB TERCERA B / G3 / 1a Fase / J6: saved C:\git\bcnesa-extract-2\resources\actas-incremental-content\2026-2027\RTB TERCERA B\G3\1a Fase\jornada_06.html (5 matches, 0 played, partial)
2026-10-02 00:22:25,140 INFO Barcelona / RTB TERCERA B / G3 / 1a Fase / J7: future match day, keeping minimal match info from the league page
2026-10-02 00:22:25,154 INFO Barcelona / RTB TERCERA B / G3 / 1a Fase / J7: saved C:\git\bcnesa-extract-2\resources\actas-incremental-content\2026-2027\RTB TERCERA B\G3\1a Fase\jornada_07.html (5 matches, 0 played, partial)
2026-10-02 00:22:25,162 INFO Barcelona / RTB TERCERA B / G3 / 1a Fase / J8: future match day, keeping minimal match info from the league page
2026-10-02 00:22:25,179 INFO Barcelona / RTB TERCERA B / G3 / 1a Fase / J8: saved C:\git\bcnesa-extract-2\resources\actas-incremental-content\2026-2027\RTB TERCERA B\G3\1a Fase\jornada_08.html (5 matches, 0 played, partial)
2026-10-02 00:22:25,193 INFO Barcelona / RTB TERCERA B / G3 / 1a Fase / J9: future match day, keeping minimal match info from the league page
2026-10-02 00:22:25,210 INFO Barcelona / RTB TERCERA B / G3 / 1a Fase / J9: saved C:\git\bcnesa-extract-2\resources\actas-incremental-content\2026-2027\RTB TERCERA B\G3\1a Fase\jornada_09.html (5 matches, 0 played, partial)
2026-10-02 00:22:25,222 INFO Barcelona / RTB TERCERA B / G3 / 1a Fase / J10: future match day, keeping minimal match info from the league page
2026-10-02 00:22:25,240 INFO Barcelona / RTB TERCERA B / G3 / 1a Fase / J10: saved C:\git\bcnesa-extract-2\resources\actas-incremental-content\2026-2027\RTB TERCERA B\G3\1a Fase\jornada_10.html (5 matches, 0 played, partial)
2026-10-02 00:22:25,246 INFO Barcelona / RTB TERCERA B / G3 / 1a Fase / J11: future match day, keeping minimal match info from the league page
2026-10-02 00:22:25,262 INFO Barcelona / RTB TERCERA B / G3 / 1a Fase / J11: saved C:\git\bcnesa-extract-2\resources\actas-incremental-content\2026-2027\RTB TERCERA B\G3\1a Fase\jornada_11.html (5 matches, 0 played, partial)
2026-10-02 00:22:25,274 INFO Barcelona / RTB TERCERA B / G3 / 1a Fase / J12: future match day, keeping minimal match info from the league page
2026-10-02 00:22:25,292 INFO Barcelona / RTB TERCERA B / G3 / 1a Fase / J12: saved C:\git\bcnesa-extract-2\resources\actas-incremental-content\2026-2027\RTB TERCERA B\G3\1a Fase\jornada_12.html (5 matches, 0 played, partial)
2026-10-02 00:22:25,301 INFO Barcelona / RTB TERCERA B / G3 / 1a Fase / J13: future match day, keeping minimal match info from the league page
2026-10-02 00:22:25,315 INFO Barcelona / RTB TERCERA B / G3 / 1a Fase / J13: saved C:\git\bcnesa-extract-2\resources\actas-incremental-content\2026-2027\RTB TERCERA B\G3\1a Fase\jornada_13.html (5 matches, 0 played, partial)
2026-10-02 00:22:25,323 INFO Barcelona / RTB TERCERA B / G3 / 1a Fase / J14: future match day, keeping minimal match info from the league page
2026-10-02 00:22:25,346 INFO Barcelona / RTB TERCERA B / G3 / 1a Fase / J14: saved C:\git\bcnesa-extract-2\resources\actas-incremental-content\2026-2027\RTB TERCERA B\G3\1a Fase\jornada_14.html (5 matches, 0 played, partial)
2026-10-02 00:22:25,353 INFO Barcelona / RTB TERCERA B / G3 / 1a Fase / J15: future match day, keeping minimal match info from the league page
2026-10-02 00:22:25,366 INFO Barcelona / RTB TERCERA B / G3 / 1a Fase / J15: saved C:\git\bcnesa-extract-2\resources\actas-incremental-content\2026-2027\RTB TERCERA B\G3\1a Fase\jornada_15.html (5 matches, 0 played, partial)
2026-10-02 00:22:25,373 INFO Barcelona / RTB TERCERA B / G3 / 1a Fase / J16: future match day, keeping minimal match info from the league page
2026-10-02 00:22:25,399 INFO Barcelona / RTB TERCERA B / G3 / 1a Fase / J16: saved C:\git\bcnesa-extract-2\resources\actas-incremental-content\2026-2027\RTB TERCERA B\G3\1a Fase\jornada_16.html (5 matches, 0 played, partial)
2026-10-02 00:22:25,406 INFO Barcelona / RTB TERCERA B / G3 / 1a Fase / J17: future match day, keeping minimal match info from the league page
2026-10-02 00:22:25,421 INFO Barcelona / RTB TERCERA B / G3 / 1a Fase / J17: saved C:\git\bcnesa-extract-2\resources\actas-incremental-content\2026-2027\RTB TERCERA B\G3\1a Fase\jornada_17.html (5 matches, 0 played, partial)
2026-10-02 00:22:25,432 INFO Barcelona / RTB TERCERA B / G3 / 1a Fase / J18: future match day, keeping minimal match info from the league page
2026-10-02 00:22:25,444 INFO Barcelona / RTB TERCERA B / G3 / 1a Fase / J18: saved C:\git\bcnesa-extract-2\resources\actas-incremental-content\2026-2027\RTB TERCERA B\G3\1a Fase\jornada_18.html (5 matches, 0 played, partial)
2026-10-02 00:22:27,507 INFO Barcelona / RTB 1a COMARCAL G1: 18 match day(s) -> C:\git\bcnesa-extract-2\resources\actas-incremental-content\2026-2027\RTB 1a COMARCAL\G1\1a Fase
2026-10-02 00:22:31,073 INFO Barcelona / RTB 1a COMARCAL / G1 / 1a Fase / J1: saved C:\git\bcnesa-extract-2\resources\actas-incremental-content\2026-2027\RTB 1a COMARCAL\G1\1a Fase\jornada_01.html (4 matches, 4 played, complete)
2026-10-02 00:22:31,078 INFO Barcelona / RTB 1a COMARCAL / G1 / 1a Fase / J2: future match day, keeping minimal match info from the league page
2026-10-02 00:22:31,085 INFO Barcelona / RTB 1a COMARCAL / G1 / 1a Fase / J2: saved C:\git\bcnesa-extract-2\resources\actas-incremental-content\2026-2027\RTB 1a COMARCAL\G1\1a Fase\jornada_02.html (4 matches, 0 played, partial)
2026-10-02 00:22:31,089 INFO Barcelona / RTB 1a COMARCAL / G1 / 1a Fase / J3: future match day, keeping minimal match info from the league page
2026-10-02 00:22:31,096 INFO Barcelona / RTB 1a COMARCAL / G1 / 1a Fase / J3: saved C:\git\bcnesa-extract-2\resources\actas-incremental-content\2026-2027\RTB 1a COMARCAL\G1\1a Fase\jornada_03.html (4 matches, 0 played, partial)
2026-10-02 00:22:31,106 INFO Barcelona / RTB 1a COMARCAL / G1 / 1a Fase / J4: future match day, keeping minimal match info from the league page
2026-10-02 00:22:31,111 INFO Barcelona / RTB 1a COMARCAL / G1 / 1a Fase / J4: saved C:\git\bcnesa-extract-2\resources\actas-incremental-content\2026-2027\RTB 1a COMARCAL\G1\1a Fase\jornada_04.html (4 matches, 0 played, partial)
2026-10-02 00:22:31,114 INFO Barcelona / RTB 1a COMARCAL / G1 / 1a Fase / J5: future match day, keeping minimal match info from the league page
2026-10-02 00:22:31,119 INFO Barcelona / RTB 1a COMARCAL / G1 / 1a Fase / J5: saved C:\git\bcnesa-extract-2\resources\actas-incremental-content\2026-2027\RTB 1a COMARCAL\G1\1a Fase\jornada_05.html (4 matches, 0 played, partial)
2026-10-02 00:22:31,122 INFO Barcelona / RTB 1a COMARCAL / G1 / 1a Fase / J6: future match day, keeping minimal match info from the league page
2026-10-02 00:22:31,127 INFO Barcelona / RTB 1a COMARCAL / G1 / 1a Fase / J6: saved C:\git\bcnesa-extract-2\resources\actas-incremental-content\2026-2027\RTB 1a COMARCAL\G1\1a Fase\jornada_06.html (4 matches, 0 played, partial)
2026-10-02 00:22:31,131 INFO Barcelona / RTB 1a COMARCAL / G1 / 1a Fase / J7: future match day, keeping minimal match info from the league page
2026-10-02 00:22:31,137 INFO Barcelona / RTB 1a COMARCAL / G1 / 1a Fase / J7: saved C:\git\bcnesa-extract-2\resources\actas-incremental-content\2026-2027\RTB 1a COMARCAL\G1\1a Fase\jornada_07.html (4 matches, 0 played, partial)
2026-10-02 00:22:31,140 INFO Barcelona / RTB 1a COMARCAL / G1 / 1a Fase / J8: future match day, keeping minimal match info from the league page
2026-10-02 00:22:31,146 INFO Barcelona / RTB 1a COMARCAL / G1 / 1a Fase / J8: saved C:\git\bcnesa-extract-2\resources\actas-incremental-content\2026-2027\RTB 1a COMARCAL\G1\1a Fase\jornada_08.html (4 matches, 0 played, partial)
2026-10-02 00:22:31,149 INFO Barcelona / RTB 1a COMARCAL / G1 / 1a Fase / J9: future match day, keeping minimal match info from the league page
2026-10-02 00:22:31,155 INFO Barcelona / RTB 1a COMARCAL / G1 / 1a Fase / J9: saved C:\git\bcnesa-extract-2\resources\actas-incremental-content\2026-2027\RTB 1a COMARCAL\G1\1a Fase\jornada_09.html (4 matches, 0 played, partial)
2026-10-02 00:22:31,157 INFO Barcelona / RTB 1a COMARCAL / G1 / 1a Fase / J10: future match day, keeping minimal match info from the league page
2026-10-02 00:22:31,163 INFO Barcelona / RTB 1a COMARCAL / G1 / 1a Fase / J10: saved C:\git\bcnesa-extract-2\resources\actas-incremental-content\2026-2027\RTB 1a COMARCAL\G1\1a Fase\jornada_10.html (4 matches, 0 played, partial)
2026-10-02 00:22:31,165 INFO Barcelona / RTB 1a COMARCAL / G1 / 1a Fase / J11: future match day, keeping minimal match info from the league page
2026-10-02 00:22:31,172 INFO Barcelona / RTB 1a COMARCAL / G1 / 1a Fase / J11: saved C:\git\bcnesa-extract-2\resources\actas-incremental-content\2026-2027\RTB 1a COMARCAL\G1\1a Fase\jornada_11.html (4 matches, 0 played, partial)
2026-10-02 00:22:31,175 INFO Barcelona / RTB 1a COMARCAL / G1 / 1a Fase / J12: future match day, keeping minimal match info from the league page
2026-10-02 00:22:31,181 INFO Barcelona / RTB 1a COMARCAL / G1 / 1a Fase / J12: saved C:\git\bcnesa-extract-2\resources\actas-incremental-content\2026-2027\RTB 1a COMARCAL\G1\1a Fase\jornada_12.html (4 matches, 0 played, partial)
2026-10-02 00:22:31,183 INFO Barcelona / RTB 1a COMARCAL / G1 / 1a Fase / J13: future match day, keeping minimal match info from the league page
2026-10-02 00:22:31,189 INFO Barcelona / RTB 1a COMARCAL / G1 / 1a Fase / J13: saved C:\git\bcnesa-extract-2\resources\actas-incremental-content\2026-2027\RTB 1a COMARCAL\G1\1a Fase\jornada_13.html (4 matches, 0 played, partial)
2026-10-02 00:22:31,191 INFO Barcelona / RTB 1a COMARCAL / G1 / 1a Fase / J14: future match day, keeping minimal match info from the league page
2026-10-02 00:22:31,198 INFO Barcelona / RTB 1a COMARCAL / G1 / 1a Fase / J14: saved C:\git\bcnesa-extract-2\resources\actas-incremental-content\2026-2027\RTB 1a COMARCAL\G1\1a Fase\jornada_14.html (4 matches, 0 played, partial)
2026-10-02 00:22:31,200 INFO Barcelona / RTB 1a COMARCAL / G1 / 1a Fase / J15: future match day, keeping minimal match info from the league page
2026-10-02 00:22:31,207 INFO Barcelona / RTB 1a COMARCAL / G1 / 1a Fase / J15: saved C:\git\bcnesa-extract-2\resources\actas-incremental-content\2026-2027\RTB 1a COMARCAL\G1\1a Fase\jornada_15.html (4 matches, 0 played, partial)
2026-10-02 00:22:31,210 INFO Barcelona / RTB 1a COMARCAL / G1 / 1a Fase / J16: future match day, keeping minimal match info from the league page
2026-10-02 00:22:31,216 INFO Barcelona / RTB 1a COMARCAL / G1 / 1a Fase / J16: saved C:\git\bcnesa-extract-2\resources\actas-incremental-content\2026-2027\RTB 1a COMARCAL\G1\1a Fase\jornada_16.html (4 matches, 0 played, partial)
2026-10-02 00:22:31,219 INFO Barcelona / RTB 1a COMARCAL / G1 / 1a Fase / J17: future match day, keeping minimal match info from the league page
2026-10-02 00:22:31,225 INFO Barcelona / RTB 1a COMARCAL / G1 / 1a Fase / J17: saved C:\git\bcnesa-extract-2\resources\actas-incremental-content\2026-2027\RTB 1a COMARCAL\G1\1a Fase\jornada_17.html (4 matches, 0 played, partial)
2026-10-02 00:22:31,228 INFO Barcelona / RTB 1a COMARCAL / G1 / 1a Fase / J18: future match day, keeping minimal match info from the league page
2026-10-02 00:22:31,236 INFO Barcelona / RTB 1a COMARCAL / G1 / 1a Fase / J18: saved C:\git\bcnesa-extract-2\resources\actas-incremental-content\2026-2027\RTB 1a COMARCAL\G1\1a Fase\jornada_18.html (4 matches, 0 played, partial)
2026-10-02 00:22:36,326 INFO Barcelona / RTB 1a COMARCAL G2: 18 match day(s) -> C:\git\bcnesa-extract-2\resources\actas-incremental-content\2026-2027\RTB 1a COMARCAL\G2\1a Fase
2026-10-02 00:22:38,299 WARNING Attempt 1/4 failed for https://fctt.cat/lligues/rtb-1a-com-2/?jornada=1 (page without matches (the site returned an empty page)); retrying in 2.4s
2026-10-02 00:22:42,514 WARNING Attempt 2/4 failed for https://fctt.cat/lligues/rtb-1a-com-2/?jornada=1 (page without matches (the site returned an empty page)); retrying in 5.5s
2026-10-02 00:22:49,524 WARNING Attempt 3/4 failed for https://fctt.cat/lligues/rtb-1a-com-2/?jornada=1 (page without matches (the site returned an empty page)); retrying in 8.4s
2026-10-02 00:22:59,388 ERROR Failed after 4 attempt(s): https://fctt.cat/lligues/rtb-1a-com-2/?jornada=1 (page without matches (the site returned an empty page))
2026-10-02 00:22:59,389 ERROR Barcelona / RTB 1a COMARCAL / G2 / 1a Fase / J1: match day not available after retries, skipped (https://fctt.cat/lligues/rtb-1a-com-2/?jornada=1)
2026-10-02 00:22:59,391 INFO Barcelona / RTB 1a COMARCAL / G2 / 1a Fase / J2: future match day, keeping minimal match info from the league page
2026-10-02 00:22:59,396 INFO Barcelona / RTB 1a COMARCAL / G2 / 1a Fase / J2: saved C:\git\bcnesa-extract-2\resources\actas-incremental-content\2026-2027\RTB 1a COMARCAL\G2\1a Fase\jornada_02.html (4 matches, 0 played, partial)
2026-10-02 00:22:59,400 INFO Barcelona / RTB 1a COMARCAL / G2 / 1a Fase / J3: future match day, keeping minimal match info from the league page
2026-10-02 00:22:59,405 INFO Barcelona / RTB 1a COMARCAL / G2 / 1a Fase / J3: saved C:\git\bcnesa-extract-2\resources\actas-incremental-content\2026-2027\RTB 1a COMARCAL\G2\1a Fase\jornada_03.html (4 matches, 0 played, partial)
2026-10-02 00:22:59,408 INFO Barcelona / RTB 1a COMARCAL / G2 / 1a Fase / J4: future match day, keeping minimal match info from the league page
2026-10-02 00:22:59,422 INFO Barcelona / RTB 1a COMARCAL / G2 / 1a Fase / J4: saved C:\git\bcnesa-extract-2\resources\actas-incremental-content\2026-2027\RTB 1a COMARCAL\G2\1a Fase\jornada_04.html (4 matches, 0 played, partial)
2026-10-02 00:22:59,424 INFO Barcelona / RTB 1a COMARCAL / G2 / 1a Fase / J5: future match day, keeping minimal match info from the league page
2026-10-02 00:22:59,431 INFO Barcelona / RTB 1a COMARCAL / G2 / 1a Fase / J5: saved C:\git\bcnesa-extract-2\resources\actas-incremental-content\2026-2027\RTB 1a COMARCAL\G2\1a Fase\jornada_05.html (4 matches, 0 played, partial)
2026-10-02 00:22:59,433 INFO Barcelona / RTB 1a COMARCAL / G2 / 1a Fase / J6: future match day, keeping minimal match info from the league page
2026-10-02 00:22:59,439 INFO Barcelona / RTB 1a COMARCAL / G2 / 1a Fase / J6: saved C:\git\bcnesa-extract-2\resources\actas-incremental-content\2026-2027\RTB 1a COMARCAL\G2\1a Fase\jornada_06.html (4 matches, 0 played, partial)
2026-10-02 00:22:59,444 INFO Barcelona / RTB 1a COMARCAL / G2 / 1a Fase / J7: future match day, keeping minimal match info from the league page
2026-10-02 00:22:59,455 INFO Barcelona / RTB 1a COMARCAL / G2 / 1a Fase / J7: saved C:\git\bcnesa-extract-2\resources\actas-incremental-content\2026-2027\RTB 1a COMARCAL\G2\1a Fase\jornada_07.html (4 matches, 0 played, partial)
2026-10-02 00:22:59,460 INFO Barcelona / RTB 1a COMARCAL / G2 / 1a Fase / J8: future match day, keeping minimal match info from the league page
2026-10-02 00:22:59,471 INFO Barcelona / RTB 1a COMARCAL / G2 / 1a Fase / J8: saved C:\git\bcnesa-extract-2\resources\actas-incremental-content\2026-2027\RTB 1a COMARCAL\G2\1a Fase\jornada_08.html (4 matches, 0 played, partial)
2026-10-02 00:22:59,474 INFO Barcelona / RTB 1a COMARCAL / G2 / 1a Fase / J9: future match day, keeping minimal match info from the league page
2026-10-02 00:22:59,480 INFO Barcelona / RTB 1a COMARCAL / G2 / 1a Fase / J9: saved C:\git\bcnesa-extract-2\resources\actas-incremental-content\2026-2027\RTB 1a COMARCAL\G2\1a Fase\jornada_09.html (4 matches, 0 played, partial)
2026-10-02 00:22:59,483 INFO Barcelona / RTB 1a COMARCAL / G2 / 1a Fase / J10: future match day, keeping minimal match info from the league page
2026-10-02 00:22:59,488 INFO Barcelona / RTB 1a COMARCAL / G2 / 1a Fase / J10: saved C:\git\bcnesa-extract-2\resources\actas-incremental-content\2026-2027\RTB 1a COMARCAL\G2\1a Fase\jornada_10.html (4 matches, 0 played, partial)
2026-10-02 00:22:59,491 INFO Barcelona / RTB 1a COMARCAL / G2 / 1a Fase / J11: future match day, keeping minimal match info from the league page
2026-10-02 00:22:59,497 INFO Barcelona / RTB 1a COMARCAL / G2 / 1a Fase / J11: saved C:\git\bcnesa-extract-2\resources\actas-incremental-content\2026-2027\RTB 1a COMARCAL\G2\1a Fase\jornada_11.html (4 matches, 0 played, partial)
2026-10-02 00:22:59,500 INFO Barcelona / RTB 1a COMARCAL / G2 / 1a Fase / J12: future match day, keeping minimal match info from the league page
2026-10-02 00:22:59,505 INFO Barcelona / RTB 1a COMARCAL / G2 / 1a Fase / J12: saved C:\git\bcnesa-extract-2\resources\actas-incremental-content\2026-2027\RTB 1a COMARCAL\G2\1a Fase\jornada_12.html (4 matches, 0 played, partial)
2026-10-02 00:22:59,507 INFO Barcelona / RTB 1a COMARCAL / G2 / 1a Fase / J13: future match day, keeping minimal match info from the league page
2026-10-02 00:22:59,514 INFO Barcelona / RTB 1a COMARCAL / G2 / 1a Fase / J13: saved C:\git\bcnesa-extract-2\resources\actas-incremental-content\2026-2027\RTB 1a COMARCAL\G2\1a Fase\jornada_13.html (4 matches, 0 played, partial)
2026-10-02 00:22:59,517 INFO Barcelona / RTB 1a COMARCAL / G2 / 1a Fase / J14: future match day, keeping minimal match info from the league page
2026-10-02 00:22:59,523 INFO Barcelona / RTB 1a COMARCAL / G2 / 1a Fase / J14: saved C:\git\bcnesa-extract-2\resources\actas-incremental-content\2026-2027\RTB 1a COMARCAL\G2\1a Fase\jornada_14.html (4 matches, 0 played, partial)
2026-10-02 00:22:59,526 INFO Barcelona / RTB 1a COMARCAL / G2 / 1a Fase / J15: future match day, keeping minimal match info from the league page
2026-10-02 00:22:59,532 INFO Barcelona / RTB 1a COMARCAL / G2 / 1a Fase / J15: saved C:\git\bcnesa-extract-2\resources\actas-incremental-content\2026-2027\RTB 1a COMARCAL\G2\1a Fase\jornada_15.html (4 matches, 0 played, partial)
2026-10-02 00:22:59,534 INFO Barcelona / RTB 1a COMARCAL / G2 / 1a Fase / J16: future match day, keeping minimal match info from the league page
2026-10-02 00:22:59,539 INFO Barcelona / RTB 1a COMARCAL / G2 / 1a Fase / J16: saved C:\git\bcnesa-extract-2\resources\actas-incremental-content\2026-2027\RTB 1a COMARCAL\G2\1a Fase\jornada_16.html (4 matches, 0 played, partial)
2026-10-02 00:22:59,542 INFO Barcelona / RTB 1a COMARCAL / G2 / 1a Fase / J17: future match day, keeping minimal match info from the league page
2026-10-02 00:22:59,547 INFO Barcelona / RTB 1a COMARCAL / G2 / 1a Fase / J17: saved C:\git\bcnesa-extract-2\resources\actas-incremental-content\2026-2027\RTB 1a COMARCAL\G2\1a Fase\jornada_17.html (4 matches, 0 played, partial)
2026-10-02 00:22:59,550 INFO Barcelona / RTB 1a COMARCAL / G2 / 1a Fase / J18: future match day, keeping minimal match info from the league page
2026-10-02 00:22:59,554 INFO Barcelona / RTB 1a COMARCAL / G2 / 1a Fase / J18: saved C:\git\bcnesa-extract-2\resources\actas-incremental-content\2026-2027\RTB 1a COMARCAL\G2\1a Fase\jornada_18.html (4 matches, 0 played, partial)
2026-10-02 00:23:01,438 WARNING Attempt 1/4 failed for https://fctt.cat/lligues/rtb-1a-com-3/ (page without the expected content (the site returned an empty page)); retrying in 4.0s
2026-10-02 00:23:07,542 WARNING Attempt 2/4 failed for https://fctt.cat/lligues/rtb-1a-com-3/ (page without the expected content (the site returned an empty page)); retrying in 4.6s
2026-10-02 00:23:14,028 INFO Barcelona / RTB 1a COMARCAL G3: 18 match day(s) -> C:\git\bcnesa-extract-2\resources\actas-incremental-content\2026-2027\RTB 1a COMARCAL\G3\1a Fase
2026-10-02 00:23:17,499 INFO Barcelona / RTB 1a COMARCAL / G3 / 1a Fase / J1: saved C:\git\bcnesa-extract-2\resources\actas-incremental-content\2026-2027\RTB 1a COMARCAL\G3\1a Fase\jornada_01.html (4 matches, 4 played, complete)
2026-10-02 00:23:17,503 INFO Barcelona / RTB 1a COMARCAL / G3 / 1a Fase / J2: future match day, keeping minimal match info from the league page
2026-10-02 00:23:17,508 INFO Barcelona / RTB 1a COMARCAL / G3 / 1a Fase / J2: saved C:\git\bcnesa-extract-2\resources\actas-incremental-content\2026-2027\RTB 1a COMARCAL\G3\1a Fase\jornada_02.html (4 matches, 0 played, partial)
2026-10-02 00:23:17,511 INFO Barcelona / RTB 1a COMARCAL / G3 / 1a Fase / J3: future match day, keeping minimal match info from the league page
2026-10-02 00:23:17,518 INFO Barcelona / RTB 1a COMARCAL / G3 / 1a Fase / J3: saved C:\git\bcnesa-extract-2\resources\actas-incremental-content\2026-2027\RTB 1a COMARCAL\G3\1a Fase\jornada_03.html (4 matches, 0 played, partial)
2026-10-02 00:23:17,520 INFO Barcelona / RTB 1a COMARCAL / G3 / 1a Fase / J4: future match day, keeping minimal match info from the league page
2026-10-02 00:23:17,526 INFO Barcelona / RTB 1a COMARCAL / G3 / 1a Fase / J4: saved C:\git\bcnesa-extract-2\resources\actas-incremental-content\2026-2027\RTB 1a COMARCAL\G3\1a Fase\jornada_04.html (4 matches, 0 played, partial)
2026-10-02 00:23:17,529 INFO Barcelona / RTB 1a COMARCAL / G3 / 1a Fase / J5: future match day, keeping minimal match info from the league page
2026-10-02 00:23:17,534 INFO Barcelona / RTB 1a COMARCAL / G3 / 1a Fase / J5: saved C:\git\bcnesa-extract-2\resources\actas-incremental-content\2026-2027\RTB 1a COMARCAL\G3\1a Fase\jornada_05.html (4 matches, 0 played, partial)
2026-10-02 00:23:17,537 INFO Barcelona / RTB 1a COMARCAL / G3 / 1a Fase / J6: future match day, keeping minimal match info from the league page
2026-10-02 00:23:17,542 INFO Barcelona / RTB 1a COMARCAL / G3 / 1a Fase / J6: saved C:\git\bcnesa-extract-2\resources\actas-incremental-content\2026-2027\RTB 1a COMARCAL\G3\1a Fase\jornada_06.html (4 matches, 0 played, partial)
2026-10-02 00:23:17,544 INFO Barcelona / RTB 1a COMARCAL / G3 / 1a Fase / J7: future match day, keeping minimal match info from the league page
2026-10-02 00:23:17,549 INFO Barcelona / RTB 1a COMARCAL / G3 / 1a Fase / J7: saved C:\git\bcnesa-extract-2\resources\actas-incremental-content\2026-2027\RTB 1a COMARCAL\G3\1a Fase\jornada_07.html (4 matches, 0 played, partial)
2026-10-02 00:23:17,552 INFO Barcelona / RTB 1a COMARCAL / G3 / 1a Fase / J8: future match day, keeping minimal match info from the league page
2026-10-02 00:23:17,557 INFO Barcelona / RTB 1a COMARCAL / G3 / 1a Fase / J8: saved C:\git\bcnesa-extract-2\resources\actas-incremental-content\2026-2027\RTB 1a COMARCAL\G3\1a Fase\jornada_08.html (4 matches, 0 played, partial)
2026-10-02 00:23:17,561 INFO Barcelona / RTB 1a COMARCAL / G3 / 1a Fase / J9: future match day, keeping minimal match info from the league page
2026-10-02 00:23:17,567 INFO Barcelona / RTB 1a COMARCAL / G3 / 1a Fase / J9: saved C:\git\bcnesa-extract-2\resources\actas-incremental-content\2026-2027\RTB 1a COMARCAL\G3\1a Fase\jornada_09.html (4 matches, 0 played, partial)
2026-10-02 00:23:17,570 INFO Barcelona / RTB 1a COMARCAL / G3 / 1a Fase / J10: future match day, keeping minimal match info from the league page
2026-10-02 00:23:17,575 INFO Barcelona / RTB 1a COMARCAL / G3 / 1a Fase / J10: saved C:\git\bcnesa-extract-2\resources\actas-incremental-content\2026-2027\RTB 1a COMARCAL\G3\1a Fase\jornada_10.html (4 matches, 0 played, partial)
2026-10-02 00:23:17,577 INFO Barcelona / RTB 1a COMARCAL / G3 / 1a Fase / J11: future match day, keeping minimal match info from the league page
2026-10-02 00:23:17,582 INFO Barcelona / RTB 1a COMARCAL / G3 / 1a Fase / J11: saved C:\git\bcnesa-extract-2\resources\actas-incremental-content\2026-2027\RTB 1a COMARCAL\G3\1a Fase\jornada_11.html (4 matches, 0 played, partial)
2026-10-02 00:23:17,584 INFO Barcelona / RTB 1a COMARCAL / G3 / 1a Fase / J12: future match day, keeping minimal match info from the league page
2026-10-02 00:23:17,589 INFO Barcelona / RTB 1a COMARCAL / G3 / 1a Fase / J12: saved C:\git\bcnesa-extract-2\resources\actas-incremental-content\2026-2027\RTB 1a COMARCAL\G3\1a Fase\jornada_12.html (4 matches, 0 played, partial)
2026-10-02 00:23:17,592 INFO Barcelona / RTB 1a COMARCAL / G3 / 1a Fase / J13: future match day, keeping minimal match info from the league page
2026-10-02 00:23:17,597 INFO Barcelona / RTB 1a COMARCAL / G3 / 1a Fase / J13: saved C:\git\bcnesa-extract-2\resources\actas-incremental-content\2026-2027\RTB 1a COMARCAL\G3\1a Fase\jornada_13.html (4 matches, 0 played, partial)
2026-10-02 00:23:17,602 INFO Barcelona / RTB 1a COMARCAL / G3 / 1a Fase / J14: future match day, keeping minimal match info from the league page
2026-10-02 00:23:17,607 INFO Barcelona / RTB 1a COMARCAL / G3 / 1a Fase / J14: saved C:\git\bcnesa-extract-2\resources\actas-incremental-content\2026-2027\RTB 1a COMARCAL\G3\1a Fase\jornada_14.html (4 matches, 0 played, partial)
2026-10-02 00:23:17,609 INFO Barcelona / RTB 1a COMARCAL / G3 / 1a Fase / J15: future match day, keeping minimal match info from the league page
2026-10-02 00:23:17,615 INFO Barcelona / RTB 1a COMARCAL / G3 / 1a Fase / J15: saved C:\git\bcnesa-extract-2\resources\actas-incremental-content\2026-2027\RTB 1a COMARCAL\G3\1a Fase\jornada_15.html (4 matches, 0 played, partial)
2026-10-02 00:23:17,617 INFO Barcelona / RTB 1a COMARCAL / G3 / 1a Fase / J16: future match day, keeping minimal match info from the league page
2026-10-02 00:23:17,623 INFO Barcelona / RTB 1a COMARCAL / G3 / 1a Fase / J16: saved C:\git\bcnesa-extract-2\resources\actas-incremental-content\2026-2027\RTB 1a COMARCAL\G3\1a Fase\jornada_16.html (4 matches, 0 played, partial)
2026-10-02 00:23:17,626 INFO Barcelona / RTB 1a COMARCAL / G3 / 1a Fase / J17: future match day, keeping minimal match info from the league page
2026-10-02 00:23:17,631 INFO Barcelona / RTB 1a COMARCAL / G3 / 1a Fase / J17: saved C:\git\bcnesa-extract-2\resources\actas-incremental-content\2026-2027\RTB 1a COMARCAL\G3\1a Fase\jornada_17.html (4 matches, 0 played, partial)
2026-10-02 00:23:17,634 INFO Barcelona / RTB 1a COMARCAL / G3 / 1a Fase / J18: future match day, keeping minimal match info from the league page
2026-10-02 00:23:17,639 INFO Barcelona / RTB 1a COMARCAL / G3 / 1a Fase / J18: saved C:\git\bcnesa-extract-2\resources\actas-incremental-content\2026-2027\RTB 1a COMARCAL\G3\1a Fase\jornada_18.html (4 matches, 0 played, partial)
2026-10-02 00:23:19,704 INFO Barcelona / RTB 2a COMARCAL G1: 18 match day(s) -> C:\git\bcnesa-extract-2\resources\actas-incremental-content\2026-2027\RTB 2a COMARCAL\G1\1a Fase
2026-10-02 00:23:24,653 INFO Barcelona / RTB 2a COMARCAL / G1 / 1a Fase / J1: saved C:\git\bcnesa-extract-2\resources\actas-incremental-content\2026-2027\RTB 2a COMARCAL\G1\1a Fase\jornada_01.html (3 matches, 3 played, complete)
2026-10-02 00:23:25,020 INFO Barcelona / RTB 2a COMARCAL / G1 / 1a Fase / J2: future match day, keeping minimal match info from the league page
2026-10-02 00:23:25,055 INFO Barcelona / RTB 2a COMARCAL / G1 / 1a Fase / J2: saved C:\git\bcnesa-extract-2\resources\actas-incremental-content\2026-2027\RTB 2a COMARCAL\G1\1a Fase\jornada_02.html (3 matches, 0 played, partial)
2026-10-02 00:23:25,092 INFO Barcelona / RTB 2a COMARCAL / G1 / 1a Fase / J3: future match day, keeping minimal match info from the league page
2026-10-02 00:23:25,114 INFO Barcelona / RTB 2a COMARCAL / G1 / 1a Fase / J3: saved C:\git\bcnesa-extract-2\resources\actas-incremental-content\2026-2027\RTB 2a COMARCAL\G1\1a Fase\jornada_03.html (3 matches, 0 played, partial)
2026-10-02 00:23:25,121 INFO Barcelona / RTB 2a COMARCAL / G1 / 1a Fase / J4: future match day, keeping minimal match info from the league page
2026-10-02 00:23:25,133 INFO Barcelona / RTB 2a COMARCAL / G1 / 1a Fase / J4: saved C:\git\bcnesa-extract-2\resources\actas-incremental-content\2026-2027\RTB 2a COMARCAL\G1\1a Fase\jornada_04.html (3 matches, 0 played, partial)
2026-10-02 00:23:25,139 INFO Barcelona / RTB 2a COMARCAL / G1 / 1a Fase / J5: future match day, keeping minimal match info from the league page
2026-10-02 00:23:25,148 INFO Barcelona / RTB 2a COMARCAL / G1 / 1a Fase / J5: saved C:\git\bcnesa-extract-2\resources\actas-incremental-content\2026-2027\RTB 2a COMARCAL\G1\1a Fase\jornada_05.html (3 matches, 0 played, partial)
2026-10-02 00:23:25,151 INFO Barcelona / RTB 2a COMARCAL / G1 / 1a Fase / J6: future match day, keeping minimal match info from the league page
2026-10-02 00:23:25,157 INFO Barcelona / RTB 2a COMARCAL / G1 / 1a Fase / J6: saved C:\git\bcnesa-extract-2\resources\actas-incremental-content\2026-2027\RTB 2a COMARCAL\G1\1a Fase\jornada_06.html (3 matches, 0 played, partial)
2026-10-02 00:23:25,160 INFO Barcelona / RTB 2a COMARCAL / G1 / 1a Fase / J7: future match day, keeping minimal match info from the league page
2026-10-02 00:23:25,168 INFO Barcelona / RTB 2a COMARCAL / G1 / 1a Fase / J7: saved C:\git\bcnesa-extract-2\resources\actas-incremental-content\2026-2027\RTB 2a COMARCAL\G1\1a Fase\jornada_07.html (4 matches, 0 played, partial)
2026-10-02 00:23:25,173 INFO Barcelona / RTB 2a COMARCAL / G1 / 1a Fase / J8: future match day, keeping minimal match info from the league page
2026-10-02 00:23:25,180 INFO Barcelona / RTB 2a COMARCAL / G1 / 1a Fase / J8: saved C:\git\bcnesa-extract-2\resources\actas-incremental-content\2026-2027\RTB 2a COMARCAL\G1\1a Fase\jornada_08.html (3 matches, 0 played, partial)
2026-10-02 00:23:25,183 INFO Barcelona / RTB 2a COMARCAL / G1 / 1a Fase / J9: future match day, keeping minimal match info from the league page
2026-10-02 00:23:25,191 INFO Barcelona / RTB 2a COMARCAL / G1 / 1a Fase / J9: saved C:\git\bcnesa-extract-2\resources\actas-incremental-content\2026-2027\RTB 2a COMARCAL\G1\1a Fase\jornada_09.html (3 matches, 0 played, partial)
2026-10-02 00:23:25,198 INFO Barcelona / RTB 2a COMARCAL / G1 / 1a Fase / J10: future match day, keeping minimal match info from the league page
2026-10-02 00:23:25,207 INFO Barcelona / RTB 2a COMARCAL / G1 / 1a Fase / J10: saved C:\git\bcnesa-extract-2\resources\actas-incremental-content\2026-2027\RTB 2a COMARCAL\G1\1a Fase\jornada_10.html (3 matches, 0 played, partial)
2026-10-02 00:23:25,214 INFO Barcelona / RTB 2a COMARCAL / G1 / 1a Fase / J11: future match day, keeping minimal match info from the league page
2026-10-02 00:23:25,223 INFO Barcelona / RTB 2a COMARCAL / G1 / 1a Fase / J11: saved C:\git\bcnesa-extract-2\resources\actas-incremental-content\2026-2027\RTB 2a COMARCAL\G1\1a Fase\jornada_11.html (3 matches, 0 played, partial)
2026-10-02 00:23:25,228 INFO Barcelona / RTB 2a COMARCAL / G1 / 1a Fase / J12: future match day, keeping minimal match info from the league page
2026-10-02 00:23:25,234 INFO Barcelona / RTB 2a COMARCAL / G1 / 1a Fase / J12: saved C:\git\bcnesa-extract-2\resources\actas-incremental-content\2026-2027\RTB 2a COMARCAL\G1\1a Fase\jornada_12.html (3 matches, 0 played, partial)
2026-10-02 00:23:25,240 INFO Barcelona / RTB 2a COMARCAL / G1 / 1a Fase / J13: future match day, keeping minimal match info from the league page
2026-10-02 00:23:25,247 INFO Barcelona / RTB 2a COMARCAL / G1 / 1a Fase / J13: saved C:\git\bcnesa-extract-2\resources\actas-incremental-content\2026-2027\RTB 2a COMARCAL\G1\1a Fase\jornada_13.html (3 matches, 0 played, partial)
2026-10-02 00:23:25,254 INFO Barcelona / RTB 2a COMARCAL / G1 / 1a Fase / J14: future match day, keeping minimal match info from the league page
2026-10-02 00:23:25,263 INFO Barcelona / RTB 2a COMARCAL / G1 / 1a Fase / J14: saved C:\git\bcnesa-extract-2\resources\actas-incremental-content\2026-2027\RTB 2a COMARCAL\G1\1a Fase\jornada_14.html (3 matches, 0 played, partial)
2026-10-02 00:23:25,268 INFO Barcelona / RTB 2a COMARCAL / G1 / 1a Fase / J15: future match day, keeping minimal match info from the league page
2026-10-02 00:23:25,275 INFO Barcelona / RTB 2a COMARCAL / G1 / 1a Fase / J15: saved C:\git\bcnesa-extract-2\resources\actas-incremental-content\2026-2027\RTB 2a COMARCAL\G1\1a Fase\jornada_15.html (3 matches, 0 played, partial)
2026-10-02 00:23:25,279 INFO Barcelona / RTB 2a COMARCAL / G1 / 1a Fase / J16: future match day, keeping minimal match info from the league page
2026-10-02 00:23:25,290 INFO Barcelona / RTB 2a COMARCAL / G1 / 1a Fase / J16: saved C:\git\bcnesa-extract-2\resources\actas-incremental-content\2026-2027\RTB 2a COMARCAL\G1\1a Fase\jornada_16.html (4 matches, 0 played, partial)
2026-10-02 00:23:25,301 INFO Barcelona / RTB 2a COMARCAL / G1 / 1a Fase / J17: future match day, keeping minimal match info from the league page
2026-10-02 00:23:25,314 INFO Barcelona / RTB 2a COMARCAL / G1 / 1a Fase / J17: saved C:\git\bcnesa-extract-2\resources\actas-incremental-content\2026-2027\RTB 2a COMARCAL\G1\1a Fase\jornada_17.html (3 matches, 0 played, partial)
2026-10-02 00:23:25,324 INFO Barcelona / RTB 2a COMARCAL / G1 / 1a Fase / J18: future match day, keeping minimal match info from the league page
2026-10-02 00:23:25,332 INFO Barcelona / RTB 2a COMARCAL / G1 / 1a Fase / J18: saved C:\git\bcnesa-extract-2\resources\actas-incremental-content\2026-2027\RTB 2a COMARCAL\G1\1a Fase\jornada_18.html (3 matches, 0 played, partial)
2026-10-02 00:23:27,259 INFO Barcelona / RTB 2a COMARCAL G2: 18 match day(s) -> C:\git\bcnesa-extract-2\resources\actas-incremental-content\2026-2027\RTB 2a COMARCAL\G2\1a Fase
2026-10-02 00:23:32,250 INFO Barcelona / RTB 2a COMARCAL / G2 / 1a Fase / J1: saved C:\git\bcnesa-extract-2\resources\actas-incremental-content\2026-2027\RTB 2a COMARCAL\G2\1a Fase\jornada_01.html (4 matches, 4 played, complete)
2026-10-02 00:23:32,278 INFO Barcelona / RTB 2a COMARCAL / G2 / 1a Fase / J2: future match day, keeping minimal match info from the league page
2026-10-02 00:23:32,556 INFO Barcelona / RTB 2a COMARCAL / G2 / 1a Fase / J2: saved C:\git\bcnesa-extract-2\resources\actas-incremental-content\2026-2027\RTB 2a COMARCAL\G2\1a Fase\jornada_02.html (3 matches, 0 played, partial)
2026-10-02 00:23:32,561 INFO Barcelona / RTB 2a COMARCAL / G2 / 1a Fase / J3: future match day, keeping minimal match info from the league page
2026-10-02 00:23:32,620 INFO Barcelona / RTB 2a COMARCAL / G2 / 1a Fase / J3: saved C:\git\bcnesa-extract-2\resources\actas-incremental-content\2026-2027\RTB 2a COMARCAL\G2\1a Fase\jornada_03.html (3 matches, 0 played, partial)
2026-10-02 00:23:32,625 INFO Barcelona / RTB 2a COMARCAL / G2 / 1a Fase / J4: future match day, keeping minimal match info from the league page
2026-10-02 00:23:32,672 INFO Barcelona / RTB 2a COMARCAL / G2 / 1a Fase / J4: saved C:\git\bcnesa-extract-2\resources\actas-incremental-content\2026-2027\RTB 2a COMARCAL\G2\1a Fase\jornada_04.html (3 matches, 0 played, partial)
2026-10-02 00:23:32,684 INFO Barcelona / RTB 2a COMARCAL / G2 / 1a Fase / J5: future match day, keeping minimal match info from the league page
2026-10-02 00:23:32,706 INFO Barcelona / RTB 2a COMARCAL / G2 / 1a Fase / J5: saved C:\git\bcnesa-extract-2\resources\actas-incremental-content\2026-2027\RTB 2a COMARCAL\G2\1a Fase\jornada_05.html (3 matches, 0 played, partial)
2026-10-02 00:23:32,712 INFO Barcelona / RTB 2a COMARCAL / G2 / 1a Fase / J6: future match day, keeping minimal match info from the league page
2026-10-02 00:23:32,725 INFO Barcelona / RTB 2a COMARCAL / G2 / 1a Fase / J6: saved C:\git\bcnesa-extract-2\resources\actas-incremental-content\2026-2027\RTB 2a COMARCAL\G2\1a Fase\jornada_06.html (3 matches, 0 played, partial)
2026-10-02 00:23:32,737 INFO Barcelona / RTB 2a COMARCAL / G2 / 1a Fase / J7: future match day, keeping minimal match info from the league page
2026-10-02 00:23:32,771 INFO Barcelona / RTB 2a COMARCAL / G2 / 1a Fase / J7: saved C:\git\bcnesa-extract-2\resources\actas-incremental-content\2026-2027\RTB 2a COMARCAL\G2\1a Fase\jornada_07.html (3 matches, 0 played, partial)
2026-10-02 00:23:32,779 INFO Barcelona / RTB 2a COMARCAL / G2 / 1a Fase / J8: future match day, keeping minimal match info from the league page
2026-10-02 00:23:32,791 INFO Barcelona / RTB 2a COMARCAL / G2 / 1a Fase / J8: saved C:\git\bcnesa-extract-2\resources\actas-incremental-content\2026-2027\RTB 2a COMARCAL\G2\1a Fase\jornada_08.html (3 matches, 0 played, partial)
2026-10-02 00:23:32,798 INFO Barcelona / RTB 2a COMARCAL / G2 / 1a Fase / J9: future match day, keeping minimal match info from the league page
2026-10-02 00:23:32,828 INFO Barcelona / RTB 2a COMARCAL / G2 / 1a Fase / J9: saved C:\git\bcnesa-extract-2\resources\actas-incremental-content\2026-2027\RTB 2a COMARCAL\G2\1a Fase\jornada_09.html (3 matches, 0 played, partial)
2026-10-02 00:23:32,869 INFO Barcelona / RTB 2a COMARCAL / G2 / 1a Fase / J10: future match day, keeping minimal match info from the league page
2026-10-02 00:23:32,879 INFO Barcelona / RTB 2a COMARCAL / G2 / 1a Fase / J10: saved C:\git\bcnesa-extract-2\resources\actas-incremental-content\2026-2027\RTB 2a COMARCAL\G2\1a Fase\jornada_10.html (4 matches, 0 played, partial)
2026-10-02 00:23:32,884 INFO Barcelona / RTB 2a COMARCAL / G2 / 1a Fase / J11: future match day, keeping minimal match info from the league page
2026-10-02 00:23:32,894 INFO Barcelona / RTB 2a COMARCAL / G2 / 1a Fase / J11: saved C:\git\bcnesa-extract-2\resources\actas-incremental-content\2026-2027\RTB 2a COMARCAL\G2\1a Fase\jornada_11.html (3 matches, 0 played, partial)
2026-10-02 00:23:32,907 INFO Barcelona / RTB 2a COMARCAL / G2 / 1a Fase / J12: future match day, keeping minimal match info from the league page
2026-10-02 00:23:32,933 INFO Barcelona / RTB 2a COMARCAL / G2 / 1a Fase / J12: saved C:\git\bcnesa-extract-2\resources\actas-incremental-content\2026-2027\RTB 2a COMARCAL\G2\1a Fase\jornada_12.html (3 matches, 0 played, partial)
2026-10-02 00:23:33,030 INFO Barcelona / RTB 2a COMARCAL / G2 / 1a Fase / J13: future match day, keeping minimal match info from the league page
2026-10-02 00:23:33,041 INFO Barcelona / RTB 2a COMARCAL / G2 / 1a Fase / J13: saved C:\git\bcnesa-extract-2\resources\actas-incremental-content\2026-2027\RTB 2a COMARCAL\G2\1a Fase\jornada_13.html (3 matches, 0 played, partial)
2026-10-02 00:23:33,049 INFO Barcelona / RTB 2a COMARCAL / G2 / 1a Fase / J14: future match day, keeping minimal match info from the league page
2026-10-02 00:23:33,059 INFO Barcelona / RTB 2a COMARCAL / G2 / 1a Fase / J14: saved C:\git\bcnesa-extract-2\resources\actas-incremental-content\2026-2027\RTB 2a COMARCAL\G2\1a Fase\jornada_14.html (3 matches, 0 played, partial)
2026-10-02 00:23:33,064 INFO Barcelona / RTB 2a COMARCAL / G2 / 1a Fase / J15: future match day, keeping minimal match info from the league page
2026-10-02 00:23:33,071 INFO Barcelona / RTB 2a COMARCAL / G2 / 1a Fase / J15: saved C:\git\bcnesa-extract-2\resources\actas-incremental-content\2026-2027\RTB 2a COMARCAL\G2\1a Fase\jornada_15.html (3 matches, 0 played, partial)
2026-10-02 00:23:33,075 INFO Barcelona / RTB 2a COMARCAL / G2 / 1a Fase / J16: future match day, keeping minimal match info from the league page
2026-10-02 00:23:33,083 INFO Barcelona / RTB 2a COMARCAL / G2 / 1a Fase / J16: saved C:\git\bcnesa-extract-2\resources\actas-incremental-content\2026-2027\RTB 2a COMARCAL\G2\1a Fase\jornada_16.html (3 matches, 0 played, partial)
2026-10-02 00:23:33,087 INFO Barcelona / RTB 2a COMARCAL / G2 / 1a Fase / J17: future match day, keeping minimal match info from the league page
2026-10-02 00:23:33,098 INFO Barcelona / RTB 2a COMARCAL / G2 / 1a Fase / J17: saved C:\git\bcnesa-extract-2\resources\actas-incremental-content\2026-2027\RTB 2a COMARCAL\G2\1a Fase\jornada_17.html (3 matches, 0 played, partial)
2026-10-02 00:23:33,112 INFO Barcelona / RTB 2a COMARCAL / G2 / 1a Fase / J18: future match day, keeping minimal match info from the league page
2026-10-02 00:23:33,141 INFO Barcelona / RTB 2a COMARCAL / G2 / 1a Fase / J18: saved C:\git\bcnesa-extract-2\resources\actas-incremental-content\2026-2027\RTB 2a COMARCAL\G2\1a Fase\jornada_18.html (3 matches, 0 played, partial)
2026-10-02 00:23:34,619 WARNING Attempt 1/4 failed for https://fctt.cat/lligues/rtb-vet-1a/ (page without the expected content (the site returned an empty page)); retrying in 2.7s
2026-10-02 00:23:45,086 WARNING Attempt 2/4 failed for https://fctt.cat/lligues/rtb-vet-1a/ (page without the expected content (the site returned an empty page)); retrying in 5.7s
2026-10-02 00:23:52,780 WARNING Attempt 3/4 failed for https://fctt.cat/lligues/rtb-vet-1a/ (page without the expected content (the site returned an empty page)); retrying in 9.2s
2026-10-02 00:24:04,877 ERROR Failed after 4 attempt(s): https://fctt.cat/lligues/rtb-vet-1a/ (page without the expected content (the site returned an empty page))
2026-10-02 00:24:04,878 ERROR Barcelona / RTB VETERANS 1a G1: league page without match days after retries, skipped (https://fctt.cat/lligues/rtb-vet-1a/)
2026-10-02 00:24:06,514 WARNING Attempt 1/4 failed for https://fctt.cat/lligues/rtb-vet-1a-2/ (page without the expected content (the site returned an empty page)); retrying in 2.5s
2026-10-02 00:24:10,563 WARNING Attempt 2/4 failed for https://fctt.cat/lligues/rtb-vet-1a-2/ (page without the expected content (the site returned an empty page)); retrying in 5.2s
2026-10-02 00:24:17,591 INFO Barcelona / RTB VETERANS 1a G2: 14 match day(s) -> C:\git\bcnesa-extract-2\resources\actas-incremental-content\2026-2027\RTB VETERANS 1a\G2\1a Fase
2026-10-02 00:24:20,794 INFO Barcelona / RTB VETERANS 1a / G2 / 1a Fase / J1: saved C:\git\bcnesa-extract-2\resources\actas-incremental-content\2026-2027\RTB VETERANS 1a\G2\1a Fase\jornada_01.html (4 matches, 4 played, complete)
2026-10-02 00:24:20,796 INFO Barcelona / RTB VETERANS 1a / G2 / 1a Fase / J2: future match day, keeping minimal match info from the league page
2026-10-02 00:24:20,801 INFO Barcelona / RTB VETERANS 1a / G2 / 1a Fase / J2: saved C:\git\bcnesa-extract-2\resources\actas-incremental-content\2026-2027\RTB VETERANS 1a\G2\1a Fase\jornada_02.html (4 matches, 0 played, partial)
2026-10-02 00:24:20,805 INFO Barcelona / RTB VETERANS 1a / G2 / 1a Fase / J3: future match day, keeping minimal match info from the league page
2026-10-02 00:24:20,815 INFO Barcelona / RTB VETERANS 1a / G2 / 1a Fase / J3: saved C:\git\bcnesa-extract-2\resources\actas-incremental-content\2026-2027\RTB VETERANS 1a\G2\1a Fase\jornada_03.html (4 matches, 0 played, partial)
2026-10-02 00:24:20,818 INFO Barcelona / RTB VETERANS 1a / G2 / 1a Fase / J4: future match day, keeping minimal match info from the league page
2026-10-02 00:24:20,827 INFO Barcelona / RTB VETERANS 1a / G2 / 1a Fase / J4: saved C:\git\bcnesa-extract-2\resources\actas-incremental-content\2026-2027\RTB VETERANS 1a\G2\1a Fase\jornada_04.html (4 matches, 0 played, partial)
2026-10-02 00:24:20,832 INFO Barcelona / RTB VETERANS 1a / G2 / 1a Fase / J5: future match day, keeping minimal match info from the league page
2026-10-02 00:24:20,840 INFO Barcelona / RTB VETERANS 1a / G2 / 1a Fase / J5: saved C:\git\bcnesa-extract-2\resources\actas-incremental-content\2026-2027\RTB VETERANS 1a\G2\1a Fase\jornada_05.html (4 matches, 0 played, partial)
2026-10-02 00:24:20,847 INFO Barcelona / RTB VETERANS 1a / G2 / 1a Fase / J6: future match day, keeping minimal match info from the league page
2026-10-02 00:24:20,856 INFO Barcelona / RTB VETERANS 1a / G2 / 1a Fase / J6: saved C:\git\bcnesa-extract-2\resources\actas-incremental-content\2026-2027\RTB VETERANS 1a\G2\1a Fase\jornada_06.html (4 matches, 0 played, partial)
2026-10-02 00:24:20,861 INFO Barcelona / RTB VETERANS 1a / G2 / 1a Fase / J7: future match day, keeping minimal match info from the league page
2026-10-02 00:24:20,869 INFO Barcelona / RTB VETERANS 1a / G2 / 1a Fase / J7: saved C:\git\bcnesa-extract-2\resources\actas-incremental-content\2026-2027\RTB VETERANS 1a\G2\1a Fase\jornada_07.html (4 matches, 0 played, partial)
2026-10-02 00:24:20,873 INFO Barcelona / RTB VETERANS 1a / G2 / 1a Fase / J8: future match day, keeping minimal match info from the league page
2026-10-02 00:24:20,885 INFO Barcelona / RTB VETERANS 1a / G2 / 1a Fase / J8: saved C:\git\bcnesa-extract-2\resources\actas-incremental-content\2026-2027\RTB VETERANS 1a\G2\1a Fase\jornada_08.html (4 matches, 0 played, partial)
2026-10-02 00:24:20,889 INFO Barcelona / RTB VETERANS 1a / G2 / 1a Fase / J9: future match day, keeping minimal match info from the league page
2026-10-02 00:24:20,894 INFO Barcelona / RTB VETERANS 1a / G2 / 1a Fase / J9: saved C:\git\bcnesa-extract-2\resources\actas-incremental-content\2026-2027\RTB VETERANS 1a\G2\1a Fase\jornada_09.html (4 matches, 0 played, partial)
2026-10-02 00:24:20,897 INFO Barcelona / RTB VETERANS 1a / G2 / 1a Fase / J10: future match day, keeping minimal match info from the league page
2026-10-02 00:24:20,903 INFO Barcelona / RTB VETERANS 1a / G2 / 1a Fase / J10: saved C:\git\bcnesa-extract-2\resources\actas-incremental-content\2026-2027\RTB VETERANS 1a\G2\1a Fase\jornada_10.html (4 matches, 0 played, partial)
2026-10-02 00:24:20,907 INFO Barcelona / RTB VETERANS 1a / G2 / 1a Fase / J11: future match day, keeping minimal match info from the league page
2026-10-02 00:24:20,915 INFO Barcelona / RTB VETERANS 1a / G2 / 1a Fase / J11: saved C:\git\bcnesa-extract-2\resources\actas-incremental-content\2026-2027\RTB VETERANS 1a\G2\1a Fase\jornada_11.html (4 matches, 0 played, partial)
2026-10-02 00:24:20,919 INFO Barcelona / RTB VETERANS 1a / G2 / 1a Fase / J12: future match day, keeping minimal match info from the league page
2026-10-02 00:24:20,926 INFO Barcelona / RTB VETERANS 1a / G2 / 1a Fase / J12: saved C:\git\bcnesa-extract-2\resources\actas-incremental-content\2026-2027\RTB VETERANS 1a\G2\1a Fase\jornada_12.html (4 matches, 0 played, partial)
2026-10-02 00:24:20,928 INFO Barcelona / RTB VETERANS 1a / G2 / 1a Fase / J13: future match day, keeping minimal match info from the league page
2026-10-02 00:24:20,934 INFO Barcelona / RTB VETERANS 1a / G2 / 1a Fase / J13: saved C:\git\bcnesa-extract-2\resources\actas-incremental-content\2026-2027\RTB VETERANS 1a\G2\1a Fase\jornada_13.html (4 matches, 0 played, partial)
2026-10-02 00:24:20,936 INFO Barcelona / RTB VETERANS 1a / G2 / 1a Fase / J14: future match day, keeping minimal match info from the league page
2026-10-02 00:24:20,943 INFO Barcelona / RTB VETERANS 1a / G2 / 1a Fase / J14: saved C:\git\bcnesa-extract-2\resources\actas-incremental-content\2026-2027\RTB VETERANS 1a\G2\1a Fase\jornada_14.html (4 matches, 0 played, partial)
2026-10-02 00:24:22,919 INFO Barcelona / RTB VETERANS 2aA G1: 14 match day(s) -> C:\git\bcnesa-extract-2\resources\actas-incremental-content\2026-2027\RTB VETERANS 2aA\G1\1a Fase
2026-10-02 00:24:26,199 INFO Barcelona / RTB VETERANS 2aA / G1 / 1a Fase / J1: saved C:\git\bcnesa-extract-2\resources\actas-incremental-content\2026-2027\RTB VETERANS 2aA\G1\1a Fase\jornada_01.html (4 matches, 4 played, complete)
2026-10-02 00:24:26,205 INFO Barcelona / RTB VETERANS 2aA / G1 / 1a Fase / J2: future match day, keeping minimal match info from the league page
2026-10-02 00:24:26,211 INFO Barcelona / RTB VETERANS 2aA / G1 / 1a Fase / J2: saved C:\git\bcnesa-extract-2\resources\actas-incremental-content\2026-2027\RTB VETERANS 2aA\G1\1a Fase\jornada_02.html (4 matches, 0 played, partial)
2026-10-02 00:24:26,214 INFO Barcelona / RTB VETERANS 2aA / G1 / 1a Fase / J3: future match day, keeping minimal match info from the league page
2026-10-02 00:24:26,226 INFO Barcelona / RTB VETERANS 2aA / G1 / 1a Fase / J3: saved C:\git\bcnesa-extract-2\resources\actas-incremental-content\2026-2027\RTB VETERANS 2aA\G1\1a Fase\jornada_03.html (4 matches, 0 played, partial)
2026-10-02 00:24:26,229 INFO Barcelona / RTB VETERANS 2aA / G1 / 1a Fase / J4: future match day, keeping minimal match info from the league page
2026-10-02 00:24:26,234 INFO Barcelona / RTB VETERANS 2aA / G1 / 1a Fase / J4: saved C:\git\bcnesa-extract-2\resources\actas-incremental-content\2026-2027\RTB VETERANS 2aA\G1\1a Fase\jornada_04.html (4 matches, 0 played, partial)
2026-10-02 00:24:26,237 INFO Barcelona / RTB VETERANS 2aA / G1 / 1a Fase / J5: future match day, keeping minimal match info from the league page
2026-10-02 00:24:26,242 INFO Barcelona / RTB VETERANS 2aA / G1 / 1a Fase / J5: saved C:\git\bcnesa-extract-2\resources\actas-incremental-content\2026-2027\RTB VETERANS 2aA\G1\1a Fase\jornada_05.html (4 matches, 0 played, partial)
2026-10-02 00:24:26,248 INFO Barcelona / RTB VETERANS 2aA / G1 / 1a Fase / J6: future match day, keeping minimal match info from the league page
2026-10-02 00:24:26,256 INFO Barcelona / RTB VETERANS 2aA / G1 / 1a Fase / J6: saved C:\git\bcnesa-extract-2\resources\actas-incremental-content\2026-2027\RTB VETERANS 2aA\G1\1a Fase\jornada_06.html (4 matches, 0 played, partial)
2026-10-02 00:24:26,261 INFO Barcelona / RTB VETERANS 2aA / G1 / 1a Fase / J7: future match day, keeping minimal match info from the league page
2026-10-02 00:24:26,269 INFO Barcelona / RTB VETERANS 2aA / G1 / 1a Fase / J7: saved C:\git\bcnesa-extract-2\resources\actas-incremental-content\2026-2027\RTB VETERANS 2aA\G1\1a Fase\jornada_07.html (4 matches, 0 played, partial)
2026-10-02 00:24:26,273 INFO Barcelona / RTB VETERANS 2aA / G1 / 1a Fase / J8: future match day, keeping minimal match info from the league page
2026-10-02 00:24:26,279 INFO Barcelona / RTB VETERANS 2aA / G1 / 1a Fase / J8: saved C:\git\bcnesa-extract-2\resources\actas-incremental-content\2026-2027\RTB VETERANS 2aA\G1\1a Fase\jornada_08.html (4 matches, 0 played, partial)
2026-10-02 00:24:26,281 INFO Barcelona / RTB VETERANS 2aA / G1 / 1a Fase / J9: future match day, keeping minimal match info from the league page
2026-10-02 00:24:26,289 INFO Barcelona / RTB VETERANS 2aA / G1 / 1a Fase / J9: saved C:\git\bcnesa-extract-2\resources\actas-incremental-content\2026-2027\RTB VETERANS 2aA\G1\1a Fase\jornada_09.html (4 matches, 0 played, partial)
2026-10-02 00:24:26,293 INFO Barcelona / RTB VETERANS 2aA / G1 / 1a Fase / J10: future match day, keeping minimal match info from the league page
2026-10-02 00:24:26,299 INFO Barcelona / RTB VETERANS 2aA / G1 / 1a Fase / J10: saved C:\git\bcnesa-extract-2\resources\actas-incremental-content\2026-2027\RTB VETERANS 2aA\G1\1a Fase\jornada_10.html (4 matches, 0 played, partial)
2026-10-02 00:24:26,302 INFO Barcelona / RTB VETERANS 2aA / G1 / 1a Fase / J11: future match day, keeping minimal match info from the league page
2026-10-02 00:24:26,308 INFO Barcelona / RTB VETERANS 2aA / G1 / 1a Fase / J11: saved C:\git\bcnesa-extract-2\resources\actas-incremental-content\2026-2027\RTB VETERANS 2aA\G1\1a Fase\jornada_11.html (4 matches, 0 played, partial)
2026-10-02 00:24:26,310 INFO Barcelona / RTB VETERANS 2aA / G1 / 1a Fase / J12: future match day, keeping minimal match info from the league page
2026-10-02 00:24:26,319 INFO Barcelona / RTB VETERANS 2aA / G1 / 1a Fase / J12: saved C:\git\bcnesa-extract-2\resources\actas-incremental-content\2026-2027\RTB VETERANS 2aA\G1\1a Fase\jornada_12.html (4 matches, 0 played, partial)
2026-10-02 00:24:26,322 INFO Barcelona / RTB VETERANS 2aA / G1 / 1a Fase / J13: future match day, keeping minimal match info from the league page
2026-10-02 00:24:26,329 INFO Barcelona / RTB VETERANS 2aA / G1 / 1a Fase / J13: saved C:\git\bcnesa-extract-2\resources\actas-incremental-content\2026-2027\RTB VETERANS 2aA\G1\1a Fase\jornada_13.html (4 matches, 0 played, partial)
2026-10-02 00:24:26,333 INFO Barcelona / RTB VETERANS 2aA / G1 / 1a Fase / J14: future match day, keeping minimal match info from the league page
2026-10-02 00:24:26,339 INFO Barcelona / RTB VETERANS 2aA / G1 / 1a Fase / J14: saved C:\git\bcnesa-extract-2\resources\actas-incremental-content\2026-2027\RTB VETERANS 2aA\G1\1a Fase\jornada_14.html (4 matches, 0 played, partial)
2026-10-02 00:24:28,304 INFO Barcelona / RTB VETERANS 2aA G2: 14 match day(s) -> C:\git\bcnesa-extract-2\resources\actas-incremental-content\2026-2027\RTB VETERANS 2aA\G2\1a Fase
2026-10-02 00:24:29,833 WARNING Attempt 1/4 failed for https://fctt.cat/lligues/rtb-vet-2aa-2/?jornada=1 (page without matches (the site returned an empty page)); retrying in 3.2s
2026-10-02 00:24:34,538 WARNING Attempt 2/4 failed for https://fctt.cat/lligues/rtb-vet-2aa-2/?jornada=1 (page without matches (the site returned an empty page)); retrying in 5.6s
2026-10-02 00:24:42,505 WARNING Attempt 3/4 failed for https://fctt.cat/lligues/rtb-vet-2aa-2/?jornada=1 (page without matches (the site returned an empty page)); retrying in 8.3s
2026-10-02 00:24:52,303 ERROR Failed after 4 attempt(s): https://fctt.cat/lligues/rtb-vet-2aa-2/?jornada=1 (page without matches (the site returned an empty page))
2026-10-02 00:24:52,303 ERROR Barcelona / RTB VETERANS 2aA / G2 / 1a Fase / J1: match day not available after retries, skipped (https://fctt.cat/lligues/rtb-vet-2aa-2/?jornada=1)
2026-10-02 00:24:52,305 INFO Barcelona / RTB VETERANS 2aA / G2 / 1a Fase / J2: future match day, keeping minimal match info from the league page
2026-10-02 00:24:52,312 INFO Barcelona / RTB VETERANS 2aA / G2 / 1a Fase / J2: saved C:\git\bcnesa-extract-2\resources\actas-incremental-content\2026-2027\RTB VETERANS 2aA\G2\1a Fase\jornada_02.html (4 matches, 0 played, partial)
2026-10-02 00:24:52,314 INFO Barcelona / RTB VETERANS 2aA / G2 / 1a Fase / J3: future match day, keeping minimal match info from the league page
2026-10-02 00:24:52,319 INFO Barcelona / RTB VETERANS 2aA / G2 / 1a Fase / J3: saved C:\git\bcnesa-extract-2\resources\actas-incremental-content\2026-2027\RTB VETERANS 2aA\G2\1a Fase\jornada_03.html (4 matches, 0 played, partial)
2026-10-02 00:24:52,322 INFO Barcelona / RTB VETERANS 2aA / G2 / 1a Fase / J4: future match day, keeping minimal match info from the league page
2026-10-02 00:24:52,336 INFO Barcelona / RTB VETERANS 2aA / G2 / 1a Fase / J4: saved C:\git\bcnesa-extract-2\resources\actas-incremental-content\2026-2027\RTB VETERANS 2aA\G2\1a Fase\jornada_04.html (4 matches, 0 played, partial)
2026-10-02 00:24:52,339 INFO Barcelona / RTB VETERANS 2aA / G2 / 1a Fase / J5: future match day, keeping minimal match info from the league page
2026-10-02 00:24:52,345 INFO Barcelona / RTB VETERANS 2aA / G2 / 1a Fase / J5: saved C:\git\bcnesa-extract-2\resources\actas-incremental-content\2026-2027\RTB VETERANS 2aA\G2\1a Fase\jornada_05.html (4 matches, 0 played, partial)
2026-10-02 00:24:52,348 INFO Barcelona / RTB VETERANS 2aA / G2 / 1a Fase / J6: future match day, keeping minimal match info from the league page
2026-10-02 00:24:52,353 INFO Barcelona / RTB VETERANS 2aA / G2 / 1a Fase / J6: saved C:\git\bcnesa-extract-2\resources\actas-incremental-content\2026-2027\RTB VETERANS 2aA\G2\1a Fase\jornada_06.html (4 matches, 0 played, partial)
2026-10-02 00:24:52,355 INFO Barcelona / RTB VETERANS 2aA / G2 / 1a Fase / J7: future match day, keeping minimal match info from the league page
2026-10-02 00:24:52,361 INFO Barcelona / RTB VETERANS 2aA / G2 / 1a Fase / J7: saved C:\git\bcnesa-extract-2\resources\actas-incremental-content\2026-2027\RTB VETERANS 2aA\G2\1a Fase\jornada_07.html (4 matches, 0 played, partial)
2026-10-02 00:24:52,364 INFO Barcelona / RTB VETERANS 2aA / G2 / 1a Fase / J8: future match day, keeping minimal match info from the league page
2026-10-02 00:24:52,369 INFO Barcelona / RTB VETERANS 2aA / G2 / 1a Fase / J8: saved C:\git\bcnesa-extract-2\resources\actas-incremental-content\2026-2027\RTB VETERANS 2aA\G2\1a Fase\jornada_08.html (4 matches, 0 played, partial)
2026-10-02 00:24:52,371 INFO Barcelona / RTB VETERANS 2aA / G2 / 1a Fase / J9: future match day, keeping minimal match info from the league page
2026-10-02 00:24:52,377 INFO Barcelona / RTB VETERANS 2aA / G2 / 1a Fase / J9: saved C:\git\bcnesa-extract-2\resources\actas-incremental-content\2026-2027\RTB VETERANS 2aA\G2\1a Fase\jornada_09.html (4 matches, 0 played, partial)
2026-10-02 00:24:52,379 INFO Barcelona / RTB VETERANS 2aA / G2 / 1a Fase / J10: future match day, keeping minimal match info from the league page
2026-10-02 00:24:52,384 INFO Barcelona / RTB VETERANS 2aA / G2 / 1a Fase / J10: saved C:\git\bcnesa-extract-2\resources\actas-incremental-content\2026-2027\RTB VETERANS 2aA\G2\1a Fase\jornada_10.html (4 matches, 0 played, partial)
2026-10-02 00:24:52,387 INFO Barcelona / RTB VETERANS 2aA / G2 / 1a Fase / J11: future match day, keeping minimal match info from the league page
2026-10-02 00:24:52,392 INFO Barcelona / RTB VETERANS 2aA / G2 / 1a Fase / J11: saved C:\git\bcnesa-extract-2\resources\actas-incremental-content\2026-2027\RTB VETERANS 2aA\G2\1a Fase\jornada_11.html (4 matches, 0 played, partial)
2026-10-02 00:24:52,394 INFO Barcelona / RTB VETERANS 2aA / G2 / 1a Fase / J12: future match day, keeping minimal match info from the league page
2026-10-02 00:24:52,399 INFO Barcelona / RTB VETERANS 2aA / G2 / 1a Fase / J12: saved C:\git\bcnesa-extract-2\resources\actas-incremental-content\2026-2027\RTB VETERANS 2aA\G2\1a Fase\jornada_12.html (4 matches, 0 played, partial)
2026-10-02 00:24:52,402 INFO Barcelona / RTB VETERANS 2aA / G2 / 1a Fase / J13: future match day, keeping minimal match info from the league page
2026-10-02 00:24:52,407 INFO Barcelona / RTB VETERANS 2aA / G2 / 1a Fase / J13: saved C:\git\bcnesa-extract-2\resources\actas-incremental-content\2026-2027\RTB VETERANS 2aA\G2\1a Fase\jornada_13.html (4 matches, 0 played, partial)
2026-10-02 00:24:52,409 INFO Barcelona / RTB VETERANS 2aA / G2 / 1a Fase / J14: future match day, keeping minimal match info from the league page
2026-10-02 00:24:52,415 INFO Barcelona / RTB VETERANS 2aA / G2 / 1a Fase / J14: saved C:\git\bcnesa-extract-2\resources\actas-incremental-content\2026-2027\RTB VETERANS 2aA\G2\1a Fase\jornada_14.html (4 matches, 0 played, partial)
2026-10-02 00:24:54,088 WARNING Attempt 1/4 failed for https://fctt.cat/lligues/rtb-vet-2ab/ (page without the expected content (the site returned an empty page)); retrying in 2.8s
2026-10-02 00:24:58,717 WARNING Attempt 2/4 failed for https://fctt.cat/lligues/rtb-vet-2ab/ (page without the expected content (the site returned an empty page)); retrying in 5.0s
2026-10-02 00:25:05,340 WARNING Attempt 3/4 failed for https://fctt.cat/lligues/rtb-vet-2ab/ (page without the expected content (the site returned an empty page)); retrying in 9.6s
2026-10-02 00:25:16,828 INFO Barcelona / RTB VETERANS 2aB G1: 14 match day(s) -> C:\git\bcnesa-extract-2\resources\actas-incremental-content\2026-2027\RTB VETERANS 2aB\G1\1a Fase
2026-10-02 00:25:19,823 INFO Barcelona / RTB VETERANS 2aB / G1 / 1a Fase / J1: saved C:\git\bcnesa-extract-2\resources\actas-incremental-content\2026-2027\RTB VETERANS 2aB\G1\1a Fase\jornada_01.html (4 matches, 3 played, partial)
2026-10-02 00:25:19,826 INFO Barcelona / RTB VETERANS 2aB / G1 / 1a Fase / J2: future match day, keeping minimal match info from the league page
2026-10-02 00:25:19,831 INFO Barcelona / RTB VETERANS 2aB / G1 / 1a Fase / J2: saved C:\git\bcnesa-extract-2\resources\actas-incremental-content\2026-2027\RTB VETERANS 2aB\G1\1a Fase\jornada_02.html (4 matches, 0 played, partial)
2026-10-02 00:25:19,833 INFO Barcelona / RTB VETERANS 2aB / G1 / 1a Fase / J3: future match day, keeping minimal match info from the league page
2026-10-02 00:25:19,839 INFO Barcelona / RTB VETERANS 2aB / G1 / 1a Fase / J3: saved C:\git\bcnesa-extract-2\resources\actas-incremental-content\2026-2027\RTB VETERANS 2aB\G1\1a Fase\jornada_03.html (4 matches, 0 played, partial)
2026-10-02 00:25:19,841 INFO Barcelona / RTB VETERANS 2aB / G1 / 1a Fase / J4: future match day, keeping minimal match info from the league page
2026-10-02 00:25:19,846 INFO Barcelona / RTB VETERANS 2aB / G1 / 1a Fase / J4: saved C:\git\bcnesa-extract-2\resources\actas-incremental-content\2026-2027\RTB VETERANS 2aB\G1\1a Fase\jornada_04.html (4 matches, 0 played, partial)
2026-10-02 00:25:19,848 INFO Barcelona / RTB VETERANS 2aB / G1 / 1a Fase / J5: future match day, keeping minimal match info from the league page
2026-10-02 00:25:19,853 INFO Barcelona / RTB VETERANS 2aB / G1 / 1a Fase / J5: saved C:\git\bcnesa-extract-2\resources\actas-incremental-content\2026-2027\RTB VETERANS 2aB\G1\1a Fase\jornada_05.html (4 matches, 0 played, partial)
2026-10-02 00:25:19,856 INFO Barcelona / RTB VETERANS 2aB / G1 / 1a Fase / J6: future match day, keeping minimal match info from the league page
2026-10-02 00:25:19,861 INFO Barcelona / RTB VETERANS 2aB / G1 / 1a Fase / J6: saved C:\git\bcnesa-extract-2\resources\actas-incremental-content\2026-2027\RTB VETERANS 2aB\G1\1a Fase\jornada_06.html (4 matches, 0 played, partial)
2026-10-02 00:25:19,863 INFO Barcelona / RTB VETERANS 2aB / G1 / 1a Fase / J7: future match day, keeping minimal match info from the league page
2026-10-02 00:25:19,868 INFO Barcelona / RTB VETERANS 2aB / G1 / 1a Fase / J7: saved C:\git\bcnesa-extract-2\resources\actas-incremental-content\2026-2027\RTB VETERANS 2aB\G1\1a Fase\jornada_07.html (4 matches, 0 played, partial)
2026-10-02 00:25:19,871 INFO Barcelona / RTB VETERANS 2aB / G1 / 1a Fase / J8: future match day, keeping minimal match info from the league page
2026-10-02 00:25:19,876 INFO Barcelona / RTB VETERANS 2aB / G1 / 1a Fase / J8: saved C:\git\bcnesa-extract-2\resources\actas-incremental-content\2026-2027\RTB VETERANS 2aB\G1\1a Fase\jornada_08.html (4 matches, 0 played, partial)
2026-10-02 00:25:19,879 INFO Barcelona / RTB VETERANS 2aB / G1 / 1a Fase / J9: future match day, keeping minimal match info from the league page
2026-10-02 00:25:19,884 INFO Barcelona / RTB VETERANS 2aB / G1 / 1a Fase / J9: saved C:\git\bcnesa-extract-2\resources\actas-incremental-content\2026-2027\RTB VETERANS 2aB\G1\1a Fase\jornada_09.html (4 matches, 0 played, partial)
2026-10-02 00:25:19,887 INFO Barcelona / RTB VETERANS 2aB / G1 / 1a Fase / J10: future match day, keeping minimal match info from the league page
2026-10-02 00:25:19,892 INFO Barcelona / RTB VETERANS 2aB / G1 / 1a Fase / J10: saved C:\git\bcnesa-extract-2\resources\actas-incremental-content\2026-2027\RTB VETERANS 2aB\G1\1a Fase\jornada_10.html (4 matches, 0 played, partial)
2026-10-02 00:25:19,894 INFO Barcelona / RTB VETERANS 2aB / G1 / 1a Fase / J11: future match day, keeping minimal match info from the league page
2026-10-02 00:25:19,899 INFO Barcelona / RTB VETERANS 2aB / G1 / 1a Fase / J11: saved C:\git\bcnesa-extract-2\resources\actas-incremental-content\2026-2027\RTB VETERANS 2aB\G1\1a Fase\jornada_11.html (4 matches, 0 played, partial)
2026-10-02 00:25:19,902 INFO Barcelona / RTB VETERANS 2aB / G1 / 1a Fase / J12: future match day, keeping minimal match info from the league page
2026-10-02 00:25:19,907 INFO Barcelona / RTB VETERANS 2aB / G1 / 1a Fase / J12: saved C:\git\bcnesa-extract-2\resources\actas-incremental-content\2026-2027\RTB VETERANS 2aB\G1\1a Fase\jornada_12.html (4 matches, 0 played, partial)
2026-10-02 00:25:19,909 INFO Barcelona / RTB VETERANS 2aB / G1 / 1a Fase / J13: future match day, keeping minimal match info from the league page
2026-10-02 00:25:19,915 INFO Barcelona / RTB VETERANS 2aB / G1 / 1a Fase / J13: saved C:\git\bcnesa-extract-2\resources\actas-incremental-content\2026-2027\RTB VETERANS 2aB\G1\1a Fase\jornada_13.html (4 matches, 0 played, partial)
2026-10-02 00:25:19,917 INFO Barcelona / RTB VETERANS 2aB / G1 / 1a Fase / J14: future match day, keeping minimal match info from the league page
2026-10-02 00:25:19,922 INFO Barcelona / RTB VETERANS 2aB / G1 / 1a Fase / J14: saved C:\git\bcnesa-extract-2\resources\actas-incremental-content\2026-2027\RTB VETERANS 2aB\G1\1a Fase\jornada_14.html (4 matches, 0 played, partial)
2026-10-02 00:25:21,806 INFO Barcelona / RTB VETERANS 2aB G2: 14 match day(s) -> C:\git\bcnesa-extract-2\resources\actas-incremental-content\2026-2027\RTB VETERANS 2aB\G2\1a Fase
2026-10-02 00:25:28,094 INFO Barcelona / RTB VETERANS 2aB / G2 / 1a Fase / J1: saved C:\git\bcnesa-extract-2\resources\actas-incremental-content\2026-2027\RTB VETERANS 2aB\G2\1a Fase\jornada_01.html (4 matches, 4 played, complete)
2026-10-02 00:25:28,105 INFO Barcelona / RTB VETERANS 2aB / G2 / 1a Fase / J2: future match day, keeping minimal match info from the league page
2026-10-02 00:25:28,135 INFO Barcelona / RTB VETERANS 2aB / G2 / 1a Fase / J2: saved C:\git\bcnesa-extract-2\resources\actas-incremental-content\2026-2027\RTB VETERANS 2aB\G2\1a Fase\jornada_02.html (4 matches, 0 played, partial)
2026-10-02 00:25:28,139 INFO Barcelona / RTB VETERANS 2aB / G2 / 1a Fase / J3: future match day, keeping minimal match info from the league page
2026-10-02 00:25:28,156 INFO Barcelona / RTB VETERANS 2aB / G2 / 1a Fase / J3: saved C:\git\bcnesa-extract-2\resources\actas-incremental-content\2026-2027\RTB VETERANS 2aB\G2\1a Fase\jornada_03.html (4 matches, 0 played, partial)
2026-10-02 00:25:28,161 INFO Barcelona / RTB VETERANS 2aB / G2 / 1a Fase / J4: future match day, keeping minimal match info from the league page
2026-10-02 00:25:28,173 INFO Barcelona / RTB VETERANS 2aB / G2 / 1a Fase / J4: saved C:\git\bcnesa-extract-2\resources\actas-incremental-content\2026-2027\RTB VETERANS 2aB\G2\1a Fase\jornada_04.html (4 matches, 0 played, partial)
2026-10-02 00:25:28,181 INFO Barcelona / RTB VETERANS 2aB / G2 / 1a Fase / J5: future match day, keeping minimal match info from the league page
2026-10-02 00:25:28,192 INFO Barcelona / RTB VETERANS 2aB / G2 / 1a Fase / J5: saved C:\git\bcnesa-extract-2\resources\actas-incremental-content\2026-2027\RTB VETERANS 2aB\G2\1a Fase\jornada_05.html (4 matches, 0 played, partial)
2026-10-02 00:25:28,200 INFO Barcelona / RTB VETERANS 2aB / G2 / 1a Fase / J6: future match day, keeping minimal match info from the league page
2026-10-02 00:25:28,209 INFO Barcelona / RTB VETERANS 2aB / G2 / 1a Fase / J6: saved C:\git\bcnesa-extract-2\resources\actas-incremental-content\2026-2027\RTB VETERANS 2aB\G2\1a Fase\jornada_06.html (4 matches, 0 played, partial)
2026-10-02 00:25:28,217 INFO Barcelona / RTB VETERANS 2aB / G2 / 1a Fase / J7: future match day, keeping minimal match info from the league page
2026-10-02 00:25:28,227 INFO Barcelona / RTB VETERANS 2aB / G2 / 1a Fase / J7: saved C:\git\bcnesa-extract-2\resources\actas-incremental-content\2026-2027\RTB VETERANS 2aB\G2\1a Fase\jornada_07.html (4 matches, 0 played, partial)
2026-10-02 00:25:28,230 INFO Barcelona / RTB VETERANS 2aB / G2 / 1a Fase / J8: future match day, keeping minimal match info from the league page
2026-10-02 00:25:28,242 INFO Barcelona / RTB VETERANS 2aB / G2 / 1a Fase / J8: saved C:\git\bcnesa-extract-2\resources\actas-incremental-content\2026-2027\RTB VETERANS 2aB\G2\1a Fase\jornada_08.html (4 matches, 0 played, partial)
2026-10-02 00:25:28,247 INFO Barcelona / RTB VETERANS 2aB / G2 / 1a Fase / J9: future match day, keeping minimal match info from the league page
2026-10-02 00:25:28,258 INFO Barcelona / RTB VETERANS 2aB / G2 / 1a Fase / J9: saved C:\git\bcnesa-extract-2\resources\actas-incremental-content\2026-2027\RTB VETERANS 2aB\G2\1a Fase\jornada_09.html (4 matches, 0 played, partial)
2026-10-02 00:25:28,264 INFO Barcelona / RTB VETERANS 2aB / G2 / 1a Fase / J10: future match day, keeping minimal match info from the league page
2026-10-02 00:25:28,276 INFO Barcelona / RTB VETERANS 2aB / G2 / 1a Fase / J10: saved C:\git\bcnesa-extract-2\resources\actas-incremental-content\2026-2027\RTB VETERANS 2aB\G2\1a Fase\jornada_10.html (4 matches, 0 played, partial)
2026-10-02 00:25:28,278 INFO Barcelona / RTB VETERANS 2aB / G2 / 1a Fase / J11: future match day, keeping minimal match info from the league page
2026-10-02 00:25:28,288 INFO Barcelona / RTB VETERANS 2aB / G2 / 1a Fase / J11: saved C:\git\bcnesa-extract-2\resources\actas-incremental-content\2026-2027\RTB VETERANS 2aB\G2\1a Fase\jornada_11.html (4 matches, 0 played, partial)
2026-10-02 00:25:28,293 INFO Barcelona / RTB VETERANS 2aB / G2 / 1a Fase / J12: future match day, keeping minimal match info from the league page
2026-10-02 00:25:28,302 INFO Barcelona / RTB VETERANS 2aB / G2 / 1a Fase / J12: saved C:\git\bcnesa-extract-2\resources\actas-incremental-content\2026-2027\RTB VETERANS 2aB\G2\1a Fase\jornada_12.html (4 matches, 0 played, partial)
2026-10-02 00:25:28,307 INFO Barcelona / RTB VETERANS 2aB / G2 / 1a Fase / J13: future match day, keeping minimal match info from the league page
2026-10-02 00:25:28,315 INFO Barcelona / RTB VETERANS 2aB / G2 / 1a Fase / J13: saved C:\git\bcnesa-extract-2\resources\actas-incremental-content\2026-2027\RTB VETERANS 2aB\G2\1a Fase\jornada_13.html (4 matches, 0 played, partial)
2026-10-02 00:25:28,318 INFO Barcelona / RTB VETERANS 2aB / G2 / 1a Fase / J14: future match day, keeping minimal match info from the league page
2026-10-02 00:25:28,327 INFO Barcelona / RTB VETERANS 2aB / G2 / 1a Fase / J14: saved C:\git\bcnesa-extract-2\resources\actas-incremental-content\2026-2027\RTB VETERANS 2aB\G2\1a Fase\jornada_14.html (4 matches, 0 played, partial)
2026-10-02 00:25:30,579 INFO Barcelona / RTB VETERANS 3a A G1: 14 match day(s) -> C:\git\bcnesa-extract-2\resources\actas-incremental-content\2026-2027\RTB VETERANS 3a A\G1\1a Fase
2026-10-02 00:25:34,289 INFO Barcelona / RTB VETERANS 3a A / G1 / 1a Fase / J1: saved C:\git\bcnesa-extract-2\resources\actas-incremental-content\2026-2027\RTB VETERANS 3a A\G1\1a Fase\jornada_01.html (4 matches, 4 played, complete)
2026-10-02 00:25:34,292 INFO Barcelona / RTB VETERANS 3a A / G1 / 1a Fase / J2: future match day, keeping minimal match info from the league page
2026-10-02 00:25:34,299 INFO Barcelona / RTB VETERANS 3a A / G1 / 1a Fase / J2: saved C:\git\bcnesa-extract-2\resources\actas-incremental-content\2026-2027\RTB VETERANS 3a A\G1\1a Fase\jornada_02.html (4 matches, 0 played, partial)
2026-10-02 00:25:34,303 INFO Barcelona / RTB VETERANS 3a A / G1 / 1a Fase / J3: future match day, keeping minimal match info from the league page
2026-10-02 00:25:34,312 INFO Barcelona / RTB VETERANS 3a A / G1 / 1a Fase / J3: saved C:\git\bcnesa-extract-2\resources\actas-incremental-content\2026-2027\RTB VETERANS 3a A\G1\1a Fase\jornada_03.html (4 matches, 0 played, partial)
2026-10-02 00:25:34,317 INFO Barcelona / RTB VETERANS 3a A / G1 / 1a Fase / J4: future match day, keeping minimal match info from the league page
2026-10-02 00:25:34,323 INFO Barcelona / RTB VETERANS 3a A / G1 / 1a Fase / J4: saved C:\git\bcnesa-extract-2\resources\actas-incremental-content\2026-2027\RTB VETERANS 3a A\G1\1a Fase\jornada_04.html (4 matches, 0 played, partial)
2026-10-02 00:25:34,326 INFO Barcelona / RTB VETERANS 3a A / G1 / 1a Fase / J5: future match day, keeping minimal match info from the league page
2026-10-02 00:25:34,333 INFO Barcelona / RTB VETERANS 3a A / G1 / 1a Fase / J5: saved C:\git\bcnesa-extract-2\resources\actas-incremental-content\2026-2027\RTB VETERANS 3a A\G1\1a Fase\jornada_05.html (4 matches, 0 played, partial)
2026-10-02 00:25:34,338 INFO Barcelona / RTB VETERANS 3a A / G1 / 1a Fase / J6: future match day, keeping minimal match info from the league page
2026-10-02 00:25:34,344 INFO Barcelona / RTB VETERANS 3a A / G1 / 1a Fase / J6: saved C:\git\bcnesa-extract-2\resources\actas-incremental-content\2026-2027\RTB VETERANS 3a A\G1\1a Fase\jornada_06.html (4 matches, 0 played, partial)
2026-10-02 00:25:34,348 INFO Barcelona / RTB VETERANS 3a A / G1 / 1a Fase / J7: future match day, keeping minimal match info from the league page
2026-10-02 00:25:34,358 INFO Barcelona / RTB VETERANS 3a A / G1 / 1a Fase / J7: saved C:\git\bcnesa-extract-2\resources\actas-incremental-content\2026-2027\RTB VETERANS 3a A\G1\1a Fase\jornada_07.html (4 matches, 0 played, partial)
2026-10-02 00:25:34,362 INFO Barcelona / RTB VETERANS 3a A / G1 / 1a Fase / J8: future match day, keeping minimal match info from the league page
2026-10-02 00:25:34,372 INFO Barcelona / RTB VETERANS 3a A / G1 / 1a Fase / J8: saved C:\git\bcnesa-extract-2\resources\actas-incremental-content\2026-2027\RTB VETERANS 3a A\G1\1a Fase\jornada_08.html (4 matches, 0 played, partial)
2026-10-02 00:25:34,376 INFO Barcelona / RTB VETERANS 3a A / G1 / 1a Fase / J9: future match day, keeping minimal match info from the league page
2026-10-02 00:25:34,385 INFO Barcelona / RTB VETERANS 3a A / G1 / 1a Fase / J9: saved C:\git\bcnesa-extract-2\resources\actas-incremental-content\2026-2027\RTB VETERANS 3a A\G1\1a Fase\jornada_09.html (4 matches, 0 played, partial)
2026-10-02 00:25:34,389 INFO Barcelona / RTB VETERANS 3a A / G1 / 1a Fase / J10: future match day, keeping minimal match info from the league page
2026-10-02 00:25:34,396 INFO Barcelona / RTB VETERANS 3a A / G1 / 1a Fase / J10: saved C:\git\bcnesa-extract-2\resources\actas-incremental-content\2026-2027\RTB VETERANS 3a A\G1\1a Fase\jornada_10.html (4 matches, 0 played, partial)
2026-10-02 00:25:34,400 INFO Barcelona / RTB VETERANS 3a A / G1 / 1a Fase / J11: future match day, keeping minimal match info from the league page
2026-10-02 00:25:34,408 INFO Barcelona / RTB VETERANS 3a A / G1 / 1a Fase / J11: saved C:\git\bcnesa-extract-2\resources\actas-incremental-content\2026-2027\RTB VETERANS 3a A\G1\1a Fase\jornada_11.html (4 matches, 0 played, partial)
2026-10-02 00:25:34,411 INFO Barcelona / RTB VETERANS 3a A / G1 / 1a Fase / J12: future match day, keeping minimal match info from the league page
2026-10-02 00:25:34,418 INFO Barcelona / RTB VETERANS 3a A / G1 / 1a Fase / J12: saved C:\git\bcnesa-extract-2\resources\actas-incremental-content\2026-2027\RTB VETERANS 3a A\G1\1a Fase\jornada_12.html (4 matches, 0 played, partial)
2026-10-02 00:25:34,423 INFO Barcelona / RTB VETERANS 3a A / G1 / 1a Fase / J13: future match day, keeping minimal match info from the league page
2026-10-02 00:25:34,431 INFO Barcelona / RTB VETERANS 3a A / G1 / 1a Fase / J13: saved C:\git\bcnesa-extract-2\resources\actas-incremental-content\2026-2027\RTB VETERANS 3a A\G1\1a Fase\jornada_13.html (4 matches, 0 played, partial)
2026-10-02 00:25:34,436 INFO Barcelona / RTB VETERANS 3a A / G1 / 1a Fase / J14: future match day, keeping minimal match info from the league page
2026-10-02 00:25:34,443 INFO Barcelona / RTB VETERANS 3a A / G1 / 1a Fase / J14: saved C:\git\bcnesa-extract-2\resources\actas-incremental-content\2026-2027\RTB VETERANS 3a A\G1\1a Fase\jornada_14.html (4 matches, 0 played, partial)
2026-10-02 00:25:38,301 INFO Barcelona / RTB VETERANS 3a A G2: 14 match day(s) -> C:\git\bcnesa-extract-2\resources\actas-incremental-content\2026-2027\RTB VETERANS 3a A\G2\1a Fase
2026-10-02 00:25:41,618 INFO Barcelona / RTB VETERANS 3a A / G2 / 1a Fase / J1: saved C:\git\bcnesa-extract-2\resources\actas-incremental-content\2026-2027\RTB VETERANS 3a A\G2\1a Fase\jornada_01.html (4 matches, 4 played, complete)
2026-10-02 00:25:41,620 INFO Barcelona / RTB VETERANS 3a A / G2 / 1a Fase / J2: future match day, keeping minimal match info from the league page
2026-10-02 00:25:41,626 INFO Barcelona / RTB VETERANS 3a A / G2 / 1a Fase / J2: saved C:\git\bcnesa-extract-2\resources\actas-incremental-content\2026-2027\RTB VETERANS 3a A\G2\1a Fase\jornada_02.html (4 matches, 0 played, partial)
2026-10-02 00:25:41,628 INFO Barcelona / RTB VETERANS 3a A / G2 / 1a Fase / J3: future match day, keeping minimal match info from the league page
2026-10-02 00:25:41,644 INFO Barcelona / RTB VETERANS 3a A / G2 / 1a Fase / J3: saved C:\git\bcnesa-extract-2\resources\actas-incremental-content\2026-2027\RTB VETERANS 3a A\G2\1a Fase\jornada_03.html (4 matches, 0 played, partial)
2026-10-02 00:25:41,647 INFO Barcelona / RTB VETERANS 3a A / G2 / 1a Fase / J4: future match day, keeping minimal match info from the league page
2026-10-02 00:25:41,653 INFO Barcelona / RTB VETERANS 3a A / G2 / 1a Fase / J4: saved C:\git\bcnesa-extract-2\resources\actas-incremental-content\2026-2027\RTB VETERANS 3a A\G2\1a Fase\jornada_04.html (4 matches, 0 played, partial)
2026-10-02 00:25:41,655 INFO Barcelona / RTB VETERANS 3a A / G2 / 1a Fase / J5: future match day, keeping minimal match info from the league page
2026-10-02 00:25:41,660 INFO Barcelona / RTB VETERANS 3a A / G2 / 1a Fase / J5: saved C:\git\bcnesa-extract-2\resources\actas-incremental-content\2026-2027\RTB VETERANS 3a A\G2\1a Fase\jornada_05.html (4 matches, 0 played, partial)
2026-10-02 00:25:41,663 INFO Barcelona / RTB VETERANS 3a A / G2 / 1a Fase / J6: future match day, keeping minimal match info from the league page
2026-10-02 00:25:41,668 INFO Barcelona / RTB VETERANS 3a A / G2 / 1a Fase / J6: saved C:\git\bcnesa-extract-2\resources\actas-incremental-content\2026-2027\RTB VETERANS 3a A\G2\1a Fase\jornada_06.html (4 matches, 0 played, partial)
2026-10-02 00:25:41,671 INFO Barcelona / RTB VETERANS 3a A / G2 / 1a Fase / J7: future match day, keeping minimal match info from the league page
2026-10-02 00:25:41,676 INFO Barcelona / RTB VETERANS 3a A / G2 / 1a Fase / J7: saved C:\git\bcnesa-extract-2\resources\actas-incremental-content\2026-2027\RTB VETERANS 3a A\G2\1a Fase\jornada_07.html (4 matches, 0 played, partial)
2026-10-02 00:25:41,680 INFO Barcelona / RTB VETERANS 3a A / G2 / 1a Fase / J8: future match day, keeping minimal match info from the league page
2026-10-02 00:25:41,686 INFO Barcelona / RTB VETERANS 3a A / G2 / 1a Fase / J8: saved C:\git\bcnesa-extract-2\resources\actas-incremental-content\2026-2027\RTB VETERANS 3a A\G2\1a Fase\jornada_08.html (4 matches, 0 played, partial)
2026-10-02 00:25:41,688 INFO Barcelona / RTB VETERANS 3a A / G2 / 1a Fase / J9: future match day, keeping minimal match info from the league page
2026-10-02 00:25:41,693 INFO Barcelona / RTB VETERANS 3a A / G2 / 1a Fase / J9: saved C:\git\bcnesa-extract-2\resources\actas-incremental-content\2026-2027\RTB VETERANS 3a A\G2\1a Fase\jornada_09.html (4 matches, 0 played, partial)
2026-10-02 00:25:41,696 INFO Barcelona / RTB VETERANS 3a A / G2 / 1a Fase / J10: future match day, keeping minimal match info from the league page
2026-10-02 00:25:41,701 INFO Barcelona / RTB VETERANS 3a A / G2 / 1a Fase / J10: saved C:\git\bcnesa-extract-2\resources\actas-incremental-content\2026-2027\RTB VETERANS 3a A\G2\1a Fase\jornada_10.html (4 matches, 0 played, partial)
2026-10-02 00:25:41,704 INFO Barcelona / RTB VETERANS 3a A / G2 / 1a Fase / J11: future match day, keeping minimal match info from the league page
2026-10-02 00:25:41,710 INFO Barcelona / RTB VETERANS 3a A / G2 / 1a Fase / J11: saved C:\git\bcnesa-extract-2\resources\actas-incremental-content\2026-2027\RTB VETERANS 3a A\G2\1a Fase\jornada_11.html (4 matches, 0 played, partial)
2026-10-02 00:25:41,713 INFO Barcelona / RTB VETERANS 3a A / G2 / 1a Fase / J12: future match day, keeping minimal match info from the league page
2026-10-02 00:25:41,718 INFO Barcelona / RTB VETERANS 3a A / G2 / 1a Fase / J12: saved C:\git\bcnesa-extract-2\resources\actas-incremental-content\2026-2027\RTB VETERANS 3a A\G2\1a Fase\jornada_12.html (4 matches, 0 played, partial)
2026-10-02 00:25:41,721 INFO Barcelona / RTB VETERANS 3a A / G2 / 1a Fase / J13: future match day, keeping minimal match info from the league page
2026-10-02 00:25:41,727 INFO Barcelona / RTB VETERANS 3a A / G2 / 1a Fase / J13: saved C:\git\bcnesa-extract-2\resources\actas-incremental-content\2026-2027\RTB VETERANS 3a A\G2\1a Fase\jornada_13.html (4 matches, 0 played, partial)
2026-10-02 00:25:41,730 INFO Barcelona / RTB VETERANS 3a A / G2 / 1a Fase / J14: future match day, keeping minimal match info from the league page
2026-10-02 00:25:41,736 INFO Barcelona / RTB VETERANS 3a A / G2 / 1a Fase / J14: saved C:\git\bcnesa-extract-2\resources\actas-incremental-content\2026-2027\RTB VETERANS 3a A\G2\1a Fase\jornada_14.html (4 matches, 0 played, partial)
2026-10-02 00:25:43,660 INFO Barcelona / RTB VETERANS 3a B G1: 14 match day(s) -> C:\git\bcnesa-extract-2\resources\actas-incremental-content\2026-2027\RTB VETERANS 3a B\G1\1a Fase
2026-10-02 00:25:45,394 WARNING Attempt 1/4 failed for https://fctt.cat/lligues/rtb-vet-3ab-2/?jornada=1 (page without matches (the site returned an empty page)); retrying in 3.0s
2026-10-02 00:25:50,196 WARNING Attempt 2/4 failed for https://fctt.cat/lligues/rtb-vet-3ab-2/?jornada=1 (page without matches (the site returned an empty page)); retrying in 4.9s
2026-10-02 00:25:56,753 WARNING Attempt 3/4 failed for https://fctt.cat/lligues/rtb-vet-3ab-2/?jornada=1 (page without matches (the site returned an empty page)); retrying in 8.2s
2026-10-02 00:26:06,468 ERROR Failed after 4 attempt(s): https://fctt.cat/lligues/rtb-vet-3ab-2/?jornada=1 (page without matches (the site returned an empty page))
2026-10-02 00:26:06,468 ERROR Barcelona / RTB VETERANS 3a B / G1 / 1a Fase / J1: match day not available after retries, skipped (https://fctt.cat/lligues/rtb-vet-3ab-2/?jornada=1)
2026-10-02 00:26:06,472 INFO Barcelona / RTB VETERANS 3a B / G1 / 1a Fase / J2: future match day, keeping minimal match info from the league page
2026-10-02 00:26:06,485 INFO Barcelona / RTB VETERANS 3a B / G1 / 1a Fase / J2: saved C:\git\bcnesa-extract-2\resources\actas-incremental-content\2026-2027\RTB VETERANS 3a B\G1\1a Fase\jornada_02.html (4 matches, 0 played, partial)
2026-10-02 00:26:06,488 INFO Barcelona / RTB VETERANS 3a B / G1 / 1a Fase / J3: future match day, keeping minimal match info from the league page
2026-10-02 00:26:06,493 INFO Barcelona / RTB VETERANS 3a B / G1 / 1a Fase / J3: saved C:\git\bcnesa-extract-2\resources\actas-incremental-content\2026-2027\RTB VETERANS 3a B\G1\1a Fase\jornada_03.html (4 matches, 0 played, partial)
2026-10-02 00:26:06,495 INFO Barcelona / RTB VETERANS 3a B / G1 / 1a Fase / J4: future match day, keeping minimal match info from the league page
2026-10-02 00:26:06,501 INFO Barcelona / RTB VETERANS 3a B / G1 / 1a Fase / J4: saved C:\git\bcnesa-extract-2\resources\actas-incremental-content\2026-2027\RTB VETERANS 3a B\G1\1a Fase\jornada_04.html (4 matches, 0 played, partial)
2026-10-02 00:26:06,503 INFO Barcelona / RTB VETERANS 3a B / G1 / 1a Fase / J5: future match day, keeping minimal match info from the league page
2026-10-02 00:26:06,509 INFO Barcelona / RTB VETERANS 3a B / G1 / 1a Fase / J5: saved C:\git\bcnesa-extract-2\resources\actas-incremental-content\2026-2027\RTB VETERANS 3a B\G1\1a Fase\jornada_05.html (4 matches, 0 played, partial)
2026-10-02 00:26:06,512 INFO Barcelona / RTB VETERANS 3a B / G1 / 1a Fase / J6: future match day, keeping minimal match info from the league page
2026-10-02 00:26:06,517 INFO Barcelona / RTB VETERANS 3a B / G1 / 1a Fase / J6: saved C:\git\bcnesa-extract-2\resources\actas-incremental-content\2026-2027\RTB VETERANS 3a B\G1\1a Fase\jornada_06.html (4 matches, 0 played, partial)
2026-10-02 00:26:06,519 INFO Barcelona / RTB VETERANS 3a B / G1 / 1a Fase / J7: future match day, keeping minimal match info from the league page
2026-10-02 00:26:06,528 INFO Barcelona / RTB VETERANS 3a B / G1 / 1a Fase / J7: saved C:\git\bcnesa-extract-2\resources\actas-incremental-content\2026-2027\RTB VETERANS 3a B\G1\1a Fase\jornada_07.html (4 matches, 0 played, partial)
2026-10-02 00:26:06,535 INFO Barcelona / RTB VETERANS 3a B / G1 / 1a Fase / J8: future match day, keeping minimal match info from the league page
2026-10-02 00:26:06,544 INFO Barcelona / RTB VETERANS 3a B / G1 / 1a Fase / J8: saved C:\git\bcnesa-extract-2\resources\actas-incremental-content\2026-2027\RTB VETERANS 3a B\G1\1a Fase\jornada_08.html (4 matches, 0 played, partial)
2026-10-02 00:26:06,551 INFO Barcelona / RTB VETERANS 3a B / G1 / 1a Fase / J9: future match day, keeping minimal match info from the league page
2026-10-02 00:26:06,561 INFO Barcelona / RTB VETERANS 3a B / G1 / 1a Fase / J9: saved C:\git\bcnesa-extract-2\resources\actas-incremental-content\2026-2027\RTB VETERANS 3a B\G1\1a Fase\jornada_09.html (4 matches, 0 played, partial)
2026-10-02 00:26:06,564 INFO Barcelona / RTB VETERANS 3a B / G1 / 1a Fase / J10: future match day, keeping minimal match info from the league page
2026-10-02 00:26:06,574 INFO Barcelona / RTB VETERANS 3a B / G1 / 1a Fase / J10: saved C:\git\bcnesa-extract-2\resources\actas-incremental-content\2026-2027\RTB VETERANS 3a B\G1\1a Fase\jornada_10.html (4 matches, 0 played, partial)
2026-10-02 00:26:06,578 INFO Barcelona / RTB VETERANS 3a B / G1 / 1a Fase / J11: future match day, keeping minimal match info from the league page
2026-10-02 00:26:06,586 INFO Barcelona / RTB VETERANS 3a B / G1 / 1a Fase / J11: saved C:\git\bcnesa-extract-2\resources\actas-incremental-content\2026-2027\RTB VETERANS 3a B\G1\1a Fase\jornada_11.html (4 matches, 0 played, partial)
2026-10-02 00:26:06,589 INFO Barcelona / RTB VETERANS 3a B / G1 / 1a Fase / J12: future match day, keeping minimal match info from the league page
2026-10-02 00:26:06,596 INFO Barcelona / RTB VETERANS 3a B / G1 / 1a Fase / J12: saved C:\git\bcnesa-extract-2\resources\actas-incremental-content\2026-2027\RTB VETERANS 3a B\G1\1a Fase\jornada_12.html (4 matches, 0 played, partial)
2026-10-02 00:26:06,598 INFO Barcelona / RTB VETERANS 3a B / G1 / 1a Fase / J13: future match day, keeping minimal match info from the league page
2026-10-02 00:26:06,604 INFO Barcelona / RTB VETERANS 3a B / G1 / 1a Fase / J13: saved C:\git\bcnesa-extract-2\resources\actas-incremental-content\2026-2027\RTB VETERANS 3a B\G1\1a Fase\jornada_13.html (4 matches, 0 played, partial)
2026-10-02 00:26:06,608 INFO Barcelona / RTB VETERANS 3a B / G1 / 1a Fase / J14: future match day, keeping minimal match info from the league page
2026-10-02 00:26:06,614 INFO Barcelona / RTB VETERANS 3a B / G1 / 1a Fase / J14: saved C:\git\bcnesa-extract-2\resources\actas-incremental-content\2026-2027\RTB VETERANS 3a B\G1\1a Fase\jornada_14.html (4 matches, 0 played, partial)
2026-10-02 00:26:08,161 WARNING Attempt 1/4 failed for https://fctt.cat/lligues/rtb-vet-3ab/ (page without the expected content (the site returned an empty page)); retrying in 3.4s
2026-10-02 00:26:13,116 WARNING Attempt 2/4 failed for https://fctt.cat/lligues/rtb-vet-3ab/ (page without the expected content (the site returned an empty page)); retrying in 4.6s
2026-10-02 00:26:20,142 INFO Barcelona / RTB VETERANS 3a B G2: 14 match day(s) -> C:\git\bcnesa-extract-2\resources\actas-incremental-content\2026-2027\RTB VETERANS 3a B\G2\1a Fase
2026-10-02 00:26:23,551 INFO Barcelona / RTB VETERANS 3a B / G2 / 1a Fase / J1: saved C:\git\bcnesa-extract-2\resources\actas-incremental-content\2026-2027\RTB VETERANS 3a B\G2\1a Fase\jornada_01.html (4 matches, 4 played, complete)
2026-10-02 00:26:23,554 INFO Barcelona / RTB VETERANS 3a B / G2 / 1a Fase / J2: future match day, keeping minimal match info from the league page
2026-10-02 00:26:23,559 INFO Barcelona / RTB VETERANS 3a B / G2 / 1a Fase / J2: saved C:\git\bcnesa-extract-2\resources\actas-incremental-content\2026-2027\RTB VETERANS 3a B\G2\1a Fase\jornada_02.html (4 matches, 0 played, partial)
2026-10-02 00:26:23,561 INFO Barcelona / RTB VETERANS 3a B / G2 / 1a Fase / J3: future match day, keeping minimal match info from the league page
2026-10-02 00:26:23,566 INFO Barcelona / RTB VETERANS 3a B / G2 / 1a Fase / J3: saved C:\git\bcnesa-extract-2\resources\actas-incremental-content\2026-2027\RTB VETERANS 3a B\G2\1a Fase\jornada_03.html (4 matches, 0 played, partial)
2026-10-02 00:26:23,569 INFO Barcelona / RTB VETERANS 3a B / G2 / 1a Fase / J4: future match day, keeping minimal match info from the league page
2026-10-02 00:26:23,573 INFO Barcelona / RTB VETERANS 3a B / G2 / 1a Fase / J4: saved C:\git\bcnesa-extract-2\resources\actas-incremental-content\2026-2027\RTB VETERANS 3a B\G2\1a Fase\jornada_04.html (4 matches, 0 played, partial)
2026-10-02 00:26:23,576 INFO Barcelona / RTB VETERANS 3a B / G2 / 1a Fase / J5: future match day, keeping minimal match info from the league page
2026-10-02 00:26:23,581 INFO Barcelona / RTB VETERANS 3a B / G2 / 1a Fase / J5: saved C:\git\bcnesa-extract-2\resources\actas-incremental-content\2026-2027\RTB VETERANS 3a B\G2\1a Fase\jornada_05.html (4 matches, 0 played, partial)
2026-10-02 00:26:23,584 INFO Barcelona / RTB VETERANS 3a B / G2 / 1a Fase / J6: future match day, keeping minimal match info from the league page
2026-10-02 00:26:23,589 INFO Barcelona / RTB VETERANS 3a B / G2 / 1a Fase / J6: saved C:\git\bcnesa-extract-2\resources\actas-incremental-content\2026-2027\RTB VETERANS 3a B\G2\1a Fase\jornada_06.html (4 matches, 0 played, partial)
2026-10-02 00:26:23,592 INFO Barcelona / RTB VETERANS 3a B / G2 / 1a Fase / J7: future match day, keeping minimal match info from the league page
2026-10-02 00:26:23,597 INFO Barcelona / RTB VETERANS 3a B / G2 / 1a Fase / J7: saved C:\git\bcnesa-extract-2\resources\actas-incremental-content\2026-2027\RTB VETERANS 3a B\G2\1a Fase\jornada_07.html (4 matches, 0 played, partial)
2026-10-02 00:26:23,599 INFO Barcelona / RTB VETERANS 3a B / G2 / 1a Fase / J8: future match day, keeping minimal match info from the league page
2026-10-02 00:26:23,605 INFO Barcelona / RTB VETERANS 3a B / G2 / 1a Fase / J8: saved C:\git\bcnesa-extract-2\resources\actas-incremental-content\2026-2027\RTB VETERANS 3a B\G2\1a Fase\jornada_08.html (4 matches, 0 played, partial)
2026-10-02 00:26:23,608 INFO Barcelona / RTB VETERANS 3a B / G2 / 1a Fase / J9: future match day, keeping minimal match info from the league page
2026-10-02 00:26:23,613 INFO Barcelona / RTB VETERANS 3a B / G2 / 1a Fase / J9: saved C:\git\bcnesa-extract-2\resources\actas-incremental-content\2026-2027\RTB VETERANS 3a B\G2\1a Fase\jornada_09.html (4 matches, 0 played, partial)
2026-10-02 00:26:23,616 INFO Barcelona / RTB VETERANS 3a B / G2 / 1a Fase / J10: future match day, keeping minimal match info from the league page
2026-10-02 00:26:23,621 INFO Barcelona / RTB VETERANS 3a B / G2 / 1a Fase / J10: saved C:\git\bcnesa-extract-2\resources\actas-incremental-content\2026-2027\RTB VETERANS 3a B\G2\1a Fase\jornada_10.html (4 matches, 0 played, partial)
2026-10-02 00:26:23,625 INFO Barcelona / RTB VETERANS 3a B / G2 / 1a Fase / J11: future match day, keeping minimal match info from the league page
2026-10-02 00:26:23,630 INFO Barcelona / RTB VETERANS 3a B / G2 / 1a Fase / J11: saved C:\git\bcnesa-extract-2\resources\actas-incremental-content\2026-2027\RTB VETERANS 3a B\G2\1a Fase\jornada_11.html (4 matches, 0 played, partial)
2026-10-02 00:26:23,632 INFO Barcelona / RTB VETERANS 3a B / G2 / 1a Fase / J12: future match day, keeping minimal match info from the league page
2026-10-02 00:26:23,638 INFO Barcelona / RTB VETERANS 3a B / G2 / 1a Fase / J12: saved C:\git\bcnesa-extract-2\resources\actas-incremental-content\2026-2027\RTB VETERANS 3a B\G2\1a Fase\jornada_12.html (4 matches, 0 played, partial)
2026-10-02 00:26:23,640 INFO Barcelona / RTB VETERANS 3a B / G2 / 1a Fase / J13: future match day, keeping minimal match info from the league page
2026-10-02 00:26:23,646 INFO Barcelona / RTB VETERANS 3a B / G2 / 1a Fase / J13: saved C:\git\bcnesa-extract-2\resources\actas-incremental-content\2026-2027\RTB VETERANS 3a B\G2\1a Fase\jornada_13.html (4 matches, 0 played, partial)
2026-10-02 00:26:23,648 INFO Barcelona / RTB VETERANS 3a B / G2 / 1a Fase / J14: future match day, keeping minimal match info from the league page
2026-10-02 00:26:23,653 INFO Barcelona / RTB VETERANS 3a B / G2 / 1a Fase / J14: saved C:\git\bcnesa-extract-2\resources\actas-incremental-content\2026-2027\RTB VETERANS 3a B\G2\1a Fase\jornada_14.html (4 matches, 0 played, partial)
2026-10-02 00:26:26,986 INFO Barcelona / RTB VETERANS 4a A G1: 14 match day(s) -> C:\git\bcnesa-extract-2\resources\actas-incremental-content\2026-2027\RTB VETERANS 4a A\G1\1a Fase
2026-10-02 00:26:30,426 INFO Barcelona / RTB VETERANS 4a A / G1 / 1a Fase / J1: saved C:\git\bcnesa-extract-2\resources\actas-incremental-content\2026-2027\RTB VETERANS 4a A\G1\1a Fase\jornada_01.html (4 matches, 4 played, complete)
2026-10-02 00:26:30,429 INFO Barcelona / RTB VETERANS 4a A / G1 / 1a Fase / J2: future match day, keeping minimal match info from the league page
2026-10-02 00:26:30,436 INFO Barcelona / RTB VETERANS 4a A / G1 / 1a Fase / J2: saved C:\git\bcnesa-extract-2\resources\actas-incremental-content\2026-2027\RTB VETERANS 4a A\G1\1a Fase\jornada_02.html (4 matches, 0 played, partial)
2026-10-02 00:26:30,441 INFO Barcelona / RTB VETERANS 4a A / G1 / 1a Fase / J3: future match day, keeping minimal match info from the league page
2026-10-02 00:26:30,448 INFO Barcelona / RTB VETERANS 4a A / G1 / 1a Fase / J3: saved C:\git\bcnesa-extract-2\resources\actas-incremental-content\2026-2027\RTB VETERANS 4a A\G1\1a Fase\jornada_03.html (4 matches, 0 played, partial)
2026-10-02 00:26:30,451 INFO Barcelona / RTB VETERANS 4a A / G1 / 1a Fase / J4: future match day, keeping minimal match info from the league page
2026-10-02 00:26:30,460 INFO Barcelona / RTB VETERANS 4a A / G1 / 1a Fase / J4: saved C:\git\bcnesa-extract-2\resources\actas-incremental-content\2026-2027\RTB VETERANS 4a A\G1\1a Fase\jornada_04.html (4 matches, 0 played, partial)
2026-10-02 00:26:30,463 INFO Barcelona / RTB VETERANS 4a A / G1 / 1a Fase / J5: future match day, keeping minimal match info from the league page
2026-10-02 00:26:30,470 INFO Barcelona / RTB VETERANS 4a A / G1 / 1a Fase / J5: saved C:\git\bcnesa-extract-2\resources\actas-incremental-content\2026-2027\RTB VETERANS 4a A\G1\1a Fase\jornada_05.html (4 matches, 0 played, partial)
2026-10-02 00:26:30,474 INFO Barcelona / RTB VETERANS 4a A / G1 / 1a Fase / J6: future match day, keeping minimal match info from the league page
2026-10-02 00:26:30,479 INFO Barcelona / RTB VETERANS 4a A / G1 / 1a Fase / J6: saved C:\git\bcnesa-extract-2\resources\actas-incremental-content\2026-2027\RTB VETERANS 4a A\G1\1a Fase\jornada_06.html (4 matches, 0 played, partial)
2026-10-02 00:26:30,483 INFO Barcelona / RTB VETERANS 4a A / G1 / 1a Fase / J7: future match day, keeping minimal match info from the league page
2026-10-02 00:26:30,489 INFO Barcelona / RTB VETERANS 4a A / G1 / 1a Fase / J7: saved C:\git\bcnesa-extract-2\resources\actas-incremental-content\2026-2027\RTB VETERANS 4a A\G1\1a Fase\jornada_07.html (4 matches, 0 played, partial)
2026-10-02 00:26:30,493 INFO Barcelona / RTB VETERANS 4a A / G1 / 1a Fase / J8: future match day, keeping minimal match info from the league page
2026-10-02 00:26:30,499 INFO Barcelona / RTB VETERANS 4a A / G1 / 1a Fase / J8: saved C:\git\bcnesa-extract-2\resources\actas-incremental-content\2026-2027\RTB VETERANS 4a A\G1\1a Fase\jornada_08.html (4 matches, 0 played, partial)
2026-10-02 00:26:30,505 INFO Barcelona / RTB VETERANS 4a A / G1 / 1a Fase / J9: future match day, keeping minimal match info from the league page
2026-10-02 00:26:30,511 INFO Barcelona / RTB VETERANS 4a A / G1 / 1a Fase / J9: saved C:\git\bcnesa-extract-2\resources\actas-incremental-content\2026-2027\RTB VETERANS 4a A\G1\1a Fase\jornada_09.html (4 matches, 0 played, partial)
2026-10-02 00:26:30,514 INFO Barcelona / RTB VETERANS 4a A / G1 / 1a Fase / J10: future match day, keeping minimal match info from the league page
2026-10-02 00:26:30,519 INFO Barcelona / RTB VETERANS 4a A / G1 / 1a Fase / J10: saved C:\git\bcnesa-extract-2\resources\actas-incremental-content\2026-2027\RTB VETERANS 4a A\G1\1a Fase\jornada_10.html (4 matches, 0 played, partial)
2026-10-02 00:26:30,523 INFO Barcelona / RTB VETERANS 4a A / G1 / 1a Fase / J11: future match day, keeping minimal match info from the league page
2026-10-02 00:26:30,529 INFO Barcelona / RTB VETERANS 4a A / G1 / 1a Fase / J11: saved C:\git\bcnesa-extract-2\resources\actas-incremental-content\2026-2027\RTB VETERANS 4a A\G1\1a Fase\jornada_11.html (4 matches, 0 played, partial)
2026-10-02 00:26:30,532 INFO Barcelona / RTB VETERANS 4a A / G1 / 1a Fase / J12: future match day, keeping minimal match info from the league page
2026-10-02 00:26:30,538 INFO Barcelona / RTB VETERANS 4a A / G1 / 1a Fase / J12: saved C:\git\bcnesa-extract-2\resources\actas-incremental-content\2026-2027\RTB VETERANS 4a A\G1\1a Fase\jornada_12.html (4 matches, 0 played, partial)
2026-10-02 00:26:30,540 INFO Barcelona / RTB VETERANS 4a A / G1 / 1a Fase / J13: future match day, keeping minimal match info from the league page
2026-10-02 00:26:30,547 INFO Barcelona / RTB VETERANS 4a A / G1 / 1a Fase / J13: saved C:\git\bcnesa-extract-2\resources\actas-incremental-content\2026-2027\RTB VETERANS 4a A\G1\1a Fase\jornada_13.html (4 matches, 0 played, partial)
2026-10-02 00:26:30,550 INFO Barcelona / RTB VETERANS 4a A / G1 / 1a Fase / J14: future match day, keeping minimal match info from the league page
2026-10-02 00:26:30,557 INFO Barcelona / RTB VETERANS 4a A / G1 / 1a Fase / J14: saved C:\git\bcnesa-extract-2\resources\actas-incremental-content\2026-2027\RTB VETERANS 4a A\G1\1a Fase\jornada_14.html (4 matches, 0 played, partial)
2026-10-02 00:26:32,558 INFO Barcelona / RTB VETERANS 4a A G2: 14 match day(s) -> C:\git\bcnesa-extract-2\resources\actas-incremental-content\2026-2027\RTB VETERANS 4a A\G2\1a Fase
2026-10-02 00:26:35,798 INFO Barcelona / RTB VETERANS 4a A / G2 / 1a Fase / J1: saved C:\git\bcnesa-extract-2\resources\actas-incremental-content\2026-2027\RTB VETERANS 4a A\G2\1a Fase\jornada_01.html (4 matches, 4 played, complete)
2026-10-02 00:26:35,800 INFO Barcelona / RTB VETERANS 4a A / G2 / 1a Fase / J2: future match day, keeping minimal match info from the league page
2026-10-02 00:26:35,805 INFO Barcelona / RTB VETERANS 4a A / G2 / 1a Fase / J2: saved C:\git\bcnesa-extract-2\resources\actas-incremental-content\2026-2027\RTB VETERANS 4a A\G2\1a Fase\jornada_02.html (4 matches, 0 played, partial)
2026-10-02 00:26:35,808 INFO Barcelona / RTB VETERANS 4a A / G2 / 1a Fase / J3: future match day, keeping minimal match info from the league page
2026-10-02 00:26:35,813 INFO Barcelona / RTB VETERANS 4a A / G2 / 1a Fase / J3: saved C:\git\bcnesa-extract-2\resources\actas-incremental-content\2026-2027\RTB VETERANS 4a A\G2\1a Fase\jornada_03.html (4 matches, 0 played, partial)
2026-10-02 00:26:35,815 INFO Barcelona / RTB VETERANS 4a A / G2 / 1a Fase / J4: future match day, keeping minimal match info from the league page
2026-10-02 00:26:35,820 INFO Barcelona / RTB VETERANS 4a A / G2 / 1a Fase / J4: saved C:\git\bcnesa-extract-2\resources\actas-incremental-content\2026-2027\RTB VETERANS 4a A\G2\1a Fase\jornada_04.html (4 matches, 0 played, partial)
2026-10-02 00:26:35,823 INFO Barcelona / RTB VETERANS 4a A / G2 / 1a Fase / J5: future match day, keeping minimal match info from the league page
2026-10-02 00:26:35,829 INFO Barcelona / RTB VETERANS 4a A / G2 / 1a Fase / J5: saved C:\git\bcnesa-extract-2\resources\actas-incremental-content\2026-2027\RTB VETERANS 4a A\G2\1a Fase\jornada_05.html (4 matches, 0 played, partial)
2026-10-02 00:26:35,831 INFO Barcelona / RTB VETERANS 4a A / G2 / 1a Fase / J6: future match day, keeping minimal match info from the league page
2026-10-02 00:26:35,837 INFO Barcelona / RTB VETERANS 4a A / G2 / 1a Fase / J6: saved C:\git\bcnesa-extract-2\resources\actas-incremental-content\2026-2027\RTB VETERANS 4a A\G2\1a Fase\jornada_06.html (4 matches, 0 played, partial)
2026-10-02 00:26:35,839 INFO Barcelona / RTB VETERANS 4a A / G2 / 1a Fase / J7: future match day, keeping minimal match info from the league page
2026-10-02 00:26:35,844 INFO Barcelona / RTB VETERANS 4a A / G2 / 1a Fase / J7: saved C:\git\bcnesa-extract-2\resources\actas-incremental-content\2026-2027\RTB VETERANS 4a A\G2\1a Fase\jornada_07.html (4 matches, 0 played, partial)
2026-10-02 00:26:35,846 INFO Barcelona / RTB VETERANS 4a A / G2 / 1a Fase / J8: future match day, keeping minimal match info from the league page
2026-10-02 00:26:35,851 INFO Barcelona / RTB VETERANS 4a A / G2 / 1a Fase / J8: saved C:\git\bcnesa-extract-2\resources\actas-incremental-content\2026-2027\RTB VETERANS 4a A\G2\1a Fase\jornada_08.html (4 matches, 0 played, partial)
2026-10-02 00:26:35,855 INFO Barcelona / RTB VETERANS 4a A / G2 / 1a Fase / J9: future match day, keeping minimal match info from the league page
2026-10-02 00:26:35,859 INFO Barcelona / RTB VETERANS 4a A / G2 / 1a Fase / J9: saved C:\git\bcnesa-extract-2\resources\actas-incremental-content\2026-2027\RTB VETERANS 4a A\G2\1a Fase\jornada_09.html (4 matches, 0 played, partial)
2026-10-02 00:26:35,862 INFO Barcelona / RTB VETERANS 4a A / G2 / 1a Fase / J10: future match day, keeping minimal match info from the league page
2026-10-02 00:26:35,867 INFO Barcelona / RTB VETERANS 4a A / G2 / 1a Fase / J10: saved C:\git\bcnesa-extract-2\resources\actas-incremental-content\2026-2027\RTB VETERANS 4a A\G2\1a Fase\jornada_10.html (4 matches, 0 played, partial)
2026-10-02 00:26:35,871 INFO Barcelona / RTB VETERANS 4a A / G2 / 1a Fase / J11: future match day, keeping minimal match info from the league page
2026-10-02 00:26:35,875 INFO Barcelona / RTB VETERANS 4a A / G2 / 1a Fase / J11: saved C:\git\bcnesa-extract-2\resources\actas-incremental-content\2026-2027\RTB VETERANS 4a A\G2\1a Fase\jornada_11.html (4 matches, 0 played, partial)
2026-10-02 00:26:35,878 INFO Barcelona / RTB VETERANS 4a A / G2 / 1a Fase / J12: future match day, keeping minimal match info from the league page
2026-10-02 00:26:35,883 INFO Barcelona / RTB VETERANS 4a A / G2 / 1a Fase / J12: saved C:\git\bcnesa-extract-2\resources\actas-incremental-content\2026-2027\RTB VETERANS 4a A\G2\1a Fase\jornada_12.html (4 matches, 0 played, partial)
2026-10-02 00:26:35,885 INFO Barcelona / RTB VETERANS 4a A / G2 / 1a Fase / J13: future match day, keeping minimal match info from the league page
2026-10-02 00:26:35,890 INFO Barcelona / RTB VETERANS 4a A / G2 / 1a Fase / J13: saved C:\git\bcnesa-extract-2\resources\actas-incremental-content\2026-2027\RTB VETERANS 4a A\G2\1a Fase\jornada_13.html (4 matches, 0 played, partial)
2026-10-02 00:26:35,893 INFO Barcelona / RTB VETERANS 4a A / G2 / 1a Fase / J14: future match day, keeping minimal match info from the league page
2026-10-02 00:26:35,898 INFO Barcelona / RTB VETERANS 4a A / G2 / 1a Fase / J14: saved C:\git\bcnesa-extract-2\resources\actas-incremental-content\2026-2027\RTB VETERANS 4a A\G2\1a Fase\jornada_14.html (4 matches, 0 played, partial)
2026-10-02 00:26:37,934 INFO Barcelona / RTB VETERANS 4a B G1: 14 match day(s) -> C:\git\bcnesa-extract-2\resources\actas-incremental-content\2026-2027\RTB VETERANS 4a B\G1\1a Fase
2026-10-02 00:26:41,361 INFO Barcelona / RTB VETERANS 4a B / G1 / 1a Fase / J1: saved C:\git\bcnesa-extract-2\resources\actas-incremental-content\2026-2027\RTB VETERANS 4a B\G1\1a Fase\jornada_01.html (4 matches, 4 played, complete)
2026-10-02 00:26:41,364 INFO Barcelona / RTB VETERANS 4a B / G1 / 1a Fase / J2: future match day, keeping minimal match info from the league page
2026-10-02 00:26:41,369 INFO Barcelona / RTB VETERANS 4a B / G1 / 1a Fase / J2: saved C:\git\bcnesa-extract-2\resources\actas-incremental-content\2026-2027\RTB VETERANS 4a B\G1\1a Fase\jornada_02.html (4 matches, 0 played, partial)
2026-10-02 00:26:41,372 INFO Barcelona / RTB VETERANS 4a B / G1 / 1a Fase / J3: future match day, keeping minimal match info from the league page
2026-10-02 00:26:41,377 INFO Barcelona / RTB VETERANS 4a B / G1 / 1a Fase / J3: saved C:\git\bcnesa-extract-2\resources\actas-incremental-content\2026-2027\RTB VETERANS 4a B\G1\1a Fase\jornada_03.html (4 matches, 0 played, partial)
2026-10-02 00:26:41,379 INFO Barcelona / RTB VETERANS 4a B / G1 / 1a Fase / J4: future match day, keeping minimal match info from the league page
2026-10-02 00:26:41,384 INFO Barcelona / RTB VETERANS 4a B / G1 / 1a Fase / J4: saved C:\git\bcnesa-extract-2\resources\actas-incremental-content\2026-2027\RTB VETERANS 4a B\G1\1a Fase\jornada_04.html (4 matches, 0 played, partial)
2026-10-02 00:26:41,387 INFO Barcelona / RTB VETERANS 4a B / G1 / 1a Fase / J5: future match day, keeping minimal match info from the league page
2026-10-02 00:26:41,393 INFO Barcelona / RTB VETERANS 4a B / G1 / 1a Fase / J5: saved C:\git\bcnesa-extract-2\resources\actas-incremental-content\2026-2027\RTB VETERANS 4a B\G1\1a Fase\jornada_05.html (4 matches, 0 played, partial)
2026-10-02 00:26:41,396 INFO Barcelona / RTB VETERANS 4a B / G1 / 1a Fase / J6: future match day, keeping minimal match info from the league page
2026-10-02 00:26:41,401 INFO Barcelona / RTB VETERANS 4a B / G1 / 1a Fase / J6: saved C:\git\bcnesa-extract-2\resources\actas-incremental-content\2026-2027\RTB VETERANS 4a B\G1\1a Fase\jornada_06.html (4 matches, 0 played, partial)
2026-10-02 00:26:41,404 INFO Barcelona / RTB VETERANS 4a B / G1 / 1a Fase / J7: future match day, keeping minimal match info from the league page
2026-10-02 00:26:41,409 INFO Barcelona / RTB VETERANS 4a B / G1 / 1a Fase / J7: saved C:\git\bcnesa-extract-2\resources\actas-incremental-content\2026-2027\RTB VETERANS 4a B\G1\1a Fase\jornada_07.html (4 matches, 0 played, partial)
2026-10-02 00:26:41,411 INFO Barcelona / RTB VETERANS 4a B / G1 / 1a Fase / J8: future match day, keeping minimal match info from the league page
2026-10-02 00:26:41,416 INFO Barcelona / RTB VETERANS 4a B / G1 / 1a Fase / J8: saved C:\git\bcnesa-extract-2\resources\actas-incremental-content\2026-2027\RTB VETERANS 4a B\G1\1a Fase\jornada_08.html (4 matches, 0 played, partial)
2026-10-02 00:26:41,419 INFO Barcelona / RTB VETERANS 4a B / G1 / 1a Fase / J9: future match day, keeping minimal match info from the league page
2026-10-02 00:26:41,424 INFO Barcelona / RTB VETERANS 4a B / G1 / 1a Fase / J9: saved C:\git\bcnesa-extract-2\resources\actas-incremental-content\2026-2027\RTB VETERANS 4a B\G1\1a Fase\jornada_09.html (4 matches, 0 played, partial)
2026-10-02 00:26:41,427 INFO Barcelona / RTB VETERANS 4a B / G1 / 1a Fase / J10: future match day, keeping minimal match info from the league page
2026-10-02 00:26:41,433 INFO Barcelona / RTB VETERANS 4a B / G1 / 1a Fase / J10: saved C:\git\bcnesa-extract-2\resources\actas-incremental-content\2026-2027\RTB VETERANS 4a B\G1\1a Fase\jornada_10.html (4 matches, 0 played, partial)
2026-10-02 00:26:41,436 INFO Barcelona / RTB VETERANS 4a B / G1 / 1a Fase / J11: future match day, keeping minimal match info from the league page
2026-10-02 00:26:41,441 INFO Barcelona / RTB VETERANS 4a B / G1 / 1a Fase / J11: saved C:\git\bcnesa-extract-2\resources\actas-incremental-content\2026-2027\RTB VETERANS 4a B\G1\1a Fase\jornada_11.html (4 matches, 0 played, partial)
2026-10-02 00:26:41,443 INFO Barcelona / RTB VETERANS 4a B / G1 / 1a Fase / J12: future match day, keeping minimal match info from the league page
2026-10-02 00:26:41,449 INFO Barcelona / RTB VETERANS 4a B / G1 / 1a Fase / J12: saved C:\git\bcnesa-extract-2\resources\actas-incremental-content\2026-2027\RTB VETERANS 4a B\G1\1a Fase\jornada_12.html (4 matches, 0 played, partial)
2026-10-02 00:26:41,451 INFO Barcelona / RTB VETERANS 4a B / G1 / 1a Fase / J13: future match day, keeping minimal match info from the league page
2026-10-02 00:26:41,456 INFO Barcelona / RTB VETERANS 4a B / G1 / 1a Fase / J13: saved C:\git\bcnesa-extract-2\resources\actas-incremental-content\2026-2027\RTB VETERANS 4a B\G1\1a Fase\jornada_13.html (4 matches, 0 played, partial)
2026-10-02 00:26:41,460 INFO Barcelona / RTB VETERANS 4a B / G1 / 1a Fase / J14: future match day, keeping minimal match info from the league page
2026-10-02 00:26:41,465 INFO Barcelona / RTB VETERANS 4a B / G1 / 1a Fase / J14: saved C:\git\bcnesa-extract-2\resources\actas-incremental-content\2026-2027\RTB VETERANS 4a B\G1\1a Fase\jornada_14.html (4 matches, 0 played, partial)
2026-10-02 00:26:43,468 INFO Barcelona / RTB VETERANS 4a B G2: 14 match day(s) -> C:\git\bcnesa-extract-2\resources\actas-incremental-content\2026-2027\RTB VETERANS 4a B\G2\1a Fase
2026-10-02 00:26:45,000 WARNING Attempt 1/4 failed for https://fctt.cat/lligues/rtb-vet-4ab-2/?jornada=1 (page without matches (the site returned an empty page)); retrying in 3.4s
2026-10-02 00:26:49,923 WARNING Attempt 2/4 failed for https://fctt.cat/lligues/rtb-vet-4ab-2/?jornada=1 (page without matches (the site returned an empty page)); retrying in 5.3s
2026-10-02 00:26:56,773 WARNING Attempt 3/4 failed for https://fctt.cat/lligues/rtb-vet-4ab-2/?jornada=1 (page without matches (the site returned an empty page)); retrying in 10.0s
2026-10-02 00:27:08,345 ERROR Failed after 4 attempt(s): https://fctt.cat/lligues/rtb-vet-4ab-2/?jornada=1 (page without matches (the site returned an empty page))
2026-10-02 00:27:08,345 ERROR Barcelona / RTB VETERANS 4a B / G2 / 1a Fase / J1: match day not available after retries, skipped (https://fctt.cat/lligues/rtb-vet-4ab-2/?jornada=1)
2026-10-02 00:27:08,351 INFO Barcelona / RTB VETERANS 4a B / G2 / 1a Fase / J2: future match day, keeping minimal match info from the league page
2026-10-02 00:27:08,356 INFO Barcelona / RTB VETERANS 4a B / G2 / 1a Fase / J2: saved C:\git\bcnesa-extract-2\resources\actas-incremental-content\2026-2027\RTB VETERANS 4a B\G2\1a Fase\jornada_02.html (4 matches, 0 played, partial)
2026-10-02 00:27:08,359 INFO Barcelona / RTB VETERANS 4a B / G2 / 1a Fase / J3: future match day, keeping minimal match info from the league page
2026-10-02 00:27:08,365 INFO Barcelona / RTB VETERANS 4a B / G2 / 1a Fase / J3: saved C:\git\bcnesa-extract-2\resources\actas-incremental-content\2026-2027\RTB VETERANS 4a B\G2\1a Fase\jornada_03.html (4 matches, 0 played, partial)
2026-10-02 00:27:08,367 INFO Barcelona / RTB VETERANS 4a B / G2 / 1a Fase / J4: future match day, keeping minimal match info from the league page
2026-10-02 00:27:08,374 INFO Barcelona / RTB VETERANS 4a B / G2 / 1a Fase / J4: saved C:\git\bcnesa-extract-2\resources\actas-incremental-content\2026-2027\RTB VETERANS 4a B\G2\1a Fase\jornada_04.html (4 matches, 0 played, partial)
2026-10-02 00:27:08,377 INFO Barcelona / RTB VETERANS 4a B / G2 / 1a Fase / J5: future match day, keeping minimal match info from the league page
2026-10-02 00:27:08,382 INFO Barcelona / RTB VETERANS 4a B / G2 / 1a Fase / J5: saved C:\git\bcnesa-extract-2\resources\actas-incremental-content\2026-2027\RTB VETERANS 4a B\G2\1a Fase\jornada_05.html (4 matches, 0 played, partial)
2026-10-02 00:27:08,385 INFO Barcelona / RTB VETERANS 4a B / G2 / 1a Fase / J6: future match day, keeping minimal match info from the league page
2026-10-02 00:27:08,390 INFO Barcelona / RTB VETERANS 4a B / G2 / 1a Fase / J6: saved C:\git\bcnesa-extract-2\resources\actas-incremental-content\2026-2027\RTB VETERANS 4a B\G2\1a Fase\jornada_06.html (4 matches, 0 played, partial)
2026-10-02 00:27:08,393 INFO Barcelona / RTB VETERANS 4a B / G2 / 1a Fase / J7: future match day, keeping minimal match info from the league page
2026-10-02 00:27:08,398 INFO Barcelona / RTB VETERANS 4a B / G2 / 1a Fase / J7: saved C:\git\bcnesa-extract-2\resources\actas-incremental-content\2026-2027\RTB VETERANS 4a B\G2\1a Fase\jornada_07.html (4 matches, 0 played, partial)
2026-10-02 00:27:08,400 INFO Barcelona / RTB VETERANS 4a B / G2 / 1a Fase / J8: future match day, keeping minimal match info from the league page
2026-10-02 00:27:08,405 INFO Barcelona / RTB VETERANS 4a B / G2 / 1a Fase / J8: saved C:\git\bcnesa-extract-2\resources\actas-incremental-content\2026-2027\RTB VETERANS 4a B\G2\1a Fase\jornada_08.html (4 matches, 0 played, partial)
2026-10-02 00:27:08,407 INFO Barcelona / RTB VETERANS 4a B / G2 / 1a Fase / J9: future match day, keeping minimal match info from the league page
2026-10-02 00:27:08,412 INFO Barcelona / RTB VETERANS 4a B / G2 / 1a Fase / J9: saved C:\git\bcnesa-extract-2\resources\actas-incremental-content\2026-2027\RTB VETERANS 4a B\G2\1a Fase\jornada_09.html (4 matches, 0 played, partial)
2026-10-02 00:27:08,415 INFO Barcelona / RTB VETERANS 4a B / G2 / 1a Fase / J10: future match day, keeping minimal match info from the league page
2026-10-02 00:27:08,420 INFO Barcelona / RTB VETERANS 4a B / G2 / 1a Fase / J10: saved C:\git\bcnesa-extract-2\resources\actas-incremental-content\2026-2027\RTB VETERANS 4a B\G2\1a Fase\jornada_10.html (4 matches, 0 played, partial)
2026-10-02 00:27:08,422 INFO Barcelona / RTB VETERANS 4a B / G2 / 1a Fase / J11: future match day, keeping minimal match info from the league page
2026-10-02 00:27:08,427 INFO Barcelona / RTB VETERANS 4a B / G2 / 1a Fase / J11: saved C:\git\bcnesa-extract-2\resources\actas-incremental-content\2026-2027\RTB VETERANS 4a B\G2\1a Fase\jornada_11.html (4 matches, 0 played, partial)
2026-10-02 00:27:08,429 INFO Barcelona / RTB VETERANS 4a B / G2 / 1a Fase / J12: future match day, keeping minimal match info from the league page
2026-10-02 00:27:08,434 INFO Barcelona / RTB VETERANS 4a B / G2 / 1a Fase / J12: saved C:\git\bcnesa-extract-2\resources\actas-incremental-content\2026-2027\RTB VETERANS 4a B\G2\1a Fase\jornada_12.html (4 matches, 0 played, partial)
2026-10-02 00:27:08,436 INFO Barcelona / RTB VETERANS 4a B / G2 / 1a Fase / J13: future match day, keeping minimal match info from the league page
2026-10-02 00:27:08,442 INFO Barcelona / RTB VETERANS 4a B / G2 / 1a Fase / J13: saved C:\git\bcnesa-extract-2\resources\actas-incremental-content\2026-2027\RTB VETERANS 4a B\G2\1a Fase\jornada_13.html (4 matches, 0 played, partial)
2026-10-02 00:27:08,444 INFO Barcelona / RTB VETERANS 4a B / G2 / 1a Fase / J14: future match day, keeping minimal match info from the league page
2026-10-02 00:27:08,449 INFO Barcelona / RTB VETERANS 4a B / G2 / 1a Fase / J14: saved C:\git\bcnesa-extract-2\resources\actas-incremental-content\2026-2027\RTB VETERANS 4a B\G2\1a Fase\jornada_14.html (4 matches, 0 played, partial)
2026-10-02 00:27:10,047 WARNING Attempt 1/4 failed for https://fctt.cat/lligues/rtb-vet-4ac/ (page without the expected content (the site returned an empty page)); retrying in 4.0s
2026-10-02 00:27:16,026 WARNING Attempt 2/4 failed for https://fctt.cat/lligues/rtb-vet-4ac/ (page without the expected content (the site returned an empty page)); retrying in 6.0s
2026-10-02 00:28:05,455 INFO Barcelona / RTB VETERANS 4a C G1: 14 match day(s) -> C:\git\bcnesa-extract-2\resources\actas-incremental-content\2026-2027\RTB VETERANS 4a C\G1\1a Fase
2026-10-02 00:28:08,467 WARNING Attempt 1/4 failed for https://fctt.cat/lligues/rtb-vet-4ac/?jornada=1 (page without matches (the site returned an empty page)); retrying in 2.9s
2026-10-02 00:28:13,520 WARNING Attempt 2/4 failed for https://fctt.cat/lligues/rtb-vet-4ac/?jornada=1 (page without matches (the site returned an empty page)); retrying in 5.3s
2026-10-02 00:28:22,858 INFO Barcelona / RTB VETERANS 4a C / G1 / 1a Fase / J1: saved C:\git\bcnesa-extract-2\resources\actas-incremental-content\2026-2027\RTB VETERANS 4a C\G1\1a Fase\jornada_01.html (4 matches, 4 played, complete)
2026-10-02 00:28:22,861 INFO Barcelona / RTB VETERANS 4a C / G1 / 1a Fase / J2: future match day, keeping minimal match info from the league page
2026-10-02 00:28:22,866 INFO Barcelona / RTB VETERANS 4a C / G1 / 1a Fase / J2: saved C:\git\bcnesa-extract-2\resources\actas-incremental-content\2026-2027\RTB VETERANS 4a C\G1\1a Fase\jornada_02.html (4 matches, 0 played, partial)
2026-10-02 00:28:22,868 INFO Barcelona / RTB VETERANS 4a C / G1 / 1a Fase / J3: future match day, keeping minimal match info from the league page
2026-10-02 00:28:22,874 INFO Barcelona / RTB VETERANS 4a C / G1 / 1a Fase / J3: saved C:\git\bcnesa-extract-2\resources\actas-incremental-content\2026-2027\RTB VETERANS 4a C\G1\1a Fase\jornada_03.html (4 matches, 0 played, partial)
2026-10-02 00:28:22,876 INFO Barcelona / RTB VETERANS 4a C / G1 / 1a Fase / J4: future match day, keeping minimal match info from the league page
2026-10-02 00:28:22,881 INFO Barcelona / RTB VETERANS 4a C / G1 / 1a Fase / J4: saved C:\git\bcnesa-extract-2\resources\actas-incremental-content\2026-2027\RTB VETERANS 4a C\G1\1a Fase\jornada_04.html (4 matches, 0 played, partial)
2026-10-02 00:28:22,883 INFO Barcelona / RTB VETERANS 4a C / G1 / 1a Fase / J5: future match day, keeping minimal match info from the league page
2026-10-02 00:28:22,889 INFO Barcelona / RTB VETERANS 4a C / G1 / 1a Fase / J5: saved C:\git\bcnesa-extract-2\resources\actas-incremental-content\2026-2027\RTB VETERANS 4a C\G1\1a Fase\jornada_05.html (4 matches, 0 played, partial)
2026-10-02 00:28:22,891 INFO Barcelona / RTB VETERANS 4a C / G1 / 1a Fase / J6: future match day, keeping minimal match info from the league page
2026-10-02 00:28:22,897 INFO Barcelona / RTB VETERANS 4a C / G1 / 1a Fase / J6: saved C:\git\bcnesa-extract-2\resources\actas-incremental-content\2026-2027\RTB VETERANS 4a C\G1\1a Fase\jornada_06.html (4 matches, 0 played, partial)
2026-10-02 00:28:22,900 INFO Barcelona / RTB VETERANS 4a C / G1 / 1a Fase / J7: future match day, keeping minimal match info from the league page
2026-10-02 00:28:22,904 INFO Barcelona / RTB VETERANS 4a C / G1 / 1a Fase / J7: saved C:\git\bcnesa-extract-2\resources\actas-incremental-content\2026-2027\RTB VETERANS 4a C\G1\1a Fase\jornada_07.html (4 matches, 0 played, partial)
2026-10-02 00:28:22,907 INFO Barcelona / RTB VETERANS 4a C / G1 / 1a Fase / J8: future match day, keeping minimal match info from the league page
2026-10-02 00:28:22,913 INFO Barcelona / RTB VETERANS 4a C / G1 / 1a Fase / J8: saved C:\git\bcnesa-extract-2\resources\actas-incremental-content\2026-2027\RTB VETERANS 4a C\G1\1a Fase\jornada_08.html (4 matches, 0 played, partial)
2026-10-02 00:28:22,916 INFO Barcelona / RTB VETERANS 4a C / G1 / 1a Fase / J9: future match day, keeping minimal match info from the league page
2026-10-02 00:28:22,922 INFO Barcelona / RTB VETERANS 4a C / G1 / 1a Fase / J9: saved C:\git\bcnesa-extract-2\resources\actas-incremental-content\2026-2027\RTB VETERANS 4a C\G1\1a Fase\jornada_09.html (4 matches, 0 played, partial)
2026-10-02 00:28:22,924 INFO Barcelona / RTB VETERANS 4a C / G1 / 1a Fase / J10: future match day, keeping minimal match info from the league page
2026-10-02 00:28:22,930 INFO Barcelona / RTB VETERANS 4a C / G1 / 1a Fase / J10: saved C:\git\bcnesa-extract-2\resources\actas-incremental-content\2026-2027\RTB VETERANS 4a C\G1\1a Fase\jornada_10.html (4 matches, 0 played, partial)
2026-10-02 00:28:22,932 INFO Barcelona / RTB VETERANS 4a C / G1 / 1a Fase / J11: future match day, keeping minimal match info from the league page
2026-10-02 00:28:22,937 INFO Barcelona / RTB VETERANS 4a C / G1 / 1a Fase / J11: saved C:\git\bcnesa-extract-2\resources\actas-incremental-content\2026-2027\RTB VETERANS 4a C\G1\1a Fase\jornada_11.html (4 matches, 0 played, partial)
2026-10-02 00:28:22,939 INFO Barcelona / RTB VETERANS 4a C / G1 / 1a Fase / J12: future match day, keeping minimal match info from the league page
2026-10-02 00:28:22,946 INFO Barcelona / RTB VETERANS 4a C / G1 / 1a Fase / J12: saved C:\git\bcnesa-extract-2\resources\actas-incremental-content\2026-2027\RTB VETERANS 4a C\G1\1a Fase\jornada_12.html (4 matches, 0 played, partial)
2026-10-02 00:28:22,948 INFO Barcelona / RTB VETERANS 4a C / G1 / 1a Fase / J13: future match day, keeping minimal match info from the league page
2026-10-02 00:28:22,954 INFO Barcelona / RTB VETERANS 4a C / G1 / 1a Fase / J13: saved C:\git\bcnesa-extract-2\resources\actas-incremental-content\2026-2027\RTB VETERANS 4a C\G1\1a Fase\jornada_13.html (4 matches, 0 played, partial)
2026-10-02 00:28:22,956 INFO Barcelona / RTB VETERANS 4a C / G1 / 1a Fase / J14: future match day, keeping minimal match info from the league page
2026-10-02 00:28:22,961 INFO Barcelona / RTB VETERANS 4a C / G1 / 1a Fase / J14: saved C:\git\bcnesa-extract-2\resources\actas-incremental-content\2026-2027\RTB VETERANS 4a C\G1\1a Fase\jornada_14.html (4 matches, 0 played, partial)
2026-10-02 00:28:26,020 INFO Barcelona / RTB VETERANS 4a C G2: 14 match day(s) -> C:\git\bcnesa-extract-2\resources\actas-incremental-content\2026-2027\RTB VETERANS 4a C\G2\1a Fase
2026-10-02 00:28:30,112 INFO Barcelona / RTB VETERANS 4a C / G2 / 1a Fase / J1: saved C:\git\bcnesa-extract-2\resources\actas-incremental-content\2026-2027\RTB VETERANS 4a C\G2\1a Fase\jornada_01.html (4 matches, 4 played, complete)
2026-10-02 00:28:30,115 INFO Barcelona / RTB VETERANS 4a C / G2 / 1a Fase / J2: future match day, keeping minimal match info from the league page
2026-10-02 00:28:30,120 INFO Barcelona / RTB VETERANS 4a C / G2 / 1a Fase / J2: saved C:\git\bcnesa-extract-2\resources\actas-incremental-content\2026-2027\RTB VETERANS 4a C\G2\1a Fase\jornada_02.html (4 matches, 0 played, partial)
2026-10-02 00:28:30,122 INFO Barcelona / RTB VETERANS 4a C / G2 / 1a Fase / J3: future match day, keeping minimal match info from the league page
2026-10-02 00:28:30,128 INFO Barcelona / RTB VETERANS 4a C / G2 / 1a Fase / J3: saved C:\git\bcnesa-extract-2\resources\actas-incremental-content\2026-2027\RTB VETERANS 4a C\G2\1a Fase\jornada_03.html (4 matches, 0 played, partial)
2026-10-02 00:28:30,132 INFO Barcelona / RTB VETERANS 4a C / G2 / 1a Fase / J4: future match day, keeping minimal match info from the league page
2026-10-02 00:28:30,142 INFO Barcelona / RTB VETERANS 4a C / G2 / 1a Fase / J4: saved C:\git\bcnesa-extract-2\resources\actas-incremental-content\2026-2027\RTB VETERANS 4a C\G2\1a Fase\jornada_04.html (4 matches, 0 played, partial)
2026-10-02 00:28:30,147 INFO Barcelona / RTB VETERANS 4a C / G2 / 1a Fase / J5: future match day, keeping minimal match info from the league page
2026-10-02 00:28:30,158 INFO Barcelona / RTB VETERANS 4a C / G2 / 1a Fase / J5: saved C:\git\bcnesa-extract-2\resources\actas-incremental-content\2026-2027\RTB VETERANS 4a C\G2\1a Fase\jornada_05.html (4 matches, 0 played, partial)
2026-10-02 00:28:30,164 INFO Barcelona / RTB VETERANS 4a C / G2 / 1a Fase / J6: future match day, keeping minimal match info from the league page
2026-10-02 00:28:30,170 INFO Barcelona / RTB VETERANS 4a C / G2 / 1a Fase / J6: saved C:\git\bcnesa-extract-2\resources\actas-incremental-content\2026-2027\RTB VETERANS 4a C\G2\1a Fase\jornada_06.html (4 matches, 0 played, partial)
2026-10-02 00:28:30,173 INFO Barcelona / RTB VETERANS 4a C / G2 / 1a Fase / J7: future match day, keeping minimal match info from the league page
2026-10-02 00:28:30,180 INFO Barcelona / RTB VETERANS 4a C / G2 / 1a Fase / J7: saved C:\git\bcnesa-extract-2\resources\actas-incremental-content\2026-2027\RTB VETERANS 4a C\G2\1a Fase\jornada_07.html (4 matches, 0 played, partial)
2026-10-02 00:28:30,183 INFO Barcelona / RTB VETERANS 4a C / G2 / 1a Fase / J8: future match day, keeping minimal match info from the league page
2026-10-02 00:28:30,189 INFO Barcelona / RTB VETERANS 4a C / G2 / 1a Fase / J8: saved C:\git\bcnesa-extract-2\resources\actas-incremental-content\2026-2027\RTB VETERANS 4a C\G2\1a Fase\jornada_08.html (4 matches, 0 played, partial)
2026-10-02 00:28:30,192 INFO Barcelona / RTB VETERANS 4a C / G2 / 1a Fase / J9: future match day, keeping minimal match info from the league page
2026-10-02 00:28:30,200 INFO Barcelona / RTB VETERANS 4a C / G2 / 1a Fase / J9: saved C:\git\bcnesa-extract-2\resources\actas-incremental-content\2026-2027\RTB VETERANS 4a C\G2\1a Fase\jornada_09.html (4 matches, 0 played, partial)
2026-10-02 00:28:30,203 INFO Barcelona / RTB VETERANS 4a C / G2 / 1a Fase / J10: future match day, keeping minimal match info from the league page
2026-10-02 00:28:30,209 INFO Barcelona / RTB VETERANS 4a C / G2 / 1a Fase / J10: saved C:\git\bcnesa-extract-2\resources\actas-incremental-content\2026-2027\RTB VETERANS 4a C\G2\1a Fase\jornada_10.html (4 matches, 0 played, partial)
2026-10-02 00:28:30,212 INFO Barcelona / RTB VETERANS 4a C / G2 / 1a Fase / J11: future match day, keeping minimal match info from the league page
2026-10-02 00:28:30,219 INFO Barcelona / RTB VETERANS 4a C / G2 / 1a Fase / J11: saved C:\git\bcnesa-extract-2\resources\actas-incremental-content\2026-2027\RTB VETERANS 4a C\G2\1a Fase\jornada_11.html (4 matches, 0 played, partial)
2026-10-02 00:28:30,222 INFO Barcelona / RTB VETERANS 4a C / G2 / 1a Fase / J12: future match day, keeping minimal match info from the league page
2026-10-02 00:28:30,227 INFO Barcelona / RTB VETERANS 4a C / G2 / 1a Fase / J12: saved C:\git\bcnesa-extract-2\resources\actas-incremental-content\2026-2027\RTB VETERANS 4a C\G2\1a Fase\jornada_12.html (4 matches, 0 played, partial)
2026-10-02 00:28:30,233 INFO Barcelona / RTB VETERANS 4a C / G2 / 1a Fase / J13: future match day, keeping minimal match info from the league page
2026-10-02 00:28:30,238 INFO Barcelona / RTB VETERANS 4a C / G2 / 1a Fase / J13: saved C:\git\bcnesa-extract-2\resources\actas-incremental-content\2026-2027\RTB VETERANS 4a C\G2\1a Fase\jornada_13.html (4 matches, 0 played, partial)
2026-10-02 00:28:30,241 INFO Barcelona / RTB VETERANS 4a C / G2 / 1a Fase / J14: future match day, keeping minimal match info from the league page
2026-10-02 00:28:30,246 INFO Barcelona / RTB VETERANS 4a C / G2 / 1a Fase / J14: saved C:\git\bcnesa-extract-2\resources\actas-incremental-content\2026-2027\RTB VETERANS 4a C\G2\1a Fase\jornada_14.html (4 matches, 0 played, partial)
2026-10-02 00:28:34,072 INFO Barcelona / RTB VETERANS 4a C G3: 14 match day(s) -> C:\git\bcnesa-extract-2\resources\actas-incremental-content\2026-2027\RTB VETERANS 4a C\G3\1a Fase
2026-10-02 00:28:38,021 INFO Barcelona / RTB VETERANS 4a C / G3 / 1a Fase / J1: saved C:\git\bcnesa-extract-2\resources\actas-incremental-content\2026-2027\RTB VETERANS 4a C\G3\1a Fase\jornada_01.html (4 matches, 4 played, complete)
2026-10-02 00:28:38,023 INFO Barcelona / RTB VETERANS 4a C / G3 / 1a Fase / J2: future match day, keeping minimal match info from the league page
2026-10-02 00:28:38,028 INFO Barcelona / RTB VETERANS 4a C / G3 / 1a Fase / J2: saved C:\git\bcnesa-extract-2\resources\actas-incremental-content\2026-2027\RTB VETERANS 4a C\G3\1a Fase\jornada_02.html (4 matches, 0 played, partial)
2026-10-02 00:28:38,031 INFO Barcelona / RTB VETERANS 4a C / G3 / 1a Fase / J3: future match day, keeping minimal match info from the league page
2026-10-02 00:28:38,036 INFO Barcelona / RTB VETERANS 4a C / G3 / 1a Fase / J3: saved C:\git\bcnesa-extract-2\resources\actas-incremental-content\2026-2027\RTB VETERANS 4a C\G3\1a Fase\jornada_03.html (4 matches, 0 played, partial)
2026-10-02 00:28:38,038 INFO Barcelona / RTB VETERANS 4a C / G3 / 1a Fase / J4: future match day, keeping minimal match info from the league page
2026-10-02 00:28:38,043 INFO Barcelona / RTB VETERANS 4a C / G3 / 1a Fase / J4: saved C:\git\bcnesa-extract-2\resources\actas-incremental-content\2026-2027\RTB VETERANS 4a C\G3\1a Fase\jornada_04.html (4 matches, 0 played, partial)
2026-10-02 00:28:38,045 INFO Barcelona / RTB VETERANS 4a C / G3 / 1a Fase / J5: future match day, keeping minimal match info from the league page
2026-10-02 00:28:38,050 INFO Barcelona / RTB VETERANS 4a C / G3 / 1a Fase / J5: saved C:\git\bcnesa-extract-2\resources\actas-incremental-content\2026-2027\RTB VETERANS 4a C\G3\1a Fase\jornada_05.html (4 matches, 0 played, partial)
2026-10-02 00:28:38,053 INFO Barcelona / RTB VETERANS 4a C / G3 / 1a Fase / J6: future match day, keeping minimal match info from the league page
2026-10-02 00:28:38,058 INFO Barcelona / RTB VETERANS 4a C / G3 / 1a Fase / J6: saved C:\git\bcnesa-extract-2\resources\actas-incremental-content\2026-2027\RTB VETERANS 4a C\G3\1a Fase\jornada_06.html (4 matches, 0 played, partial)
2026-10-02 00:28:38,060 INFO Barcelona / RTB VETERANS 4a C / G3 / 1a Fase / J7: future match day, keeping minimal match info from the league page
2026-10-02 00:28:38,065 INFO Barcelona / RTB VETERANS 4a C / G3 / 1a Fase / J7: saved C:\git\bcnesa-extract-2\resources\actas-incremental-content\2026-2027\RTB VETERANS 4a C\G3\1a Fase\jornada_07.html (4 matches, 0 played, partial)
2026-10-02 00:28:38,067 INFO Barcelona / RTB VETERANS 4a C / G3 / 1a Fase / J8: future match day, keeping minimal match info from the league page
2026-10-02 00:28:38,072 INFO Barcelona / RTB VETERANS 4a C / G3 / 1a Fase / J8: saved C:\git\bcnesa-extract-2\resources\actas-incremental-content\2026-2027\RTB VETERANS 4a C\G3\1a Fase\jornada_08.html (4 matches, 0 played, partial)
2026-10-02 00:28:38,075 INFO Barcelona / RTB VETERANS 4a C / G3 / 1a Fase / J9: future match day, keeping minimal match info from the league page
2026-10-02 00:28:38,080 INFO Barcelona / RTB VETERANS 4a C / G3 / 1a Fase / J9: saved C:\git\bcnesa-extract-2\resources\actas-incremental-content\2026-2027\RTB VETERANS 4a C\G3\1a Fase\jornada_09.html (4 matches, 0 played, partial)
2026-10-02 00:28:38,082 INFO Barcelona / RTB VETERANS 4a C / G3 / 1a Fase / J10: future match day, keeping minimal match info from the league page
2026-10-02 00:28:38,087 INFO Barcelona / RTB VETERANS 4a C / G3 / 1a Fase / J10: saved C:\git\bcnesa-extract-2\resources\actas-incremental-content\2026-2027\RTB VETERANS 4a C\G3\1a Fase\jornada_10.html (4 matches, 0 played, partial)
2026-10-02 00:28:38,089 INFO Barcelona / RTB VETERANS 4a C / G3 / 1a Fase / J11: future match day, keeping minimal match info from the league page
2026-10-02 00:28:38,094 INFO Barcelona / RTB VETERANS 4a C / G3 / 1a Fase / J11: saved C:\git\bcnesa-extract-2\resources\actas-incremental-content\2026-2027\RTB VETERANS 4a C\G3\1a Fase\jornada_11.html (4 matches, 0 played, partial)
2026-10-02 00:28:38,097 INFO Barcelona / RTB VETERANS 4a C / G3 / 1a Fase / J12: future match day, keeping minimal match info from the league page
2026-10-02 00:28:38,102 INFO Barcelona / RTB VETERANS 4a C / G3 / 1a Fase / J12: saved C:\git\bcnesa-extract-2\resources\actas-incremental-content\2026-2027\RTB VETERANS 4a C\G3\1a Fase\jornada_12.html (4 matches, 0 played, partial)
2026-10-02 00:28:38,104 INFO Barcelona / RTB VETERANS 4a C / G3 / 1a Fase / J13: future match day, keeping minimal match info from the league page
2026-10-02 00:28:38,109 INFO Barcelona / RTB VETERANS 4a C / G3 / 1a Fase / J13: saved C:\git\bcnesa-extract-2\resources\actas-incremental-content\2026-2027\RTB VETERANS 4a C\G3\1a Fase\jornada_13.html (4 matches, 0 played, partial)
2026-10-02 00:28:38,112 INFO Barcelona / RTB VETERANS 4a C / G3 / 1a Fase / J14: future match day, keeping minimal match info from the league page
2026-10-02 00:28:38,117 INFO Barcelona / RTB VETERANS 4a C / G3 / 1a Fase / J14: saved C:\git\bcnesa-extract-2\resources\actas-incremental-content\2026-2027\RTB VETERANS 4a C\G3\1a Fase\jornada_14.html (4 matches, 0 played, partial)
2026-10-02 00:28:41,151 INFO Girona / RTG PREFERENT: 22 match day(s) -> C:\git\bcnesa-extract-2\resources\actas-incremental-content\2026-2027\RTG PREFERENT\G1\1a Fase
2026-10-02 00:28:45,694 WARNING Attempt 1/4 failed for https://fctt.cat/lligues/rtg-preferent/?jornada=1 (incomplete content: match 10216 game 1 right: player 'GUELL LOMAS, DAVID' has no player link (+47 more)); retrying in 3.1s
2026-10-02 00:28:51,048 WARNING Attempt 2/4 failed for https://fctt.cat/lligues/rtg-preferent/?jornada=1 (page without matches (the site returned an empty page)); retrying in 5.0s
2026-10-02 00:28:58,401 WARNING Attempt 3/4 failed for https://fctt.cat/lligues/rtg-preferent/?jornada=1 (page without matches (the site returned an empty page)); retrying in 9.2s
2026-10-02 00:29:10,978 ERROR Failed after 4 attempt(s): https://fctt.cat/lligues/rtg-preferent/?jornada=1 (page without matches (the site returned an empty page))
2026-10-02 00:29:10,978 ERROR Girona / RTG PREFERENT / G1 / 1a Fase / J1: match day not available after retries, skipped (https://fctt.cat/lligues/rtg-preferent/?jornada=1)
2026-10-02 00:29:10,985 INFO Girona / RTG PREFERENT / G1 / 1a Fase / J2: future match day, keeping minimal match info from the league page
2026-10-02 00:29:11,205 INFO Girona / RTG PREFERENT / G1 / 1a Fase / J2: saved C:\git\bcnesa-extract-2\resources\actas-incremental-content\2026-2027\RTG PREFERENT\G1\1a Fase\jornada_02.html (6 matches, 0 played, partial)
2026-10-02 00:29:11,212 INFO Girona / RTG PREFERENT / G1 / 1a Fase / J3: future match day, keeping minimal match info from the league page
2026-10-02 00:29:11,261 INFO Girona / RTG PREFERENT / G1 / 1a Fase / J3: saved C:\git\bcnesa-extract-2\resources\actas-incremental-content\2026-2027\RTG PREFERENT\G1\1a Fase\jornada_03.html (6 matches, 0 played, partial)
2026-10-02 00:29:11,269 INFO Girona / RTG PREFERENT / G1 / 1a Fase / J4: future match day, keeping minimal match info from the league page
2026-10-02 00:29:11,304 INFO Girona / RTG PREFERENT / G1 / 1a Fase / J4: saved C:\git\bcnesa-extract-2\resources\actas-incremental-content\2026-2027\RTG PREFERENT\G1\1a Fase\jornada_04.html (6 matches, 0 played, partial)
2026-10-02 00:29:11,475 INFO Girona / RTG PREFERENT / G1 / 1a Fase / J5: future match day, keeping minimal match info from the league page
2026-10-02 00:29:11,507 INFO Girona / RTG PREFERENT / G1 / 1a Fase / J5: saved C:\git\bcnesa-extract-2\resources\actas-incremental-content\2026-2027\RTG PREFERENT\G1\1a Fase\jornada_05.html (6 matches, 0 played, partial)
2026-10-02 00:29:11,524 INFO Girona / RTG PREFERENT / G1 / 1a Fase / J6: future match day, keeping minimal match info from the league page
2026-10-02 00:29:11,566 INFO Girona / RTG PREFERENT / G1 / 1a Fase / J6: saved C:\git\bcnesa-extract-2\resources\actas-incremental-content\2026-2027\RTG PREFERENT\G1\1a Fase\jornada_06.html (6 matches, 0 played, partial)
2026-10-02 00:29:11,572 INFO Girona / RTG PREFERENT / G1 / 1a Fase / J7: future match day, keeping minimal match info from the league page
2026-10-02 00:29:11,968 INFO Girona / RTG PREFERENT / G1 / 1a Fase / J7: saved C:\git\bcnesa-extract-2\resources\actas-incremental-content\2026-2027\RTG PREFERENT\G1\1a Fase\jornada_07.html (6 matches, 0 played, partial)
2026-10-02 00:29:11,984 INFO Girona / RTG PREFERENT / G1 / 1a Fase / J8: future match day, keeping minimal match info from the league page
2026-10-02 00:29:12,028 INFO Girona / RTG PREFERENT / G1 / 1a Fase / J8: saved C:\git\bcnesa-extract-2\resources\actas-incremental-content\2026-2027\RTG PREFERENT\G1\1a Fase\jornada_08.html (6 matches, 0 played, partial)
2026-10-02 00:29:12,039 INFO Girona / RTG PREFERENT / G1 / 1a Fase / J9: future match day, keeping minimal match info from the league page
2026-10-02 00:29:12,093 INFO Girona / RTG PREFERENT / G1 / 1a Fase / J9: saved C:\git\bcnesa-extract-2\resources\actas-incremental-content\2026-2027\RTG PREFERENT\G1\1a Fase\jornada_09.html (6 matches, 0 played, partial)
2026-10-02 00:29:12,157 INFO Girona / RTG PREFERENT / G1 / 1a Fase / J10: future match day, keeping minimal match info from the league page
2026-10-02 00:29:12,176 INFO Girona / RTG PREFERENT / G1 / 1a Fase / J10: saved C:\git\bcnesa-extract-2\resources\actas-incremental-content\2026-2027\RTG PREFERENT\G1\1a Fase\jornada_10.html (6 matches, 0 played, partial)
2026-10-02 00:29:12,183 INFO Girona / RTG PREFERENT / G1 / 1a Fase / J11: future match day, keeping minimal match info from the league page
2026-10-02 00:29:12,208 INFO Girona / RTG PREFERENT / G1 / 1a Fase / J11: saved C:\git\bcnesa-extract-2\resources\actas-incremental-content\2026-2027\RTG PREFERENT\G1\1a Fase\jornada_11.html (6 matches, 0 played, partial)
2026-10-02 00:29:12,213 INFO Girona / RTG PREFERENT / G1 / 1a Fase / J12: future match day, keeping minimal match info from the league page
2026-10-02 00:29:12,233 INFO Girona / RTG PREFERENT / G1 / 1a Fase / J12: saved C:\git\bcnesa-extract-2\resources\actas-incremental-content\2026-2027\RTG PREFERENT\G1\1a Fase\jornada_12.html (6 matches, 0 played, partial)
2026-10-02 00:29:12,245 INFO Girona / RTG PREFERENT / G1 / 1a Fase / J13: future match day, keeping minimal match info from the league page
2026-10-02 00:29:12,261 INFO Girona / RTG PREFERENT / G1 / 1a Fase / J13: saved C:\git\bcnesa-extract-2\resources\actas-incremental-content\2026-2027\RTG PREFERENT\G1\1a Fase\jornada_13.html (6 matches, 0 played, partial)
2026-10-02 00:29:12,275 INFO Girona / RTG PREFERENT / G1 / 1a Fase / J14: future match day, keeping minimal match info from the league page
2026-10-02 00:29:12,311 INFO Girona / RTG PREFERENT / G1 / 1a Fase / J14: saved C:\git\bcnesa-extract-2\resources\actas-incremental-content\2026-2027\RTG PREFERENT\G1\1a Fase\jornada_14.html (6 matches, 0 played, partial)
2026-10-02 00:29:12,320 INFO Girona / RTG PREFERENT / G1 / 1a Fase / J15: future match day, keeping minimal match info from the league page
2026-10-02 00:29:12,345 INFO Girona / RTG PREFERENT / G1 / 1a Fase / J15: saved C:\git\bcnesa-extract-2\resources\actas-incremental-content\2026-2027\RTG PREFERENT\G1\1a Fase\jornada_15.html (6 matches, 0 played, partial)
2026-10-02 00:29:12,350 INFO Girona / RTG PREFERENT / G1 / 1a Fase / J16: future match day, keeping minimal match info from the league page
2026-10-02 00:29:12,371 INFO Girona / RTG PREFERENT / G1 / 1a Fase / J16: saved C:\git\bcnesa-extract-2\resources\actas-incremental-content\2026-2027\RTG PREFERENT\G1\1a Fase\jornada_16.html (6 matches, 0 played, partial)
2026-10-02 00:29:12,380 INFO Girona / RTG PREFERENT / G1 / 1a Fase / J17: future match day, keeping minimal match info from the league page
2026-10-02 00:29:12,404 INFO Girona / RTG PREFERENT / G1 / 1a Fase / J17: saved C:\git\bcnesa-extract-2\resources\actas-incremental-content\2026-2027\RTG PREFERENT\G1\1a Fase\jornada_17.html (6 matches, 0 played, partial)
2026-10-02 00:29:12,412 INFO Girona / RTG PREFERENT / G1 / 1a Fase / J18: future match day, keeping minimal match info from the league page
2026-10-02 00:29:12,427 INFO Girona / RTG PREFERENT / G1 / 1a Fase / J18: saved C:\git\bcnesa-extract-2\resources\actas-incremental-content\2026-2027\RTG PREFERENT\G1\1a Fase\jornada_18.html (6 matches, 0 played, partial)
2026-10-02 00:29:12,433 INFO Girona / RTG PREFERENT / G1 / 1a Fase / J19: future match day, keeping minimal match info from the league page
2026-10-02 00:29:12,446 INFO Girona / RTG PREFERENT / G1 / 1a Fase / J19: saved C:\git\bcnesa-extract-2\resources\actas-incremental-content\2026-2027\RTG PREFERENT\G1\1a Fase\jornada_19.html (6 matches, 0 played, partial)
2026-10-02 00:29:12,452 INFO Girona / RTG PREFERENT / G1 / 1a Fase / J20: future match day, keeping minimal match info from the league page
2026-10-02 00:29:12,469 INFO Girona / RTG PREFERENT / G1 / 1a Fase / J20: saved C:\git\bcnesa-extract-2\resources\actas-incremental-content\2026-2027\RTG PREFERENT\G1\1a Fase\jornada_20.html (6 matches, 0 played, partial)
2026-10-02 00:29:12,476 INFO Girona / RTG PREFERENT / G1 / 1a Fase / J21: future match day, keeping minimal match info from the league page
2026-10-02 00:29:12,488 INFO Girona / RTG PREFERENT / G1 / 1a Fase / J21: saved C:\git\bcnesa-extract-2\resources\actas-incremental-content\2026-2027\RTG PREFERENT\G1\1a Fase\jornada_21.html (6 matches, 0 played, partial)
2026-10-02 00:29:12,498 INFO Girona / RTG PREFERENT / G1 / 1a Fase / J22: future match day, keeping minimal match info from the league page
2026-10-02 00:29:12,511 INFO Girona / RTG PREFERENT / G1 / 1a Fase / J22: saved C:\git\bcnesa-extract-2\resources\actas-incremental-content\2026-2027\RTG PREFERENT\G1\1a Fase\jornada_22.html (6 matches, 0 played, partial)
2026-10-02 00:29:14,797 WARNING Attempt 1/4 failed for https://fctt.cat/lligues/rtg-primera/ (page without the expected content (the site returned an empty page)); retrying in 2.7s
2026-10-02 00:29:19,655 WARNING Attempt 2/4 failed for https://fctt.cat/lligues/rtg-primera/ (page without the expected content (the site returned an empty page)); retrying in 5.0s
2026-10-02 00:29:28,278 INFO Girona / RTG PRIMERA: 22 match day(s) -> C:\git\bcnesa-extract-2\resources\actas-incremental-content\2026-2027\RTG PRIMERA\G1\1a Fase
2026-10-02 00:29:33,258 INFO Girona / RTG PRIMERA / G1 / 1a Fase / J1: saved C:\git\bcnesa-extract-2\resources\actas-incremental-content\2026-2027\RTG PRIMERA\G1\1a Fase\jornada_01.html (6 matches, 6 played, complete)
2026-10-02 00:29:33,260 INFO Girona / RTG PRIMERA / G1 / 1a Fase / J2: future match day, keeping minimal match info from the league page
2026-10-02 00:29:33,267 INFO Girona / RTG PRIMERA / G1 / 1a Fase / J2: saved C:\git\bcnesa-extract-2\resources\actas-incremental-content\2026-2027\RTG PRIMERA\G1\1a Fase\jornada_02.html (6 matches, 0 played, partial)
2026-10-02 00:29:33,270 INFO Girona / RTG PRIMERA / G1 / 1a Fase / J3: future match day, keeping minimal match info from the league page
2026-10-02 00:29:33,278 INFO Girona / RTG PRIMERA / G1 / 1a Fase / J3: saved C:\git\bcnesa-extract-2\resources\actas-incremental-content\2026-2027\RTG PRIMERA\G1\1a Fase\jornada_03.html (6 matches, 0 played, partial)
2026-10-02 00:29:33,280 INFO Girona / RTG PRIMERA / G1 / 1a Fase / J4: future match day, keeping minimal match info from the league page
2026-10-02 00:29:33,287 INFO Girona / RTG PRIMERA / G1 / 1a Fase / J4: saved C:\git\bcnesa-extract-2\resources\actas-incremental-content\2026-2027\RTG PRIMERA\G1\1a Fase\jornada_04.html (6 matches, 0 played, partial)
2026-10-02 00:29:33,289 INFO Girona / RTG PRIMERA / G1 / 1a Fase / J5: future match day, keeping minimal match info from the league page
2026-10-02 00:29:33,296 INFO Girona / RTG PRIMERA / G1 / 1a Fase / J5: saved C:\git\bcnesa-extract-2\resources\actas-incremental-content\2026-2027\RTG PRIMERA\G1\1a Fase\jornada_05.html (6 matches, 0 played, partial)
2026-10-02 00:29:33,298 INFO Girona / RTG PRIMERA / G1 / 1a Fase / J6: future match day, keeping minimal match info from the league page
2026-10-02 00:29:33,305 INFO Girona / RTG PRIMERA / G1 / 1a Fase / J6: saved C:\git\bcnesa-extract-2\resources\actas-incremental-content\2026-2027\RTG PRIMERA\G1\1a Fase\jornada_06.html (6 matches, 0 played, partial)
2026-10-02 00:29:33,307 INFO Girona / RTG PRIMERA / G1 / 1a Fase / J7: future match day, keeping minimal match info from the league page
2026-10-02 00:29:33,313 INFO Girona / RTG PRIMERA / G1 / 1a Fase / J7: saved C:\git\bcnesa-extract-2\resources\actas-incremental-content\2026-2027\RTG PRIMERA\G1\1a Fase\jornada_07.html (6 matches, 0 played, partial)
2026-10-02 00:29:33,317 INFO Girona / RTG PRIMERA / G1 / 1a Fase / J8: future match day, keeping minimal match info from the league page
2026-10-02 00:29:33,324 INFO Girona / RTG PRIMERA / G1 / 1a Fase / J8: saved C:\git\bcnesa-extract-2\resources\actas-incremental-content\2026-2027\RTG PRIMERA\G1\1a Fase\jornada_08.html (6 matches, 0 played, partial)
2026-10-02 00:29:33,327 INFO Girona / RTG PRIMERA / G1 / 1a Fase / J9: future match day, keeping minimal match info from the league page
2026-10-02 00:29:33,333 INFO Girona / RTG PRIMERA / G1 / 1a Fase / J9: saved C:\git\bcnesa-extract-2\resources\actas-incremental-content\2026-2027\RTG PRIMERA\G1\1a Fase\jornada_09.html (6 matches, 0 played, partial)
2026-10-02 00:29:33,336 INFO Girona / RTG PRIMERA / G1 / 1a Fase / J10: future match day, keeping minimal match info from the league page
2026-10-02 00:29:33,344 INFO Girona / RTG PRIMERA / G1 / 1a Fase / J10: saved C:\git\bcnesa-extract-2\resources\actas-incremental-content\2026-2027\RTG PRIMERA\G1\1a Fase\jornada_10.html (6 matches, 0 played, partial)
2026-10-02 00:29:33,346 INFO Girona / RTG PRIMERA / G1 / 1a Fase / J11: future match day, keeping minimal match info from the league page
2026-10-02 00:29:33,353 INFO Girona / RTG PRIMERA / G1 / 1a Fase / J11: saved C:\git\bcnesa-extract-2\resources\actas-incremental-content\2026-2027\RTG PRIMERA\G1\1a Fase\jornada_11.html (6 matches, 0 played, partial)
2026-10-02 00:29:33,355 INFO Girona / RTG PRIMERA / G1 / 1a Fase / J12: future match day, keeping minimal match info from the league page
2026-10-02 00:29:33,362 INFO Girona / RTG PRIMERA / G1 / 1a Fase / J12: saved C:\git\bcnesa-extract-2\resources\actas-incremental-content\2026-2027\RTG PRIMERA\G1\1a Fase\jornada_12.html (6 matches, 0 played, partial)
2026-10-02 00:29:33,364 INFO Girona / RTG PRIMERA / G1 / 1a Fase / J13: future match day, keeping minimal match info from the league page
2026-10-02 00:29:33,371 INFO Girona / RTG PRIMERA / G1 / 1a Fase / J13: saved C:\git\bcnesa-extract-2\resources\actas-incremental-content\2026-2027\RTG PRIMERA\G1\1a Fase\jornada_13.html (6 matches, 0 played, partial)
2026-10-02 00:29:33,373 INFO Girona / RTG PRIMERA / G1 / 1a Fase / J14: future match day, keeping minimal match info from the league page
2026-10-02 00:29:33,380 INFO Girona / RTG PRIMERA / G1 / 1a Fase / J14: saved C:\git\bcnesa-extract-2\resources\actas-incremental-content\2026-2027\RTG PRIMERA\G1\1a Fase\jornada_14.html (6 matches, 0 played, partial)
2026-10-02 00:29:33,383 INFO Girona / RTG PRIMERA / G1 / 1a Fase / J15: future match day, keeping minimal match info from the league page
2026-10-02 00:29:33,389 INFO Girona / RTG PRIMERA / G1 / 1a Fase / J15: saved C:\git\bcnesa-extract-2\resources\actas-incremental-content\2026-2027\RTG PRIMERA\G1\1a Fase\jornada_15.html (6 matches, 0 played, partial)
2026-10-02 00:29:33,393 INFO Girona / RTG PRIMERA / G1 / 1a Fase / J16: future match day, keeping minimal match info from the league page
2026-10-02 00:29:33,400 INFO Girona / RTG PRIMERA / G1 / 1a Fase / J16: saved C:\git\bcnesa-extract-2\resources\actas-incremental-content\2026-2027\RTG PRIMERA\G1\1a Fase\jornada_16.html (6 matches, 0 played, partial)
2026-10-02 00:29:33,403 INFO Girona / RTG PRIMERA / G1 / 1a Fase / J17: future match day, keeping minimal match info from the league page
2026-10-02 00:29:33,409 INFO Girona / RTG PRIMERA / G1 / 1a Fase / J17: saved C:\git\bcnesa-extract-2\resources\actas-incremental-content\2026-2027\RTG PRIMERA\G1\1a Fase\jornada_17.html (6 matches, 0 played, partial)
2026-10-02 00:29:33,412 INFO Girona / RTG PRIMERA / G1 / 1a Fase / J18: future match day, keeping minimal match info from the league page
2026-10-02 00:29:33,421 INFO Girona / RTG PRIMERA / G1 / 1a Fase / J18: saved C:\git\bcnesa-extract-2\resources\actas-incremental-content\2026-2027\RTG PRIMERA\G1\1a Fase\jornada_18.html (6 matches, 0 played, partial)
2026-10-02 00:29:33,423 INFO Girona / RTG PRIMERA / G1 / 1a Fase / J19: future match day, keeping minimal match info from the league page
2026-10-02 00:29:33,430 INFO Girona / RTG PRIMERA / G1 / 1a Fase / J19: saved C:\git\bcnesa-extract-2\resources\actas-incremental-content\2026-2027\RTG PRIMERA\G1\1a Fase\jornada_19.html (6 matches, 0 played, partial)
2026-10-02 00:29:33,432 INFO Girona / RTG PRIMERA / G1 / 1a Fase / J20: future match day, keeping minimal match info from the league page
2026-10-02 00:29:33,438 INFO Girona / RTG PRIMERA / G1 / 1a Fase / J20: saved C:\git\bcnesa-extract-2\resources\actas-incremental-content\2026-2027\RTG PRIMERA\G1\1a Fase\jornada_20.html (6 matches, 0 played, partial)
2026-10-02 00:29:33,441 INFO Girona / RTG PRIMERA / G1 / 1a Fase / J21: future match day, keeping minimal match info from the league page
2026-10-02 00:29:33,449 INFO Girona / RTG PRIMERA / G1 / 1a Fase / J21: saved C:\git\bcnesa-extract-2\resources\actas-incremental-content\2026-2027\RTG PRIMERA\G1\1a Fase\jornada_21.html (6 matches, 0 played, partial)
2026-10-02 00:29:33,451 INFO Girona / RTG PRIMERA / G1 / 1a Fase / J22: future match day, keeping minimal match info from the league page
2026-10-02 00:29:33,458 INFO Girona / RTG PRIMERA / G1 / 1a Fase / J22: saved C:\git\bcnesa-extract-2\resources\actas-incremental-content\2026-2027\RTG PRIMERA\G1\1a Fase\jornada_22.html (6 matches, 0 played, partial)
2026-10-02 00:29:36,233 INFO Girona / RTG SEGONA: 22 match day(s) -> C:\git\bcnesa-extract-2\resources\actas-incremental-content\2026-2027\RTG SEGONA\G1\1a Fase
2026-10-02 00:29:43,326 INFO Girona / RTG SEGONA / G1 / 1a Fase / J1: saved C:\git\bcnesa-extract-2\resources\actas-incremental-content\2026-2027\RTG SEGONA\G1\1a Fase\jornada_01.html (6 matches, 6 played, complete)
2026-10-02 00:29:43,333 INFO Girona / RTG SEGONA / G1 / 1a Fase / J2: future match day, keeping minimal match info from the league page
2026-10-02 00:29:43,359 INFO Girona / RTG SEGONA / G1 / 1a Fase / J2: saved C:\git\bcnesa-extract-2\resources\actas-incremental-content\2026-2027\RTG SEGONA\G1\1a Fase\jornada_02.html (6 matches, 0 played, partial)
2026-10-02 00:29:43,367 INFO Girona / RTG SEGONA / G1 / 1a Fase / J3: future match day, keeping minimal match info from the league page
2026-10-02 00:29:43,386 INFO Girona / RTG SEGONA / G1 / 1a Fase / J3: saved C:\git\bcnesa-extract-2\resources\actas-incremental-content\2026-2027\RTG SEGONA\G1\1a Fase\jornada_03.html (6 matches, 0 played, partial)
2026-10-02 00:29:43,395 INFO Girona / RTG SEGONA / G1 / 1a Fase / J4: future match day, keeping minimal match info from the league page
2026-10-02 00:29:43,411 INFO Girona / RTG SEGONA / G1 / 1a Fase / J4: saved C:\git\bcnesa-extract-2\resources\actas-incremental-content\2026-2027\RTG SEGONA\G1\1a Fase\jornada_04.html (6 matches, 0 played, partial)
2026-10-02 00:29:43,418 INFO Girona / RTG SEGONA / G1 / 1a Fase / J5: future match day, keeping minimal match info from the league page
2026-10-02 00:29:43,436 INFO Girona / RTG SEGONA / G1 / 1a Fase / J5: saved C:\git\bcnesa-extract-2\resources\actas-incremental-content\2026-2027\RTG SEGONA\G1\1a Fase\jornada_05.html (6 matches, 0 played, partial)
2026-10-02 00:29:43,446 INFO Girona / RTG SEGONA / G1 / 1a Fase / J6: future match day, keeping minimal match info from the league page
2026-10-02 00:29:43,462 INFO Girona / RTG SEGONA / G1 / 1a Fase / J6: saved C:\git\bcnesa-extract-2\resources\actas-incremental-content\2026-2027\RTG SEGONA\G1\1a Fase\jornada_06.html (6 matches, 0 played, partial)
2026-10-02 00:29:43,470 INFO Girona / RTG SEGONA / G1 / 1a Fase / J7: future match day, keeping minimal match info from the league page
2026-10-02 00:29:43,498 INFO Girona / RTG SEGONA / G1 / 1a Fase / J7: saved C:\git\bcnesa-extract-2\resources\actas-incremental-content\2026-2027\RTG SEGONA\G1\1a Fase\jornada_07.html (6 matches, 0 played, partial)
2026-10-02 00:29:43,504 INFO Girona / RTG SEGONA / G1 / 1a Fase / J8: future match day, keeping minimal match info from the league page
2026-10-02 00:29:43,534 INFO Girona / RTG SEGONA / G1 / 1a Fase / J8: saved C:\git\bcnesa-extract-2\resources\actas-incremental-content\2026-2027\RTG SEGONA\G1\1a Fase\jornada_08.html (6 matches, 0 played, partial)
2026-10-02 00:29:43,547 INFO Girona / RTG SEGONA / G1 / 1a Fase / J9: future match day, keeping minimal match info from the league page
2026-10-02 00:29:43,569 INFO Girona / RTG SEGONA / G1 / 1a Fase / J9: saved C:\git\bcnesa-extract-2\resources\actas-incremental-content\2026-2027\RTG SEGONA\G1\1a Fase\jornada_09.html (6 matches, 0 played, partial)
2026-10-02 00:29:43,576 INFO Girona / RTG SEGONA / G1 / 1a Fase / J10: future match day, keeping minimal match info from the league page
2026-10-02 00:29:43,597 INFO Girona / RTG SEGONA / G1 / 1a Fase / J10: saved C:\git\bcnesa-extract-2\resources\actas-incremental-content\2026-2027\RTG SEGONA\G1\1a Fase\jornada_10.html (6 matches, 0 played, partial)
2026-10-02 00:29:43,604 INFO Girona / RTG SEGONA / G1 / 1a Fase / J11: future match day, keeping minimal match info from the league page
2026-10-02 00:29:43,626 INFO Girona / RTG SEGONA / G1 / 1a Fase / J11: saved C:\git\bcnesa-extract-2\resources\actas-incremental-content\2026-2027\RTG SEGONA\G1\1a Fase\jornada_11.html (6 matches, 0 played, partial)
2026-10-02 00:29:43,634 INFO Girona / RTG SEGONA / G1 / 1a Fase / J12: future match day, keeping minimal match info from the league page
2026-10-02 00:29:43,733 INFO Girona / RTG SEGONA / G1 / 1a Fase / J12: saved C:\git\bcnesa-extract-2\resources\actas-incremental-content\2026-2027\RTG SEGONA\G1\1a Fase\jornada_12.html (6 matches, 0 played, partial)
2026-10-02 00:29:43,738 INFO Girona / RTG SEGONA / G1 / 1a Fase / J13: future match day, keeping minimal match info from the league page
2026-10-02 00:29:43,753 INFO Girona / RTG SEGONA / G1 / 1a Fase / J13: saved C:\git\bcnesa-extract-2\resources\actas-incremental-content\2026-2027\RTG SEGONA\G1\1a Fase\jornada_13.html (6 matches, 0 played, partial)
2026-10-02 00:29:43,757 INFO Girona / RTG SEGONA / G1 / 1a Fase / J14: future match day, keeping minimal match info from the league page
2026-10-02 00:29:43,769 INFO Girona / RTG SEGONA / G1 / 1a Fase / J14: saved C:\git\bcnesa-extract-2\resources\actas-incremental-content\2026-2027\RTG SEGONA\G1\1a Fase\jornada_14.html (6 matches, 0 played, partial)
2026-10-02 00:29:43,774 INFO Girona / RTG SEGONA / G1 / 1a Fase / J15: future match day, keeping minimal match info from the league page
2026-10-02 00:29:43,784 INFO Girona / RTG SEGONA / G1 / 1a Fase / J15: saved C:\git\bcnesa-extract-2\resources\actas-incremental-content\2026-2027\RTG SEGONA\G1\1a Fase\jornada_15.html (6 matches, 0 played, partial)
2026-10-02 00:29:43,787 INFO Girona / RTG SEGONA / G1 / 1a Fase / J16: future match day, keeping minimal match info from the league page
2026-10-02 00:29:43,796 INFO Girona / RTG SEGONA / G1 / 1a Fase / J16: saved C:\git\bcnesa-extract-2\resources\actas-incremental-content\2026-2027\RTG SEGONA\G1\1a Fase\jornada_16.html (6 matches, 0 played, partial)
2026-10-02 00:29:43,799 INFO Girona / RTG SEGONA / G1 / 1a Fase / J17: future match day, keeping minimal match info from the league page
2026-10-02 00:29:43,807 INFO Girona / RTG SEGONA / G1 / 1a Fase / J17: saved C:\git\bcnesa-extract-2\resources\actas-incremental-content\2026-2027\RTG SEGONA\G1\1a Fase\jornada_17.html (6 matches, 0 played, partial)
2026-10-02 00:29:43,814 INFO Girona / RTG SEGONA / G1 / 1a Fase / J18: future match day, keeping minimal match info from the league page
2026-10-02 00:29:43,825 INFO Girona / RTG SEGONA / G1 / 1a Fase / J18: saved C:\git\bcnesa-extract-2\resources\actas-incremental-content\2026-2027\RTG SEGONA\G1\1a Fase\jornada_18.html (6 matches, 0 played, partial)
2026-10-02 00:29:43,831 INFO Girona / RTG SEGONA / G1 / 1a Fase / J19: future match day, keeping minimal match info from the league page
2026-10-02 00:29:43,845 INFO Girona / RTG SEGONA / G1 / 1a Fase / J19: saved C:\git\bcnesa-extract-2\resources\actas-incremental-content\2026-2027\RTG SEGONA\G1\1a Fase\jornada_19.html (6 matches, 0 played, partial)
2026-10-02 00:29:43,848 INFO Girona / RTG SEGONA / G1 / 1a Fase / J20: future match day, keeping minimal match info from the league page
2026-10-02 00:29:43,858 INFO Girona / RTG SEGONA / G1 / 1a Fase / J20: saved C:\git\bcnesa-extract-2\resources\actas-incremental-content\2026-2027\RTG SEGONA\G1\1a Fase\jornada_20.html (6 matches, 0 played, partial)
2026-10-02 00:29:43,862 INFO Girona / RTG SEGONA / G1 / 1a Fase / J21: future match day, keeping minimal match info from the league page
2026-10-02 00:29:43,871 INFO Girona / RTG SEGONA / G1 / 1a Fase / J21: saved C:\git\bcnesa-extract-2\resources\actas-incremental-content\2026-2027\RTG SEGONA\G1\1a Fase\jornada_21.html (6 matches, 0 played, partial)
2026-10-02 00:29:43,875 INFO Girona / RTG SEGONA / G1 / 1a Fase / J22: future match day, keeping minimal match info from the league page
2026-10-02 00:29:43,886 INFO Girona / RTG SEGONA / G1 / 1a Fase / J22: saved C:\git\bcnesa-extract-2\resources\actas-incremental-content\2026-2027\RTG SEGONA\G1\1a Fase\jornada_22.html (6 matches, 0 played, partial)
2026-10-02 00:29:47,301 INFO Girona / RTG TERCERA: 26 match day(s) -> C:\git\bcnesa-extract-2\resources\actas-incremental-content\2026-2027\RTG TERCERA\G1\1a Fase
2026-10-02 00:29:52,502 WARNING Attempt 1/4 failed for https://fctt.cat/lligues/rtg-tercera/?jornada=1 (incomplete content: match 10614 game 1 right: player 'TAULER BRUNET, ISMAEL' has no player link (+29 more)); retrying in 2.9s
2026-10-02 00:29:57,812 WARNING Attempt 2/4 failed for https://fctt.cat/lligues/rtg-tercera/?jornada=1 (page without matches (the site returned an empty page)); retrying in 5.2s
2026-10-02 00:30:05,890 WARNING Attempt 3/4 failed for https://fctt.cat/lligues/rtg-tercera/?jornada=1 (page without matches (the site returned an empty page)); retrying in 8.1s
2026-10-02 00:30:16,130 ERROR Failed after 4 attempt(s): https://fctt.cat/lligues/rtg-tercera/?jornada=1 (page without matches (the site returned an empty page))
2026-10-02 00:30:16,131 ERROR Girona / RTG TERCERA / G1 / 1a Fase / J1: match day not available after retries, skipped (https://fctt.cat/lligues/rtg-tercera/?jornada=1)
2026-10-02 00:30:16,133 INFO Girona / RTG TERCERA / G1 / 1a Fase / J2: future match day, keeping minimal match info from the league page
2026-10-02 00:30:16,142 INFO Girona / RTG TERCERA / G1 / 1a Fase / J2: saved C:\git\bcnesa-extract-2\resources\actas-incremental-content\2026-2027\RTG TERCERA\G1\1a Fase\jornada_02.html (7 matches, 0 played, partial)
2026-10-02 00:30:16,146 INFO Girona / RTG TERCERA / G1 / 1a Fase / J3: future match day, keeping minimal match info from the league page
2026-10-02 00:30:16,154 INFO Girona / RTG TERCERA / G1 / 1a Fase / J3: saved C:\git\bcnesa-extract-2\resources\actas-incremental-content\2026-2027\RTG TERCERA\G1\1a Fase\jornada_03.html (7 matches, 0 played, partial)
2026-10-02 00:30:16,157 INFO Girona / RTG TERCERA / G1 / 1a Fase / J4: future match day, keeping minimal match info from the league page
2026-10-02 00:30:16,165 INFO Girona / RTG TERCERA / G1 / 1a Fase / J4: saved C:\git\bcnesa-extract-2\resources\actas-incremental-content\2026-2027\RTG TERCERA\G1\1a Fase\jornada_04.html (7 matches, 0 played, partial)
2026-10-02 00:30:16,167 INFO Girona / RTG TERCERA / G1 / 1a Fase / J5: future match day, keeping minimal match info from the league page
2026-10-02 00:30:16,175 INFO Girona / RTG TERCERA / G1 / 1a Fase / J5: saved C:\git\bcnesa-extract-2\resources\actas-incremental-content\2026-2027\RTG TERCERA\G1\1a Fase\jornada_05.html (7 matches, 0 played, partial)
2026-10-02 00:30:16,178 INFO Girona / RTG TERCERA / G1 / 1a Fase / J6: future match day, keeping minimal match info from the league page
2026-10-02 00:30:16,186 INFO Girona / RTG TERCERA / G1 / 1a Fase / J6: saved C:\git\bcnesa-extract-2\resources\actas-incremental-content\2026-2027\RTG TERCERA\G1\1a Fase\jornada_06.html (7 matches, 0 played, partial)
2026-10-02 00:30:16,189 INFO Girona / RTG TERCERA / G1 / 1a Fase / J7: future match day, keeping minimal match info from the league page
2026-10-02 00:30:16,196 INFO Girona / RTG TERCERA / G1 / 1a Fase / J7: saved C:\git\bcnesa-extract-2\resources\actas-incremental-content\2026-2027\RTG TERCERA\G1\1a Fase\jornada_07.html (7 matches, 0 played, partial)
2026-10-02 00:30:16,198 INFO Girona / RTG TERCERA / G1 / 1a Fase / J8: future match day, keeping minimal match info from the league page
2026-10-02 00:30:16,205 INFO Girona / RTG TERCERA / G1 / 1a Fase / J8: saved C:\git\bcnesa-extract-2\resources\actas-incremental-content\2026-2027\RTG TERCERA\G1\1a Fase\jornada_08.html (7 matches, 0 played, partial)
2026-10-02 00:30:16,209 INFO Girona / RTG TERCERA / G1 / 1a Fase / J9: future match day, keeping minimal match info from the league page
2026-10-02 00:30:16,217 INFO Girona / RTG TERCERA / G1 / 1a Fase / J9: saved C:\git\bcnesa-extract-2\resources\actas-incremental-content\2026-2027\RTG TERCERA\G1\1a Fase\jornada_09.html (7 matches, 0 played, partial)
2026-10-02 00:30:16,219 INFO Girona / RTG TERCERA / G1 / 1a Fase / J10: future match day, keeping minimal match info from the league page
2026-10-02 00:30:16,228 INFO Girona / RTG TERCERA / G1 / 1a Fase / J10: saved C:\git\bcnesa-extract-2\resources\actas-incremental-content\2026-2027\RTG TERCERA\G1\1a Fase\jornada_10.html (7 matches, 0 played, partial)
2026-10-02 00:30:16,230 INFO Girona / RTG TERCERA / G1 / 1a Fase / J11: future match day, keeping minimal match info from the league page
2026-10-02 00:30:16,238 INFO Girona / RTG TERCERA / G1 / 1a Fase / J11: saved C:\git\bcnesa-extract-2\resources\actas-incremental-content\2026-2027\RTG TERCERA\G1\1a Fase\jornada_11.html (7 matches, 0 played, partial)
2026-10-02 00:30:16,240 INFO Girona / RTG TERCERA / G1 / 1a Fase / J12: future match day, keeping minimal match info from the league page
2026-10-02 00:30:16,251 INFO Girona / RTG TERCERA / G1 / 1a Fase / J12: saved C:\git\bcnesa-extract-2\resources\actas-incremental-content\2026-2027\RTG TERCERA\G1\1a Fase\jornada_12.html (7 matches, 0 played, partial)
2026-10-02 00:30:16,255 INFO Girona / RTG TERCERA / G1 / 1a Fase / J13: future match day, keeping minimal match info from the league page
2026-10-02 00:30:16,262 INFO Girona / RTG TERCERA / G1 / 1a Fase / J13: saved C:\git\bcnesa-extract-2\resources\actas-incremental-content\2026-2027\RTG TERCERA\G1\1a Fase\jornada_13.html (7 matches, 0 played, partial)
2026-10-02 00:30:16,265 INFO Girona / RTG TERCERA / G1 / 1a Fase / J14: future match day, keeping minimal match info from the league page
2026-10-02 00:30:16,272 INFO Girona / RTG TERCERA / G1 / 1a Fase / J14: saved C:\git\bcnesa-extract-2\resources\actas-incremental-content\2026-2027\RTG TERCERA\G1\1a Fase\jornada_14.html (7 matches, 0 played, partial)
2026-10-02 00:30:16,275 INFO Girona / RTG TERCERA / G1 / 1a Fase / J15: future match day, keeping minimal match info from the league page
2026-10-02 00:30:16,283 INFO Girona / RTG TERCERA / G1 / 1a Fase / J15: saved C:\git\bcnesa-extract-2\resources\actas-incremental-content\2026-2027\RTG TERCERA\G1\1a Fase\jornada_15.html (7 matches, 0 played, partial)
2026-10-02 00:30:16,286 INFO Girona / RTG TERCERA / G1 / 1a Fase / J16: future match day, keeping minimal match info from the league page
2026-10-02 00:30:16,293 INFO Girona / RTG TERCERA / G1 / 1a Fase / J16: saved C:\git\bcnesa-extract-2\resources\actas-incremental-content\2026-2027\RTG TERCERA\G1\1a Fase\jornada_16.html (7 matches, 0 played, partial)
2026-10-02 00:30:16,295 INFO Girona / RTG TERCERA / G1 / 1a Fase / J17: future match day, keeping minimal match info from the league page
2026-10-02 00:30:16,303 INFO Girona / RTG TERCERA / G1 / 1a Fase / J17: saved C:\git\bcnesa-extract-2\resources\actas-incremental-content\2026-2027\RTG TERCERA\G1\1a Fase\jornada_17.html (7 matches, 0 played, partial)
2026-10-02 00:30:16,305 INFO Girona / RTG TERCERA / G1 / 1a Fase / J18: future match day, keeping minimal match info from the league page
2026-10-02 00:30:16,313 INFO Girona / RTG TERCERA / G1 / 1a Fase / J18: saved C:\git\bcnesa-extract-2\resources\actas-incremental-content\2026-2027\RTG TERCERA\G1\1a Fase\jornada_18.html (7 matches, 0 played, partial)
2026-10-02 00:30:16,316 INFO Girona / RTG TERCERA / G1 / 1a Fase / J19: future match day, keeping minimal match info from the league page
2026-10-02 00:30:16,323 INFO Girona / RTG TERCERA / G1 / 1a Fase / J19: saved C:\git\bcnesa-extract-2\resources\actas-incremental-content\2026-2027\RTG TERCERA\G1\1a Fase\jornada_19.html (7 matches, 0 played, partial)
2026-10-02 00:30:16,326 INFO Girona / RTG TERCERA / G1 / 1a Fase / J20: future match day, keeping minimal match info from the league page
2026-10-02 00:30:16,333 INFO Girona / RTG TERCERA / G1 / 1a Fase / J20: saved C:\git\bcnesa-extract-2\resources\actas-incremental-content\2026-2027\RTG TERCERA\G1\1a Fase\jornada_20.html (7 matches, 0 played, partial)
2026-10-02 00:30:16,335 INFO Girona / RTG TERCERA / G1 / 1a Fase / J21: future match day, keeping minimal match info from the league page
2026-10-02 00:30:16,343 INFO Girona / RTG TERCERA / G1 / 1a Fase / J21: saved C:\git\bcnesa-extract-2\resources\actas-incremental-content\2026-2027\RTG TERCERA\G1\1a Fase\jornada_21.html (7 matches, 0 played, partial)
2026-10-02 00:30:16,347 INFO Girona / RTG TERCERA / G1 / 1a Fase / J22: future match day, keeping minimal match info from the league page
2026-10-02 00:30:16,355 INFO Girona / RTG TERCERA / G1 / 1a Fase / J22: saved C:\git\bcnesa-extract-2\resources\actas-incremental-content\2026-2027\RTG TERCERA\G1\1a Fase\jornada_22.html (7 matches, 0 played, partial)
2026-10-02 00:30:16,357 INFO Girona / RTG TERCERA / G1 / 1a Fase / J23: future match day, keeping minimal match info from the league page
2026-10-02 00:30:16,365 INFO Girona / RTG TERCERA / G1 / 1a Fase / J23: saved C:\git\bcnesa-extract-2\resources\actas-incremental-content\2026-2027\RTG TERCERA\G1\1a Fase\jornada_23.html (7 matches, 0 played, partial)
2026-10-02 00:30:16,367 INFO Girona / RTG TERCERA / G1 / 1a Fase / J24: future match day, keeping minimal match info from the league page
2026-10-02 00:30:16,376 INFO Girona / RTG TERCERA / G1 / 1a Fase / J24: saved C:\git\bcnesa-extract-2\resources\actas-incremental-content\2026-2027\RTG TERCERA\G1\1a Fase\jornada_24.html (7 matches, 0 played, partial)
2026-10-02 00:30:16,378 INFO Girona / RTG TERCERA / G1 / 1a Fase / J25: future match day, keeping minimal match info from the league page
2026-10-02 00:30:16,386 INFO Girona / RTG TERCERA / G1 / 1a Fase / J25: saved C:\git\bcnesa-extract-2\resources\actas-incremental-content\2026-2027\RTG TERCERA\G1\1a Fase\jornada_25.html (7 matches, 0 played, partial)
2026-10-02 00:30:16,388 INFO Girona / RTG TERCERA / G1 / 1a Fase / J26: future match day, keeping minimal match info from the league page
2026-10-02 00:30:16,396 INFO Girona / RTG TERCERA / G1 / 1a Fase / J26: saved C:\git\bcnesa-extract-2\resources\actas-incremental-content\2026-2027\RTG TERCERA\G1\1a Fase\jornada_26.html (7 matches, 0 played, partial)
2026-10-02 00:30:18,814 WARNING Attempt 1/4 failed for https://fctt.cat/lligues/preferent-rtt/ (page without the expected content (the site returned an empty page)); retrying in 2.4s
2026-10-02 00:30:24,418 WARNING Attempt 2/4 failed for https://fctt.cat/lligues/preferent-rtt/ (page without the expected content (the site returned an empty page)); retrying in 5.4s
2026-10-02 00:30:32,979 INFO Tarragona / RTT PREFERENT: 18 match day(s) -> C:\git\bcnesa-extract-2\resources\actas-incremental-content\2026-2027\RTT PREFERENT\G1\1a Fase
2026-10-02 00:30:32,984 INFO Tarragona / RTT PREFERENT / G1 / 1a Fase / J1: future match day, keeping minimal match info from the league page
2026-10-02 00:30:33,641 INFO Tarragona / RTT PREFERENT / G1 / 1a Fase / J1: saved C:\git\bcnesa-extract-2\resources\actas-incremental-content\2026-2027\RTT PREFERENT\G1\1a Fase\jornada_01.html (5 matches, 0 played, partial)
2026-10-02 00:30:33,888 INFO Tarragona / RTT PREFERENT / G1 / 1a Fase / J2: future match day, keeping minimal match info from the league page
2026-10-02 00:30:34,039 INFO Tarragona / RTT PREFERENT / G1 / 1a Fase / J2: saved C:\git\bcnesa-extract-2\resources\actas-incremental-content\2026-2027\RTT PREFERENT\G1\1a Fase\jornada_02.html (5 matches, 0 played, partial)
2026-10-02 00:30:34,046 INFO Tarragona / RTT PREFERENT / G1 / 1a Fase / J3: future match day, keeping minimal match info from the league page
2026-10-02 00:30:34,112 INFO Tarragona / RTT PREFERENT / G1 / 1a Fase / J3: saved C:\git\bcnesa-extract-2\resources\actas-incremental-content\2026-2027\RTT PREFERENT\G1\1a Fase\jornada_03.html (5 matches, 0 played, partial)
2026-10-02 00:30:34,134 INFO Tarragona / RTT PREFERENT / G1 / 1a Fase / J4: future match day, keeping minimal match info from the league page
2026-10-02 00:30:34,174 INFO Tarragona / RTT PREFERENT / G1 / 1a Fase / J4: saved C:\git\bcnesa-extract-2\resources\actas-incremental-content\2026-2027\RTT PREFERENT\G1\1a Fase\jornada_04.html (5 matches, 0 played, partial)
2026-10-02 00:30:34,192 INFO Tarragona / RTT PREFERENT / G1 / 1a Fase / J5: future match day, keeping minimal match info from the league page
2026-10-02 00:30:34,226 INFO Tarragona / RTT PREFERENT / G1 / 1a Fase / J5: saved C:\git\bcnesa-extract-2\resources\actas-incremental-content\2026-2027\RTT PREFERENT\G1\1a Fase\jornada_05.html (5 matches, 0 played, partial)
2026-10-02 00:30:34,233 INFO Tarragona / RTT PREFERENT / G1 / 1a Fase / J6: future match day, keeping minimal match info from the league page
2026-10-02 00:30:34,247 INFO Tarragona / RTT PREFERENT / G1 / 1a Fase / J6: saved C:\git\bcnesa-extract-2\resources\actas-incremental-content\2026-2027\RTT PREFERENT\G1\1a Fase\jornada_06.html (5 matches, 0 played, partial)
2026-10-02 00:30:34,253 INFO Tarragona / RTT PREFERENT / G1 / 1a Fase / J7: future match day, keeping minimal match info from the league page
2026-10-02 00:30:34,288 INFO Tarragona / RTT PREFERENT / G1 / 1a Fase / J7: saved C:\git\bcnesa-extract-2\resources\actas-incremental-content\2026-2027\RTT PREFERENT\G1\1a Fase\jornada_07.html (5 matches, 0 played, partial)
2026-10-02 00:30:34,301 INFO Tarragona / RTT PREFERENT / G1 / 1a Fase / J8: future match day, keeping minimal match info from the league page
2026-10-02 00:30:34,337 INFO Tarragona / RTT PREFERENT / G1 / 1a Fase / J8: saved C:\git\bcnesa-extract-2\resources\actas-incremental-content\2026-2027\RTT PREFERENT\G1\1a Fase\jornada_08.html (5 matches, 0 played, partial)
2026-10-02 00:30:34,353 INFO Tarragona / RTT PREFERENT / G1 / 1a Fase / J9: future match day, keeping minimal match info from the league page
2026-10-02 00:30:34,376 INFO Tarragona / RTT PREFERENT / G1 / 1a Fase / J9: saved C:\git\bcnesa-extract-2\resources\actas-incremental-content\2026-2027\RTT PREFERENT\G1\1a Fase\jornada_09.html (5 matches, 0 played, partial)
2026-10-02 00:30:34,383 INFO Tarragona / RTT PREFERENT / G1 / 1a Fase / J10: future match day, keeping minimal match info from the league page
2026-10-02 00:30:34,399 INFO Tarragona / RTT PREFERENT / G1 / 1a Fase / J10: saved C:\git\bcnesa-extract-2\resources\actas-incremental-content\2026-2027\RTT PREFERENT\G1\1a Fase\jornada_10.html (5 matches, 0 played, partial)
2026-10-02 00:30:34,405 INFO Tarragona / RTT PREFERENT / G1 / 1a Fase / J11: future match day, keeping minimal match info from the league page
2026-10-02 00:30:34,421 INFO Tarragona / RTT PREFERENT / G1 / 1a Fase / J11: saved C:\git\bcnesa-extract-2\resources\actas-incremental-content\2026-2027\RTT PREFERENT\G1\1a Fase\jornada_11.html (5 matches, 0 played, partial)
2026-10-02 00:30:34,434 INFO Tarragona / RTT PREFERENT / G1 / 1a Fase / J12: future match day, keeping minimal match info from the league page
2026-10-02 00:30:34,446 INFO Tarragona / RTT PREFERENT / G1 / 1a Fase / J12: saved C:\git\bcnesa-extract-2\resources\actas-incremental-content\2026-2027\RTT PREFERENT\G1\1a Fase\jornada_12.html (5 matches, 0 played, partial)
2026-10-02 00:30:34,452 INFO Tarragona / RTT PREFERENT / G1 / 1a Fase / J13: future match day, keeping minimal match info from the league page
2026-10-02 00:30:34,464 INFO Tarragona / RTT PREFERENT / G1 / 1a Fase / J13: saved C:\git\bcnesa-extract-2\resources\actas-incremental-content\2026-2027\RTT PREFERENT\G1\1a Fase\jornada_13.html (5 matches, 0 played, partial)
2026-10-02 00:30:34,471 INFO Tarragona / RTT PREFERENT / G1 / 1a Fase / J14: future match day, keeping minimal match info from the league page
2026-10-02 00:30:34,485 INFO Tarragona / RTT PREFERENT / G1 / 1a Fase / J14: saved C:\git\bcnesa-extract-2\resources\actas-incremental-content\2026-2027\RTT PREFERENT\G1\1a Fase\jornada_14.html (5 matches, 0 played, partial)
2026-10-02 00:30:34,491 INFO Tarragona / RTT PREFERENT / G1 / 1a Fase / J15: future match day, keeping minimal match info from the league page
2026-10-02 00:30:34,504 INFO Tarragona / RTT PREFERENT / G1 / 1a Fase / J15: saved C:\git\bcnesa-extract-2\resources\actas-incremental-content\2026-2027\RTT PREFERENT\G1\1a Fase\jornada_15.html (5 matches, 0 played, partial)
2026-10-02 00:30:34,509 INFO Tarragona / RTT PREFERENT / G1 / 1a Fase / J16: future match day, keeping minimal match info from the league page
2026-10-02 00:30:34,528 INFO Tarragona / RTT PREFERENT / G1 / 1a Fase / J16: saved C:\git\bcnesa-extract-2\resources\actas-incremental-content\2026-2027\RTT PREFERENT\G1\1a Fase\jornada_16.html (5 matches, 0 played, partial)
2026-10-02 00:30:34,536 INFO Tarragona / RTT PREFERENT / G1 / 1a Fase / J17: future match day, keeping minimal match info from the league page
2026-10-02 00:30:34,551 INFO Tarragona / RTT PREFERENT / G1 / 1a Fase / J17: saved C:\git\bcnesa-extract-2\resources\actas-incremental-content\2026-2027\RTT PREFERENT\G1\1a Fase\jornada_17.html (5 matches, 0 played, partial)
2026-10-02 00:30:34,557 INFO Tarragona / RTT PREFERENT / G1 / 1a Fase / J18: future match day, keeping minimal match info from the league page
2026-10-02 00:30:34,569 INFO Tarragona / RTT PREFERENT / G1 / 1a Fase / J18: saved C:\git\bcnesa-extract-2\resources\actas-incremental-content\2026-2027\RTT PREFERENT\G1\1a Fase\jornada_18.html (5 matches, 0 played, partial)
2026-10-02 00:30:37,358 INFO Tarragona / RTT PRIMERA: 18 match day(s) -> C:\git\bcnesa-extract-2\resources\actas-incremental-content\2026-2027\RTT PRIMERA\G1\1a Fase
2026-10-02 00:30:37,364 INFO Tarragona / RTT PRIMERA / G1 / 1a Fase / J1: future match day, keeping minimal match info from the league page
2026-10-02 00:30:37,380 INFO Tarragona / RTT PRIMERA / G1 / 1a Fase / J1: saved C:\git\bcnesa-extract-2\resources\actas-incremental-content\2026-2027\RTT PRIMERA\G1\1a Fase\jornada_01.html (5 matches, 0 played, partial)
2026-10-02 00:30:37,383 INFO Tarragona / RTT PRIMERA / G1 / 1a Fase / J2: future match day, keeping minimal match info from the league page
2026-10-02 00:30:37,388 INFO Tarragona / RTT PRIMERA / G1 / 1a Fase / J2: saved C:\git\bcnesa-extract-2\resources\actas-incremental-content\2026-2027\RTT PRIMERA\G1\1a Fase\jornada_02.html (5 matches, 0 played, partial)
2026-10-02 00:30:37,391 INFO Tarragona / RTT PRIMERA / G1 / 1a Fase / J3: future match day, keeping minimal match info from the league page
2026-10-02 00:30:37,397 INFO Tarragona / RTT PRIMERA / G1 / 1a Fase / J3: saved C:\git\bcnesa-extract-2\resources\actas-incremental-content\2026-2027\RTT PRIMERA\G1\1a Fase\jornada_03.html (5 matches, 0 played, partial)
2026-10-02 00:30:37,400 INFO Tarragona / RTT PRIMERA / G1 / 1a Fase / J4: future match day, keeping minimal match info from the league page
2026-10-02 00:30:37,405 INFO Tarragona / RTT PRIMERA / G1 / 1a Fase / J4: saved C:\git\bcnesa-extract-2\resources\actas-incremental-content\2026-2027\RTT PRIMERA\G1\1a Fase\jornada_04.html (5 matches, 0 played, partial)
2026-10-02 00:30:37,408 INFO Tarragona / RTT PRIMERA / G1 / 1a Fase / J5: future match day, keeping minimal match info from the league page
2026-10-02 00:30:37,413 INFO Tarragona / RTT PRIMERA / G1 / 1a Fase / J5: saved C:\git\bcnesa-extract-2\resources\actas-incremental-content\2026-2027\RTT PRIMERA\G1\1a Fase\jornada_05.html (5 matches, 0 played, partial)
2026-10-02 00:30:37,416 INFO Tarragona / RTT PRIMERA / G1 / 1a Fase / J6: future match day, keeping minimal match info from the league page
2026-10-02 00:30:37,421 INFO Tarragona / RTT PRIMERA / G1 / 1a Fase / J6: saved C:\git\bcnesa-extract-2\resources\actas-incremental-content\2026-2027\RTT PRIMERA\G1\1a Fase\jornada_06.html (5 matches, 0 played, partial)
2026-10-02 00:30:37,424 INFO Tarragona / RTT PRIMERA / G1 / 1a Fase / J7: future match day, keeping minimal match info from the league page
2026-10-02 00:30:37,430 INFO Tarragona / RTT PRIMERA / G1 / 1a Fase / J7: saved C:\git\bcnesa-extract-2\resources\actas-incremental-content\2026-2027\RTT PRIMERA\G1\1a Fase\jornada_07.html (5 matches, 0 played, partial)
2026-10-02 00:30:37,432 INFO Tarragona / RTT PRIMERA / G1 / 1a Fase / J8: future match day, keeping minimal match info from the league page
2026-10-02 00:30:37,438 INFO Tarragona / RTT PRIMERA / G1 / 1a Fase / J8: saved C:\git\bcnesa-extract-2\resources\actas-incremental-content\2026-2027\RTT PRIMERA\G1\1a Fase\jornada_08.html (5 matches, 0 played, partial)
2026-10-02 00:30:37,440 INFO Tarragona / RTT PRIMERA / G1 / 1a Fase / J9: future match day, keeping minimal match info from the league page
2026-10-02 00:30:37,446 INFO Tarragona / RTT PRIMERA / G1 / 1a Fase / J9: saved C:\git\bcnesa-extract-2\resources\actas-incremental-content\2026-2027\RTT PRIMERA\G1\1a Fase\jornada_09.html (5 matches, 0 played, partial)
2026-10-02 00:30:37,448 INFO Tarragona / RTT PRIMERA / G1 / 1a Fase / J10: future match day, keeping minimal match info from the league page
2026-10-02 00:30:37,454 INFO Tarragona / RTT PRIMERA / G1 / 1a Fase / J10: saved C:\git\bcnesa-extract-2\resources\actas-incremental-content\2026-2027\RTT PRIMERA\G1\1a Fase\jornada_10.html (5 matches, 0 played, partial)
2026-10-02 00:30:37,456 INFO Tarragona / RTT PRIMERA / G1 / 1a Fase / J11: future match day, keeping minimal match info from the league page
2026-10-02 00:30:37,462 INFO Tarragona / RTT PRIMERA / G1 / 1a Fase / J11: saved C:\git\bcnesa-extract-2\resources\actas-incremental-content\2026-2027\RTT PRIMERA\G1\1a Fase\jornada_11.html (5 matches, 0 played, partial)
2026-10-02 00:30:37,464 INFO Tarragona / RTT PRIMERA / G1 / 1a Fase / J12: future match day, keeping minimal match info from the league page
2026-10-02 00:30:37,470 INFO Tarragona / RTT PRIMERA / G1 / 1a Fase / J12: saved C:\git\bcnesa-extract-2\resources\actas-incremental-content\2026-2027\RTT PRIMERA\G1\1a Fase\jornada_12.html (5 matches, 0 played, partial)
2026-10-02 00:30:37,472 INFO Tarragona / RTT PRIMERA / G1 / 1a Fase / J13: future match day, keeping minimal match info from the league page
2026-10-02 00:30:37,479 INFO Tarragona / RTT PRIMERA / G1 / 1a Fase / J13: saved C:\git\bcnesa-extract-2\resources\actas-incremental-content\2026-2027\RTT PRIMERA\G1\1a Fase\jornada_13.html (5 matches, 0 played, partial)
2026-10-02 00:30:37,481 INFO Tarragona / RTT PRIMERA / G1 / 1a Fase / J14: future match day, keeping minimal match info from the league page
2026-10-02 00:30:37,487 INFO Tarragona / RTT PRIMERA / G1 / 1a Fase / J14: saved C:\git\bcnesa-extract-2\resources\actas-incremental-content\2026-2027\RTT PRIMERA\G1\1a Fase\jornada_14.html (5 matches, 0 played, partial)
2026-10-02 00:30:37,489 INFO Tarragona / RTT PRIMERA / G1 / 1a Fase / J15: future match day, keeping minimal match info from the league page
2026-10-02 00:30:37,495 INFO Tarragona / RTT PRIMERA / G1 / 1a Fase / J15: saved C:\git\bcnesa-extract-2\resources\actas-incremental-content\2026-2027\RTT PRIMERA\G1\1a Fase\jornada_15.html (5 matches, 0 played, partial)
2026-10-02 00:30:37,497 INFO Tarragona / RTT PRIMERA / G1 / 1a Fase / J16: future match day, keeping minimal match info from the league page
2026-10-02 00:30:37,503 INFO Tarragona / RTT PRIMERA / G1 / 1a Fase / J16: saved C:\git\bcnesa-extract-2\resources\actas-incremental-content\2026-2027\RTT PRIMERA\G1\1a Fase\jornada_16.html (5 matches, 0 played, partial)
2026-10-02 00:30:37,505 INFO Tarragona / RTT PRIMERA / G1 / 1a Fase / J17: future match day, keeping minimal match info from the league page
2026-10-02 00:30:37,511 INFO Tarragona / RTT PRIMERA / G1 / 1a Fase / J17: saved C:\git\bcnesa-extract-2\resources\actas-incremental-content\2026-2027\RTT PRIMERA\G1\1a Fase\jornada_17.html (5 matches, 0 played, partial)
2026-10-02 00:30:37,513 INFO Tarragona / RTT PRIMERA / G1 / 1a Fase / J18: future match day, keeping minimal match info from the league page
2026-10-02 00:30:37,519 INFO Tarragona / RTT PRIMERA / G1 / 1a Fase / J18: saved C:\git\bcnesa-extract-2\resources\actas-incremental-content\2026-2027\RTT PRIMERA\G1\1a Fase\jornada_18.html (5 matches, 0 played, partial)
2026-10-02 00:30:40,258 INFO Tarragona / RTT SEGONA: 18 match day(s) -> C:\git\bcnesa-extract-2\resources\actas-incremental-content\2026-2027\RTT SEGONA\G1\1a Fase
2026-10-02 00:30:40,260 INFO Tarragona / RTT SEGONA / G1 / 1a Fase / J1: future match day, keeping minimal match info from the league page
2026-10-02 00:30:40,275 INFO Tarragona / RTT SEGONA / G1 / 1a Fase / J1: saved C:\git\bcnesa-extract-2\resources\actas-incremental-content\2026-2027\RTT SEGONA\G1\1a Fase\jornada_01.html (5 matches, 0 played, partial)
2026-10-02 00:30:40,277 INFO Tarragona / RTT SEGONA / G1 / 1a Fase / J2: future match day, keeping minimal match info from the league page
2026-10-02 00:30:40,283 INFO Tarragona / RTT SEGONA / G1 / 1a Fase / J2: saved C:\git\bcnesa-extract-2\resources\actas-incremental-content\2026-2027\RTT SEGONA\G1\1a Fase\jornada_02.html (5 matches, 0 played, partial)
2026-10-02 00:30:40,285 INFO Tarragona / RTT SEGONA / G1 / 1a Fase / J3: future match day, keeping minimal match info from the league page
2026-10-02 00:30:40,291 INFO Tarragona / RTT SEGONA / G1 / 1a Fase / J3: saved C:\git\bcnesa-extract-2\resources\actas-incremental-content\2026-2027\RTT SEGONA\G1\1a Fase\jornada_03.html (5 matches, 0 played, partial)
2026-10-02 00:30:40,294 INFO Tarragona / RTT SEGONA / G1 / 1a Fase / J4: future match day, keeping minimal match info from the league page
2026-10-02 00:30:40,300 INFO Tarragona / RTT SEGONA / G1 / 1a Fase / J4: saved C:\git\bcnesa-extract-2\resources\actas-incremental-content\2026-2027\RTT SEGONA\G1\1a Fase\jornada_04.html (5 matches, 0 played, partial)
2026-10-02 00:30:40,302 INFO Tarragona / RTT SEGONA / G1 / 1a Fase / J5: future match day, keeping minimal match info from the league page
2026-10-02 00:30:40,308 INFO Tarragona / RTT SEGONA / G1 / 1a Fase / J5: saved C:\git\bcnesa-extract-2\resources\actas-incremental-content\2026-2027\RTT SEGONA\G1\1a Fase\jornada_05.html (5 matches, 0 played, partial)
2026-10-02 00:30:40,311 INFO Tarragona / RTT SEGONA / G1 / 1a Fase / J6: future match day, keeping minimal match info from the league page
2026-10-02 00:30:40,317 INFO Tarragona / RTT SEGONA / G1 / 1a Fase / J6: saved C:\git\bcnesa-extract-2\resources\actas-incremental-content\2026-2027\RTT SEGONA\G1\1a Fase\jornada_06.html (5 matches, 0 played, partial)
2026-10-02 00:30:40,319 INFO Tarragona / RTT SEGONA / G1 / 1a Fase / J7: future match day, keeping minimal match info from the league page
2026-10-02 00:30:40,325 INFO Tarragona / RTT SEGONA / G1 / 1a Fase / J7: saved C:\git\bcnesa-extract-2\resources\actas-incremental-content\2026-2027\RTT SEGONA\G1\1a Fase\jornada_07.html (5 matches, 0 played, partial)
2026-10-02 00:30:40,328 INFO Tarragona / RTT SEGONA / G1 / 1a Fase / J8: future match day, keeping minimal match info from the league page
2026-10-02 00:30:40,334 INFO Tarragona / RTT SEGONA / G1 / 1a Fase / J8: saved C:\git\bcnesa-extract-2\resources\actas-incremental-content\2026-2027\RTT SEGONA\G1\1a Fase\jornada_08.html (5 matches, 0 played, partial)
2026-10-02 00:30:40,339 INFO Tarragona / RTT SEGONA / G1 / 1a Fase / J9: future match day, keeping minimal match info from the league page
2026-10-02 00:30:40,351 INFO Tarragona / RTT SEGONA / G1 / 1a Fase / J9: saved C:\git\bcnesa-extract-2\resources\actas-incremental-content\2026-2027\RTT SEGONA\G1\1a Fase\jornada_09.html (5 matches, 0 played, partial)
2026-10-02 00:30:40,353 INFO Tarragona / RTT SEGONA / G1 / 1a Fase / J10: future match day, keeping minimal match info from the league page
2026-10-02 00:30:40,361 INFO Tarragona / RTT SEGONA / G1 / 1a Fase / J10: saved C:\git\bcnesa-extract-2\resources\actas-incremental-content\2026-2027\RTT SEGONA\G1\1a Fase\jornada_10.html (5 matches, 0 played, partial)
2026-10-02 00:30:40,365 INFO Tarragona / RTT SEGONA / G1 / 1a Fase / J11: future match day, keeping minimal match info from the league page
2026-10-02 00:30:40,374 INFO Tarragona / RTT SEGONA / G1 / 1a Fase / J11: saved C:\git\bcnesa-extract-2\resources\actas-incremental-content\2026-2027\RTT SEGONA\G1\1a Fase\jornada_11.html (5 matches, 0 played, partial)
2026-10-02 00:30:40,377 INFO Tarragona / RTT SEGONA / G1 / 1a Fase / J12: future match day, keeping minimal match info from the league page
2026-10-02 00:30:40,383 INFO Tarragona / RTT SEGONA / G1 / 1a Fase / J12: saved C:\git\bcnesa-extract-2\resources\actas-incremental-content\2026-2027\RTT SEGONA\G1\1a Fase\jornada_12.html (5 matches, 0 played, partial)
2026-10-02 00:30:40,385 INFO Tarragona / RTT SEGONA / G1 / 1a Fase / J13: future match day, keeping minimal match info from the league page
2026-10-02 00:30:40,391 INFO Tarragona / RTT SEGONA / G1 / 1a Fase / J13: saved C:\git\bcnesa-extract-2\resources\actas-incremental-content\2026-2027\RTT SEGONA\G1\1a Fase\jornada_13.html (5 matches, 0 played, partial)
2026-10-02 00:30:40,393 INFO Tarragona / RTT SEGONA / G1 / 1a Fase / J14: future match day, keeping minimal match info from the league page
2026-10-02 00:30:40,399 INFO Tarragona / RTT SEGONA / G1 / 1a Fase / J14: saved C:\git\bcnesa-extract-2\resources\actas-incremental-content\2026-2027\RTT SEGONA\G1\1a Fase\jornada_14.html (5 matches, 0 played, partial)
2026-10-02 00:30:40,402 INFO Tarragona / RTT SEGONA / G1 / 1a Fase / J15: future match day, keeping minimal match info from the league page
2026-10-02 00:30:40,408 INFO Tarragona / RTT SEGONA / G1 / 1a Fase / J15: saved C:\git\bcnesa-extract-2\resources\actas-incremental-content\2026-2027\RTT SEGONA\G1\1a Fase\jornada_15.html (5 matches, 0 played, partial)
2026-10-02 00:30:40,410 INFO Tarragona / RTT SEGONA / G1 / 1a Fase / J16: future match day, keeping minimal match info from the league page
2026-10-02 00:30:40,416 INFO Tarragona / RTT SEGONA / G1 / 1a Fase / J16: saved C:\git\bcnesa-extract-2\resources\actas-incremental-content\2026-2027\RTT SEGONA\G1\1a Fase\jornada_16.html (5 matches, 0 played, partial)
2026-10-02 00:30:40,419 INFO Tarragona / RTT SEGONA / G1 / 1a Fase / J17: future match day, keeping minimal match info from the league page
2026-10-02 00:30:40,425 INFO Tarragona / RTT SEGONA / G1 / 1a Fase / J17: saved C:\git\bcnesa-extract-2\resources\actas-incremental-content\2026-2027\RTT SEGONA\G1\1a Fase\jornada_17.html (5 matches, 0 played, partial)
2026-10-02 00:30:40,427 INFO Tarragona / RTT SEGONA / G1 / 1a Fase / J18: future match day, keeping minimal match info from the league page
2026-10-02 00:30:40,433 INFO Tarragona / RTT SEGONA / G1 / 1a Fase / J18: saved C:\git\bcnesa-extract-2\resources\actas-incremental-content\2026-2027\RTT SEGONA\G1\1a Fase\jornada_18.html (5 matches, 0 played, partial)
2026-10-02 00:30:43,094 INFO Tarragona / RTT TERCERA: 18 match day(s) -> C:\git\bcnesa-extract-2\resources\actas-incremental-content\2026-2027\RTT TERCERA\G1\1a Fase
2026-10-02 00:30:43,096 INFO Tarragona / RTT TERCERA / G1 / 1a Fase / J1: future match day, keeping minimal match info from the league page
2026-10-02 00:30:43,104 INFO Tarragona / RTT TERCERA / G1 / 1a Fase / J1: saved C:\git\bcnesa-extract-2\resources\actas-incremental-content\2026-2027\RTT TERCERA\G1\1a Fase\jornada_01.html (5 matches, 0 played, partial)
2026-10-02 00:30:43,107 INFO Tarragona / RTT TERCERA / G1 / 1a Fase / J2: future match day, keeping minimal match info from the league page
2026-10-02 00:30:43,113 INFO Tarragona / RTT TERCERA / G1 / 1a Fase / J2: saved C:\git\bcnesa-extract-2\resources\actas-incremental-content\2026-2027\RTT TERCERA\G1\1a Fase\jornada_02.html (5 matches, 0 played, partial)
2026-10-02 00:30:43,115 INFO Tarragona / RTT TERCERA / G1 / 1a Fase / J3: future match day, keeping minimal match info from the league page
2026-10-02 00:30:43,122 INFO Tarragona / RTT TERCERA / G1 / 1a Fase / J3: saved C:\git\bcnesa-extract-2\resources\actas-incremental-content\2026-2027\RTT TERCERA\G1\1a Fase\jornada_03.html (5 matches, 0 played, partial)
2026-10-02 00:30:43,125 INFO Tarragona / RTT TERCERA / G1 / 1a Fase / J4: future match day, keeping minimal match info from the league page
2026-10-02 00:30:43,131 INFO Tarragona / RTT TERCERA / G1 / 1a Fase / J4: saved C:\git\bcnesa-extract-2\resources\actas-incremental-content\2026-2027\RTT TERCERA\G1\1a Fase\jornada_04.html (5 matches, 0 played, partial)
2026-10-02 00:30:43,133 INFO Tarragona / RTT TERCERA / G1 / 1a Fase / J5: future match day, keeping minimal match info from the league page
2026-10-02 00:30:43,139 INFO Tarragona / RTT TERCERA / G1 / 1a Fase / J5: saved C:\git\bcnesa-extract-2\resources\actas-incremental-content\2026-2027\RTT TERCERA\G1\1a Fase\jornada_05.html (5 matches, 0 played, partial)
2026-10-02 00:30:43,142 INFO Tarragona / RTT TERCERA / G1 / 1a Fase / J6: future match day, keeping minimal match info from the league page
2026-10-02 00:30:43,148 INFO Tarragona / RTT TERCERA / G1 / 1a Fase / J6: saved C:\git\bcnesa-extract-2\resources\actas-incremental-content\2026-2027\RTT TERCERA\G1\1a Fase\jornada_06.html (5 matches, 0 played, partial)
2026-10-02 00:30:43,152 INFO Tarragona / RTT TERCERA / G1 / 1a Fase / J7: future match day, keeping minimal match info from the league page
2026-10-02 00:30:43,158 INFO Tarragona / RTT TERCERA / G1 / 1a Fase / J7: saved C:\git\bcnesa-extract-2\resources\actas-incremental-content\2026-2027\RTT TERCERA\G1\1a Fase\jornada_07.html (5 matches, 0 played, partial)
2026-10-02 00:30:43,161 INFO Tarragona / RTT TERCERA / G1 / 1a Fase / J8: future match day, keeping minimal match info from the league page
2026-10-02 00:30:43,166 INFO Tarragona / RTT TERCERA / G1 / 1a Fase / J8: saved C:\git\bcnesa-extract-2\resources\actas-incremental-content\2026-2027\RTT TERCERA\G1\1a Fase\jornada_08.html (5 matches, 0 played, partial)
2026-10-02 00:30:43,169 INFO Tarragona / RTT TERCERA / G1 / 1a Fase / J9: future match day, keeping minimal match info from the league page
2026-10-02 00:30:43,174 INFO Tarragona / RTT TERCERA / G1 / 1a Fase / J9: saved C:\git\bcnesa-extract-2\resources\actas-incremental-content\2026-2027\RTT TERCERA\G1\1a Fase\jornada_09.html (5 matches, 0 played, partial)
2026-10-02 00:30:43,177 INFO Tarragona / RTT TERCERA / G1 / 1a Fase / J10: future match day, keeping minimal match info from the league page
2026-10-02 00:30:43,182 INFO Tarragona / RTT TERCERA / G1 / 1a Fase / J10: saved C:\git\bcnesa-extract-2\resources\actas-incremental-content\2026-2027\RTT TERCERA\G1\1a Fase\jornada_10.html (5 matches, 0 played, partial)
2026-10-02 00:30:43,184 INFO Tarragona / RTT TERCERA / G1 / 1a Fase / J11: future match day, keeping minimal match info from the league page
2026-10-02 00:30:43,190 INFO Tarragona / RTT TERCERA / G1 / 1a Fase / J11: saved C:\git\bcnesa-extract-2\resources\actas-incremental-content\2026-2027\RTT TERCERA\G1\1a Fase\jornada_11.html (5 matches, 0 played, partial)
2026-10-02 00:30:43,192 INFO Tarragona / RTT TERCERA / G1 / 1a Fase / J12: future match day, keeping minimal match info from the league page
2026-10-02 00:30:43,198 INFO Tarragona / RTT TERCERA / G1 / 1a Fase / J12: saved C:\git\bcnesa-extract-2\resources\actas-incremental-content\2026-2027\RTT TERCERA\G1\1a Fase\jornada_12.html (5 matches, 0 played, partial)
2026-10-02 00:30:43,200 INFO Tarragona / RTT TERCERA / G1 / 1a Fase / J13: future match day, keeping minimal match info from the league page
2026-10-02 00:30:43,206 INFO Tarragona / RTT TERCERA / G1 / 1a Fase / J13: saved C:\git\bcnesa-extract-2\resources\actas-incremental-content\2026-2027\RTT TERCERA\G1\1a Fase\jornada_13.html (5 matches, 0 played, partial)
2026-10-02 00:30:43,208 INFO Tarragona / RTT TERCERA / G1 / 1a Fase / J14: future match day, keeping minimal match info from the league page
2026-10-02 00:30:43,214 INFO Tarragona / RTT TERCERA / G1 / 1a Fase / J14: saved C:\git\bcnesa-extract-2\resources\actas-incremental-content\2026-2027\RTT TERCERA\G1\1a Fase\jornada_14.html (5 matches, 0 played, partial)
2026-10-02 00:30:43,217 INFO Tarragona / RTT TERCERA / G1 / 1a Fase / J15: future match day, keeping minimal match info from the league page
2026-10-02 00:30:43,222 INFO Tarragona / RTT TERCERA / G1 / 1a Fase / J15: saved C:\git\bcnesa-extract-2\resources\actas-incremental-content\2026-2027\RTT TERCERA\G1\1a Fase\jornada_15.html (5 matches, 0 played, partial)
2026-10-02 00:30:43,224 INFO Tarragona / RTT TERCERA / G1 / 1a Fase / J16: future match day, keeping minimal match info from the league page
2026-10-02 00:30:43,231 INFO Tarragona / RTT TERCERA / G1 / 1a Fase / J16: saved C:\git\bcnesa-extract-2\resources\actas-incremental-content\2026-2027\RTT TERCERA\G1\1a Fase\jornada_16.html (5 matches, 0 played, partial)
2026-10-02 00:30:43,237 INFO Tarragona / RTT TERCERA / G1 / 1a Fase / J17: future match day, keeping minimal match info from the league page
2026-10-02 00:30:43,243 INFO Tarragona / RTT TERCERA / G1 / 1a Fase / J17: saved C:\git\bcnesa-extract-2\resources\actas-incremental-content\2026-2027\RTT TERCERA\G1\1a Fase\jornada_17.html (5 matches, 0 played, partial)
2026-10-02 00:30:43,246 INFO Tarragona / RTT TERCERA / G1 / 1a Fase / J18: future match day, keeping minimal match info from the league page
2026-10-02 00:30:43,252 INFO Tarragona / RTT TERCERA / G1 / 1a Fase / J18: saved C:\git\bcnesa-extract-2\resources\actas-incremental-content\2026-2027\RTT TERCERA\G1\1a Fase\jornada_18.html (5 matches, 0 played, partial)
2026-10-02 00:30:46,089 INFO Tarragona / RTT QUARTA: 18 match day(s) -> C:\git\bcnesa-extract-2\resources\actas-incremental-content\2026-2027\RTT QUARTA\G1\1a Fase
2026-10-02 00:30:46,092 INFO Tarragona / RTT QUARTA / G1 / 1a Fase / J1: future match day, keeping minimal match info from the league page
2026-10-02 00:30:46,099 INFO Tarragona / RTT QUARTA / G1 / 1a Fase / J1: saved C:\git\bcnesa-extract-2\resources\actas-incremental-content\2026-2027\RTT QUARTA\G1\1a Fase\jornada_01.html (5 matches, 0 played, partial)
2026-10-02 00:30:46,102 INFO Tarragona / RTT QUARTA / G1 / 1a Fase / J2: future match day, keeping minimal match info from the league page
2026-10-02 00:30:46,107 INFO Tarragona / RTT QUARTA / G1 / 1a Fase / J2: saved C:\git\bcnesa-extract-2\resources\actas-incremental-content\2026-2027\RTT QUARTA\G1\1a Fase\jornada_02.html (5 matches, 0 played, partial)
2026-10-02 00:30:46,109 INFO Tarragona / RTT QUARTA / G1 / 1a Fase / J3: future match day, keeping minimal match info from the league page
2026-10-02 00:30:46,115 INFO Tarragona / RTT QUARTA / G1 / 1a Fase / J3: saved C:\git\bcnesa-extract-2\resources\actas-incremental-content\2026-2027\RTT QUARTA\G1\1a Fase\jornada_03.html (5 matches, 0 played, partial)
2026-10-02 00:30:46,118 INFO Tarragona / RTT QUARTA / G1 / 1a Fase / J4: future match day, keeping minimal match info from the league page
2026-10-02 00:30:46,123 INFO Tarragona / RTT QUARTA / G1 / 1a Fase / J4: saved C:\git\bcnesa-extract-2\resources\actas-incremental-content\2026-2027\RTT QUARTA\G1\1a Fase\jornada_04.html (5 matches, 0 played, partial)
2026-10-02 00:30:46,126 INFO Tarragona / RTT QUARTA / G1 / 1a Fase / J5: future match day, keeping minimal match info from the league page
2026-10-02 00:30:46,131 INFO Tarragona / RTT QUARTA / G1 / 1a Fase / J5: saved C:\git\bcnesa-extract-2\resources\actas-incremental-content\2026-2027\RTT QUARTA\G1\1a Fase\jornada_05.html (5 matches, 0 played, partial)
2026-10-02 00:30:46,134 INFO Tarragona / RTT QUARTA / G1 / 1a Fase / J6: future match day, keeping minimal match info from the league page
2026-10-02 00:30:46,140 INFO Tarragona / RTT QUARTA / G1 / 1a Fase / J6: saved C:\git\bcnesa-extract-2\resources\actas-incremental-content\2026-2027\RTT QUARTA\G1\1a Fase\jornada_06.html (5 matches, 0 played, partial)
2026-10-02 00:30:46,142 INFO Tarragona / RTT QUARTA / G1 / 1a Fase / J7: future match day, keeping minimal match info from the league page
2026-10-02 00:30:46,148 INFO Tarragona / RTT QUARTA / G1 / 1a Fase / J7: saved C:\git\bcnesa-extract-2\resources\actas-incremental-content\2026-2027\RTT QUARTA\G1\1a Fase\jornada_07.html (5 matches, 0 played, partial)
2026-10-02 00:30:46,150 INFO Tarragona / RTT QUARTA / G1 / 1a Fase / J8: future match day, keeping minimal match info from the league page
2026-10-02 00:30:46,156 INFO Tarragona / RTT QUARTA / G1 / 1a Fase / J8: saved C:\git\bcnesa-extract-2\resources\actas-incremental-content\2026-2027\RTT QUARTA\G1\1a Fase\jornada_08.html (5 matches, 0 played, partial)
2026-10-02 00:30:46,159 INFO Tarragona / RTT QUARTA / G1 / 1a Fase / J9: future match day, keeping minimal match info from the league page
2026-10-02 00:30:46,164 INFO Tarragona / RTT QUARTA / G1 / 1a Fase / J9: saved C:\git\bcnesa-extract-2\resources\actas-incremental-content\2026-2027\RTT QUARTA\G1\1a Fase\jornada_09.html (5 matches, 0 played, partial)
2026-10-02 00:30:46,167 INFO Tarragona / RTT QUARTA / G1 / 1a Fase / J10: future match day, keeping minimal match info from the league page
2026-10-02 00:30:46,172 INFO Tarragona / RTT QUARTA / G1 / 1a Fase / J10: saved C:\git\bcnesa-extract-2\resources\actas-incremental-content\2026-2027\RTT QUARTA\G1\1a Fase\jornada_10.html (5 matches, 0 played, partial)
2026-10-02 00:30:46,175 INFO Tarragona / RTT QUARTA / G1 / 1a Fase / J11: future match day, keeping minimal match info from the league page
2026-10-02 00:30:46,182 INFO Tarragona / RTT QUARTA / G1 / 1a Fase / J11: saved C:\git\bcnesa-extract-2\resources\actas-incremental-content\2026-2027\RTT QUARTA\G1\1a Fase\jornada_11.html (5 matches, 0 played, partial)
2026-10-02 00:30:46,185 INFO Tarragona / RTT QUARTA / G1 / 1a Fase / J12: future match day, keeping minimal match info from the league page
2026-10-02 00:30:46,206 INFO Tarragona / RTT QUARTA / G1 / 1a Fase / J12: saved C:\git\bcnesa-extract-2\resources\actas-incremental-content\2026-2027\RTT QUARTA\G1\1a Fase\jornada_12.html (5 matches, 0 played, partial)
2026-10-02 00:30:46,208 INFO Tarragona / RTT QUARTA / G1 / 1a Fase / J13: future match day, keeping minimal match info from the league page
2026-10-02 00:30:46,218 INFO Tarragona / RTT QUARTA / G1 / 1a Fase / J13: saved C:\git\bcnesa-extract-2\resources\actas-incremental-content\2026-2027\RTT QUARTA\G1\1a Fase\jornada_13.html (5 matches, 0 played, partial)
2026-10-02 00:30:46,226 INFO Tarragona / RTT QUARTA / G1 / 1a Fase / J14: future match day, keeping minimal match info from the league page
2026-10-02 00:30:46,311 INFO Tarragona / RTT QUARTA / G1 / 1a Fase / J14: saved C:\git\bcnesa-extract-2\resources\actas-incremental-content\2026-2027\RTT QUARTA\G1\1a Fase\jornada_14.html (5 matches, 0 played, partial)
2026-10-02 00:30:46,321 INFO Tarragona / RTT QUARTA / G1 / 1a Fase / J15: future match day, keeping minimal match info from the league page
2026-10-02 00:30:46,349 INFO Tarragona / RTT QUARTA / G1 / 1a Fase / J15: saved C:\git\bcnesa-extract-2\resources\actas-incremental-content\2026-2027\RTT QUARTA\G1\1a Fase\jornada_15.html (5 matches, 0 played, partial)
2026-10-02 00:30:46,358 INFO Tarragona / RTT QUARTA / G1 / 1a Fase / J16: future match day, keeping minimal match info from the league page
2026-10-02 00:30:46,386 INFO Tarragona / RTT QUARTA / G1 / 1a Fase / J16: saved C:\git\bcnesa-extract-2\resources\actas-incremental-content\2026-2027\RTT QUARTA\G1\1a Fase\jornada_16.html (5 matches, 0 played, partial)
2026-10-02 00:30:46,396 INFO Tarragona / RTT QUARTA / G1 / 1a Fase / J17: future match day, keeping minimal match info from the league page
2026-10-02 00:30:46,442 INFO Tarragona / RTT QUARTA / G1 / 1a Fase / J17: saved C:\git\bcnesa-extract-2\resources\actas-incremental-content\2026-2027\RTT QUARTA\G1\1a Fase\jornada_17.html (5 matches, 0 played, partial)
2026-10-02 00:30:46,445 INFO Tarragona / RTT QUARTA / G1 / 1a Fase / J18: future match day, keeping minimal match info from the league page
2026-10-02 00:30:46,452 INFO Tarragona / RTT QUARTA / G1 / 1a Fase / J18: saved C:\git\bcnesa-extract-2\resources\actas-incremental-content\2026-2027\RTT QUARTA\G1\1a Fase\jornada_18.html (5 matches, 0 played, partial)
2026-10-02 00:30:49,265 INFO Lleida / RTL PREFERENT: 18 match day(s) -> C:\git\bcnesa-extract-2\resources\actas-incremental-content\2026-2027\RTL PREFERENT\G1\1a Fase
2026-10-02 00:30:52,952 INFO Lleida / RTL PREFERENT / G1 / 1a Fase / J1: saved C:\git\bcnesa-extract-2\resources\actas-incremental-content\2026-2027\RTL PREFERENT\G1\1a Fase\jornada_01.html (4 matches, 3 played, partial)
2026-10-02 00:30:52,954 INFO Lleida / RTL PREFERENT / G1 / 1a Fase / J2: future match day, keeping minimal match info from the league page
2026-10-02 00:30:52,959 INFO Lleida / RTL PREFERENT / G1 / 1a Fase / J2: saved C:\git\bcnesa-extract-2\resources\actas-incremental-content\2026-2027\RTL PREFERENT\G1\1a Fase\jornada_02.html (4 matches, 0 played, partial)
2026-10-02 00:30:52,962 INFO Lleida / RTL PREFERENT / G1 / 1a Fase / J3: future match day, keeping minimal match info from the league page
2026-10-02 00:30:52,967 INFO Lleida / RTL PREFERENT / G1 / 1a Fase / J3: saved C:\git\bcnesa-extract-2\resources\actas-incremental-content\2026-2027\RTL PREFERENT\G1\1a Fase\jornada_03.html (4 matches, 0 played, partial)
2026-10-02 00:30:52,969 INFO Lleida / RTL PREFERENT / G1 / 1a Fase / J4: future match day, keeping minimal match info from the league page
2026-10-02 00:30:52,974 INFO Lleida / RTL PREFERENT / G1 / 1a Fase / J4: saved C:\git\bcnesa-extract-2\resources\actas-incremental-content\2026-2027\RTL PREFERENT\G1\1a Fase\jornada_04.html (4 matches, 0 played, partial)
2026-10-02 00:30:52,978 INFO Lleida / RTL PREFERENT / G1 / 1a Fase / J5: future match day, keeping minimal match info from the league page
2026-10-02 00:30:52,983 INFO Lleida / RTL PREFERENT / G1 / 1a Fase / J5: saved C:\git\bcnesa-extract-2\resources\actas-incremental-content\2026-2027\RTL PREFERENT\G1\1a Fase\jornada_05.html (4 matches, 0 played, partial)
2026-10-02 00:30:52,985 INFO Lleida / RTL PREFERENT / G1 / 1a Fase / J6: future match day, keeping minimal match info from the league page
2026-10-02 00:30:52,990 INFO Lleida / RTL PREFERENT / G1 / 1a Fase / J6: saved C:\git\bcnesa-extract-2\resources\actas-incremental-content\2026-2027\RTL PREFERENT\G1\1a Fase\jornada_06.html (4 matches, 0 played, partial)
2026-10-02 00:30:52,992 INFO Lleida / RTL PREFERENT / G1 / 1a Fase / J7: future match day, keeping minimal match info from the league page
2026-10-02 00:30:52,997 INFO Lleida / RTL PREFERENT / G1 / 1a Fase / J7: saved C:\git\bcnesa-extract-2\resources\actas-incremental-content\2026-2027\RTL PREFERENT\G1\1a Fase\jornada_07.html (4 matches, 0 played, partial)
2026-10-02 00:30:53,000 INFO Lleida / RTL PREFERENT / G1 / 1a Fase / J8: future match day, keeping minimal match info from the league page
2026-10-02 00:30:53,004 INFO Lleida / RTL PREFERENT / G1 / 1a Fase / J8: saved C:\git\bcnesa-extract-2\resources\actas-incremental-content\2026-2027\RTL PREFERENT\G1\1a Fase\jornada_08.html (4 matches, 0 played, partial)
2026-10-02 00:30:53,009 INFO Lleida / RTL PREFERENT / G1 / 1a Fase / J9: future match day, keeping minimal match info from the league page
2026-10-02 00:30:53,019 INFO Lleida / RTL PREFERENT / G1 / 1a Fase / J9: saved C:\git\bcnesa-extract-2\resources\actas-incremental-content\2026-2027\RTL PREFERENT\G1\1a Fase\jornada_09.html (4 matches, 0 played, partial)
2026-10-02 00:30:53,022 INFO Lleida / RTL PREFERENT / G1 / 1a Fase / J10: future match day, keeping minimal match info from the league page
2026-10-02 00:30:53,027 INFO Lleida / RTL PREFERENT / G1 / 1a Fase / J10: saved C:\git\bcnesa-extract-2\resources\actas-incremental-content\2026-2027\RTL PREFERENT\G1\1a Fase\jornada_10.html (4 matches, 0 played, partial)
2026-10-02 00:30:53,030 INFO Lleida / RTL PREFERENT / G1 / 1a Fase / J11: future match day, keeping minimal match info from the league page
2026-10-02 00:30:53,034 INFO Lleida / RTL PREFERENT / G1 / 1a Fase / J11: saved C:\git\bcnesa-extract-2\resources\actas-incremental-content\2026-2027\RTL PREFERENT\G1\1a Fase\jornada_11.html (4 matches, 0 played, partial)
2026-10-02 00:30:53,038 INFO Lleida / RTL PREFERENT / G1 / 1a Fase / J12: future match day, keeping minimal match info from the league page
2026-10-02 00:30:53,043 INFO Lleida / RTL PREFERENT / G1 / 1a Fase / J12: saved C:\git\bcnesa-extract-2\resources\actas-incremental-content\2026-2027\RTL PREFERENT\G1\1a Fase\jornada_12.html (4 matches, 0 played, partial)
2026-10-02 00:30:53,045 INFO Lleida / RTL PREFERENT / G1 / 1a Fase / J13: future match day, keeping minimal match info from the league page
2026-10-02 00:30:53,050 INFO Lleida / RTL PREFERENT / G1 / 1a Fase / J13: saved C:\git\bcnesa-extract-2\resources\actas-incremental-content\2026-2027\RTL PREFERENT\G1\1a Fase\jornada_13.html (4 matches, 0 played, partial)
2026-10-02 00:30:53,053 INFO Lleida / RTL PREFERENT / G1 / 1a Fase / J14: future match day, keeping minimal match info from the league page
2026-10-02 00:30:53,058 INFO Lleida / RTL PREFERENT / G1 / 1a Fase / J14: saved C:\git\bcnesa-extract-2\resources\actas-incremental-content\2026-2027\RTL PREFERENT\G1\1a Fase\jornada_14.html (4 matches, 0 played, partial)
2026-10-02 00:30:53,060 INFO Lleida / RTL PREFERENT / G1 / 1a Fase / J15: future match day, keeping minimal match info from the league page
2026-10-02 00:30:53,065 INFO Lleida / RTL PREFERENT / G1 / 1a Fase / J15: saved C:\git\bcnesa-extract-2\resources\actas-incremental-content\2026-2027\RTL PREFERENT\G1\1a Fase\jornada_15.html (4 matches, 0 played, partial)
2026-10-02 00:30:53,067 INFO Lleida / RTL PREFERENT / G1 / 1a Fase / J16: future match day, keeping minimal match info from the league page
2026-10-02 00:30:53,073 INFO Lleida / RTL PREFERENT / G1 / 1a Fase / J16: saved C:\git\bcnesa-extract-2\resources\actas-incremental-content\2026-2027\RTL PREFERENT\G1\1a Fase\jornada_16.html (4 matches, 0 played, partial)
2026-10-02 00:30:53,075 INFO Lleida / RTL PREFERENT / G1 / 1a Fase / J17: future match day, keeping minimal match info from the league page
2026-10-02 00:30:53,080 INFO Lleida / RTL PREFERENT / G1 / 1a Fase / J17: saved C:\git\bcnesa-extract-2\resources\actas-incremental-content\2026-2027\RTL PREFERENT\G1\1a Fase\jornada_17.html (4 matches, 0 played, partial)
2026-10-02 00:30:53,082 INFO Lleida / RTL PREFERENT / G1 / 1a Fase / J18: future match day, keeping minimal match info from the league page
2026-10-02 00:30:53,088 INFO Lleida / RTL PREFERENT / G1 / 1a Fase / J18: saved C:\git\bcnesa-extract-2\resources\actas-incremental-content\2026-2027\RTL PREFERENT\G1\1a Fase\jornada_18.html (4 matches, 0 played, partial)
2026-10-02 00:30:55,823 INFO Lleida / RTL PRIMERA: 18 match day(s) -> C:\git\bcnesa-extract-2\resources\actas-incremental-content\2026-2027\RTL PRIMERA\G1\1a Fase
2026-10-02 00:31:01,307 INFO Lleida / RTL PRIMERA / G1 / 1a Fase / J1: saved C:\git\bcnesa-extract-2\resources\actas-incremental-content\2026-2027\RTL PRIMERA\G1\1a Fase\jornada_01.html (5 matches, 5 played, complete)
2026-10-02 00:31:01,312 INFO Lleida / RTL PRIMERA / G1 / 1a Fase / J2: future match day, keeping minimal match info from the league page
2026-10-02 00:31:01,332 INFO Lleida / RTL PRIMERA / G1 / 1a Fase / J2: saved C:\git\bcnesa-extract-2\resources\actas-incremental-content\2026-2027\RTL PRIMERA\G1\1a Fase\jornada_02.html (5 matches, 0 played, partial)
2026-10-02 00:31:01,372 INFO Lleida / RTL PRIMERA / G1 / 1a Fase / J3: future match day, keeping minimal match info from the league page
2026-10-02 00:31:01,393 INFO Lleida / RTL PRIMERA / G1 / 1a Fase / J3: saved C:\git\bcnesa-extract-2\resources\actas-incremental-content\2026-2027\RTL PRIMERA\G1\1a Fase\jornada_03.html (5 matches, 0 played, partial)
2026-10-02 00:31:01,407 INFO Lleida / RTL PRIMERA / G1 / 1a Fase / J4: future match day, keeping minimal match info from the league page
2026-10-02 00:31:01,423 INFO Lleida / RTL PRIMERA / G1 / 1a Fase / J4: saved C:\git\bcnesa-extract-2\resources\actas-incremental-content\2026-2027\RTL PRIMERA\G1\1a Fase\jornada_04.html (5 matches, 0 played, partial)
2026-10-02 00:31:01,430 INFO Lleida / RTL PRIMERA / G1 / 1a Fase / J5: future match day, keeping minimal match info from the league page
2026-10-02 00:31:01,447 INFO Lleida / RTL PRIMERA / G1 / 1a Fase / J5: saved C:\git\bcnesa-extract-2\resources\actas-incremental-content\2026-2027\RTL PRIMERA\G1\1a Fase\jornada_05.html (5 matches, 0 played, partial)
2026-10-02 00:31:01,455 INFO Lleida / RTL PRIMERA / G1 / 1a Fase / J6: future match day, keeping minimal match info from the league page
2026-10-02 00:31:01,470 INFO Lleida / RTL PRIMERA / G1 / 1a Fase / J6: saved C:\git\bcnesa-extract-2\resources\actas-incremental-content\2026-2027\RTL PRIMERA\G1\1a Fase\jornada_06.html (5 matches, 0 played, partial)
2026-10-02 00:31:01,475 INFO Lleida / RTL PRIMERA / G1 / 1a Fase / J7: future match day, keeping minimal match info from the league page
2026-10-02 00:31:01,487 INFO Lleida / RTL PRIMERA / G1 / 1a Fase / J7: saved C:\git\bcnesa-extract-2\resources\actas-incremental-content\2026-2027\RTL PRIMERA\G1\1a Fase\jornada_07.html (5 matches, 0 played, partial)
2026-10-02 00:31:01,493 INFO Lleida / RTL PRIMERA / G1 / 1a Fase / J8: future match day, keeping minimal match info from the league page
2026-10-02 00:31:01,506 INFO Lleida / RTL PRIMERA / G1 / 1a Fase / J8: saved C:\git\bcnesa-extract-2\resources\actas-incremental-content\2026-2027\RTL PRIMERA\G1\1a Fase\jornada_08.html (5 matches, 0 played, partial)
2026-10-02 00:31:01,512 INFO Lleida / RTL PRIMERA / G1 / 1a Fase / J9: future match day, keeping minimal match info from the league page
2026-10-02 00:31:01,527 INFO Lleida / RTL PRIMERA / G1 / 1a Fase / J9: saved C:\git\bcnesa-extract-2\resources\actas-incremental-content\2026-2027\RTL PRIMERA\G1\1a Fase\jornada_09.html (5 matches, 0 played, partial)
2026-10-02 00:31:01,531 INFO Lleida / RTL PRIMERA / G1 / 1a Fase / J10: future match day, keeping minimal match info from the league page
2026-10-02 00:31:01,552 INFO Lleida / RTL PRIMERA / G1 / 1a Fase / J10: saved C:\git\bcnesa-extract-2\resources\actas-incremental-content\2026-2027\RTL PRIMERA\G1\1a Fase\jornada_10.html (5 matches, 0 played, partial)
2026-10-02 00:31:01,559 INFO Lleida / RTL PRIMERA / G1 / 1a Fase / J11: future match day, keeping minimal match info from the league page
2026-10-02 00:31:01,574 INFO Lleida / RTL PRIMERA / G1 / 1a Fase / J11: saved C:\git\bcnesa-extract-2\resources\actas-incremental-content\2026-2027\RTL PRIMERA\G1\1a Fase\jornada_11.html (5 matches, 0 played, partial)
2026-10-02 00:31:01,581 INFO Lleida / RTL PRIMERA / G1 / 1a Fase / J12: future match day, keeping minimal match info from the league page
2026-10-02 00:31:01,593 INFO Lleida / RTL PRIMERA / G1 / 1a Fase / J12: saved C:\git\bcnesa-extract-2\resources\actas-incremental-content\2026-2027\RTL PRIMERA\G1\1a Fase\jornada_12.html (5 matches, 0 played, partial)
2026-10-02 00:31:01,598 INFO Lleida / RTL PRIMERA / G1 / 1a Fase / J13: future match day, keeping minimal match info from the league page
2026-10-02 00:31:01,610 INFO Lleida / RTL PRIMERA / G1 / 1a Fase / J13: saved C:\git\bcnesa-extract-2\resources\actas-incremental-content\2026-2027\RTL PRIMERA\G1\1a Fase\jornada_13.html (5 matches, 0 played, partial)
2026-10-02 00:31:01,615 INFO Lleida / RTL PRIMERA / G1 / 1a Fase / J14: future match day, keeping minimal match info from the league page
2026-10-02 00:31:01,629 INFO Lleida / RTL PRIMERA / G1 / 1a Fase / J14: saved C:\git\bcnesa-extract-2\resources\actas-incremental-content\2026-2027\RTL PRIMERA\G1\1a Fase\jornada_14.html (5 matches, 0 played, partial)
2026-10-02 00:31:01,634 INFO Lleida / RTL PRIMERA / G1 / 1a Fase / J15: future match day, keeping minimal match info from the league page
2026-10-02 00:31:01,647 INFO Lleida / RTL PRIMERA / G1 / 1a Fase / J15: saved C:\git\bcnesa-extract-2\resources\actas-incremental-content\2026-2027\RTL PRIMERA\G1\1a Fase\jornada_15.html (5 matches, 0 played, partial)
2026-10-02 00:31:01,653 INFO Lleida / RTL PRIMERA / G1 / 1a Fase / J16: future match day, keeping minimal match info from the league page
2026-10-02 00:31:01,662 INFO Lleida / RTL PRIMERA / G1 / 1a Fase / J16: saved C:\git\bcnesa-extract-2\resources\actas-incremental-content\2026-2027\RTL PRIMERA\G1\1a Fase\jornada_16.html (5 matches, 0 played, partial)
2026-10-02 00:31:01,666 INFO Lleida / RTL PRIMERA / G1 / 1a Fase / J17: future match day, keeping minimal match info from the league page
2026-10-02 00:31:01,676 INFO Lleida / RTL PRIMERA / G1 / 1a Fase / J17: saved C:\git\bcnesa-extract-2\resources\actas-incremental-content\2026-2027\RTL PRIMERA\G1\1a Fase\jornada_17.html (5 matches, 0 played, partial)
2026-10-02 00:31:01,681 INFO Lleida / RTL PRIMERA / G1 / 1a Fase / J18: future match day, keeping minimal match info from the league page
2026-10-02 00:31:01,698 INFO Lleida / RTL PRIMERA / G1 / 1a Fase / J18: saved C:\git\bcnesa-extract-2\resources\actas-incremental-content\2026-2027\RTL PRIMERA\G1\1a Fase\jornada_18.html (5 matches, 0 played, partial)
2026-10-02 00:31:04,790 INFO Lleida / RTL SEGONA: 22 match day(s) -> C:\git\bcnesa-extract-2\resources\actas-incremental-content\2026-2027\RTL SEGONA\G1\1a Fase
2026-10-02 00:31:09,535 WARNING Attempt 1/4 failed for https://fctt.cat/lligues/segona-provincial-rtl/?jornada=1 (incomplete content: match 11407 game 1 left: player 'ZHYAKOV, SERGII' has no player link (+49 more)); retrying in 2.0s
2026-10-02 00:31:13,879 WARNING Attempt 2/4 failed for https://fctt.cat/lligues/segona-provincial-rtl/?jornada=1 (page without matches (the site returned an empty page)); retrying in 4.1s
2026-10-02 00:31:20,213 WARNING Attempt 3/4 failed for https://fctt.cat/lligues/segona-provincial-rtl/?jornada=1 (page without matches (the site returned an empty page)); retrying in 9.0s
2026-10-02 00:31:34,456 INFO Lleida / RTL SEGONA / G1 / 1a Fase / J1: saved C:\git\bcnesa-extract-2\resources\actas-incremental-content\2026-2027\RTL SEGONA\G1\1a Fase\jornada_01.html (6 matches, 6 played, complete)
2026-10-02 00:31:34,459 INFO Lleida / RTL SEGONA / G1 / 1a Fase / J2: future match day, keeping minimal match info from the league page
2026-10-02 00:31:34,465 INFO Lleida / RTL SEGONA / G1 / 1a Fase / J2: saved C:\git\bcnesa-extract-2\resources\actas-incremental-content\2026-2027\RTL SEGONA\G1\1a Fase\jornada_02.html (6 matches, 0 played, partial)
2026-10-02 00:31:34,467 INFO Lleida / RTL SEGONA / G1 / 1a Fase / J3: future match day, keeping minimal match info from the league page
2026-10-02 00:31:34,478 INFO Lleida / RTL SEGONA / G1 / 1a Fase / J3: saved C:\git\bcnesa-extract-2\resources\actas-incremental-content\2026-2027\RTL SEGONA\G1\1a Fase\jornada_03.html (6 matches, 0 played, partial)
2026-10-02 00:31:34,481 INFO Lleida / RTL SEGONA / G1 / 1a Fase / J4: future match day, keeping minimal match info from the league page
2026-10-02 00:31:34,487 INFO Lleida / RTL SEGONA / G1 / 1a Fase / J4: saved C:\git\bcnesa-extract-2\resources\actas-incremental-content\2026-2027\RTL SEGONA\G1\1a Fase\jornada_04.html (6 matches, 0 played, partial)
2026-10-02 00:31:34,490 INFO Lleida / RTL SEGONA / G1 / 1a Fase / J5: future match day, keeping minimal match info from the league page
2026-10-02 00:31:34,496 INFO Lleida / RTL SEGONA / G1 / 1a Fase / J5: saved C:\git\bcnesa-extract-2\resources\actas-incremental-content\2026-2027\RTL SEGONA\G1\1a Fase\jornada_05.html (6 matches, 0 played, partial)
2026-10-02 00:31:34,499 INFO Lleida / RTL SEGONA / G1 / 1a Fase / J6: future match day, keeping minimal match info from the league page
2026-10-02 00:31:34,505 INFO Lleida / RTL SEGONA / G1 / 1a Fase / J6: saved C:\git\bcnesa-extract-2\resources\actas-incremental-content\2026-2027\RTL SEGONA\G1\1a Fase\jornada_06.html (6 matches, 0 played, partial)
2026-10-02 00:31:34,507 INFO Lleida / RTL SEGONA / G1 / 1a Fase / J7: future match day, keeping minimal match info from the league page
2026-10-02 00:31:34,514 INFO Lleida / RTL SEGONA / G1 / 1a Fase / J7: saved C:\git\bcnesa-extract-2\resources\actas-incremental-content\2026-2027\RTL SEGONA\G1\1a Fase\jornada_07.html (6 matches, 0 played, partial)
2026-10-02 00:31:34,516 INFO Lleida / RTL SEGONA / G1 / 1a Fase / J8: future match day, keeping minimal match info from the league page
2026-10-02 00:31:34,523 INFO Lleida / RTL SEGONA / G1 / 1a Fase / J8: saved C:\git\bcnesa-extract-2\resources\actas-incremental-content\2026-2027\RTL SEGONA\G1\1a Fase\jornada_08.html (6 matches, 0 played, partial)
2026-10-02 00:31:34,526 INFO Lleida / RTL SEGONA / G1 / 1a Fase / J9: future match day, keeping minimal match info from the league page
2026-10-02 00:31:34,533 INFO Lleida / RTL SEGONA / G1 / 1a Fase / J9: saved C:\git\bcnesa-extract-2\resources\actas-incremental-content\2026-2027\RTL SEGONA\G1\1a Fase\jornada_09.html (6 matches, 0 played, partial)
2026-10-02 00:31:34,535 INFO Lleida / RTL SEGONA / G1 / 1a Fase / J10: future match day, keeping minimal match info from the league page
2026-10-02 00:31:34,541 INFO Lleida / RTL SEGONA / G1 / 1a Fase / J10: saved C:\git\bcnesa-extract-2\resources\actas-incremental-content\2026-2027\RTL SEGONA\G1\1a Fase\jornada_10.html (6 matches, 0 played, partial)
2026-10-02 00:31:34,544 INFO Lleida / RTL SEGONA / G1 / 1a Fase / J11: future match day, keeping minimal match info from the league page
2026-10-02 00:31:34,550 INFO Lleida / RTL SEGONA / G1 / 1a Fase / J11: saved C:\git\bcnesa-extract-2\resources\actas-incremental-content\2026-2027\RTL SEGONA\G1\1a Fase\jornada_11.html (6 matches, 0 played, partial)
2026-10-02 00:31:34,553 INFO Lleida / RTL SEGONA / G1 / 1a Fase / J12: future match day, keeping minimal match info from the league page
2026-10-02 00:31:34,559 INFO Lleida / RTL SEGONA / G1 / 1a Fase / J12: saved C:\git\bcnesa-extract-2\resources\actas-incremental-content\2026-2027\RTL SEGONA\G1\1a Fase\jornada_12.html (6 matches, 0 played, partial)
2026-10-02 00:31:34,562 INFO Lleida / RTL SEGONA / G1 / 1a Fase / J13: future match day, keeping minimal match info from the league page
2026-10-02 00:31:34,569 INFO Lleida / RTL SEGONA / G1 / 1a Fase / J13: saved C:\git\bcnesa-extract-2\resources\actas-incremental-content\2026-2027\RTL SEGONA\G1\1a Fase\jornada_13.html (6 matches, 0 played, partial)
2026-10-02 00:31:34,571 INFO Lleida / RTL SEGONA / G1 / 1a Fase / J14: future match day, keeping minimal match info from the league page
2026-10-02 00:31:34,577 INFO Lleida / RTL SEGONA / G1 / 1a Fase / J14: saved C:\git\bcnesa-extract-2\resources\actas-incremental-content\2026-2027\RTL SEGONA\G1\1a Fase\jornada_14.html (6 matches, 0 played, partial)
2026-10-02 00:31:34,580 INFO Lleida / RTL SEGONA / G1 / 1a Fase / J15: future match day, keeping minimal match info from the league page
2026-10-02 00:31:34,586 INFO Lleida / RTL SEGONA / G1 / 1a Fase / J15: saved C:\git\bcnesa-extract-2\resources\actas-incremental-content\2026-2027\RTL SEGONA\G1\1a Fase\jornada_15.html (6 matches, 0 played, partial)
2026-10-02 00:31:34,589 INFO Lleida / RTL SEGONA / G1 / 1a Fase / J16: future match day, keeping minimal match info from the league page
2026-10-02 00:31:34,597 INFO Lleida / RTL SEGONA / G1 / 1a Fase / J16: saved C:\git\bcnesa-extract-2\resources\actas-incremental-content\2026-2027\RTL SEGONA\G1\1a Fase\jornada_16.html (6 matches, 0 played, partial)
2026-10-02 00:31:34,603 INFO Lleida / RTL SEGONA / G1 / 1a Fase / J17: future match day, keeping minimal match info from the league page
2026-10-02 00:31:34,613 INFO Lleida / RTL SEGONA / G1 / 1a Fase / J17: saved C:\git\bcnesa-extract-2\resources\actas-incremental-content\2026-2027\RTL SEGONA\G1\1a Fase\jornada_17.html (6 matches, 0 played, partial)
2026-10-02 00:31:34,619 INFO Lleida / RTL SEGONA / G1 / 1a Fase / J18: future match day, keeping minimal match info from the league page
2026-10-02 00:31:34,626 INFO Lleida / RTL SEGONA / G1 / 1a Fase / J18: saved C:\git\bcnesa-extract-2\resources\actas-incremental-content\2026-2027\RTL SEGONA\G1\1a Fase\jornada_18.html (6 matches, 0 played, partial)
2026-10-02 00:31:34,628 INFO Lleida / RTL SEGONA / G1 / 1a Fase / J19: future match day, keeping minimal match info from the league page
2026-10-02 00:31:34,634 INFO Lleida / RTL SEGONA / G1 / 1a Fase / J19: saved C:\git\bcnesa-extract-2\resources\actas-incremental-content\2026-2027\RTL SEGONA\G1\1a Fase\jornada_19.html (6 matches, 0 played, partial)
2026-10-02 00:31:34,637 INFO Lleida / RTL SEGONA / G1 / 1a Fase / J20: future match day, keeping minimal match info from the league page
2026-10-02 00:31:34,643 INFO Lleida / RTL SEGONA / G1 / 1a Fase / J20: saved C:\git\bcnesa-extract-2\resources\actas-incremental-content\2026-2027\RTL SEGONA\G1\1a Fase\jornada_20.html (6 matches, 0 played, partial)
2026-10-02 00:31:34,646 INFO Lleida / RTL SEGONA / G1 / 1a Fase / J21: future match day, keeping minimal match info from the league page
2026-10-02 00:31:34,652 INFO Lleida / RTL SEGONA / G1 / 1a Fase / J21: saved C:\git\bcnesa-extract-2\resources\actas-incremental-content\2026-2027\RTL SEGONA\G1\1a Fase\jornada_21.html (6 matches, 0 played, partial)
2026-10-02 00:31:34,654 INFO Lleida / RTL SEGONA / G1 / 1a Fase / J22: future match day, keeping minimal match info from the league page
2026-10-02 00:31:34,661 INFO Lleida / RTL SEGONA / G1 / 1a Fase / J22: saved C:\git\bcnesa-extract-2\resources\actas-incremental-content\2026-2027\RTL SEGONA\G1\1a Fase\jornada_22.html (6 matches, 0 played, partial)
2026-10-02 00:31:34,661 INFO Summary: 2 leagues failed, 50 leagues processed, 9 match days failed, 815 match days future, 36 match days new; 98 request(s), 63 retry(ies)
2026-10-02 00:31:34,669 INFO Metrics saved to C:\git\bcnesa-extract-2\metrics\download_actas_content_incremental_metrics.json
2026-10-02 00:32:28,930 INFO Adaptive retries for league pages: 5 (35% of 31 past retries succeeded)
2026-10-02 00:32:28,931 INFO Adaptive retries for jornada pages: 5 (6% of 32 past retries succeeded)
2026-10-02 00:32:28,931 INFO Known problem: league:https://fctt.cat/lligues/rtb-prim-2/: 1/1 failed (1 in a row), last error: page without the expected content (the site returned an empty page)
2026-10-02 00:32:28,931 INFO Known problem: jornada:2026-2027/RTB SEGONA A/G2/1a Fase/J1: 1/1 failed (1 in a row), last error: page without matches (the site returned an empty page)
2026-10-02 00:32:28,931 INFO Known problem: jornada:2026-2027/RTB SEGONA B/G3/1a Fase/J1: 1/1 failed (1 in a row), last error: page without matches (the site returned an empty page)
2026-10-02 00:32:28,931 INFO Known problem: jornada:2026-2027/RTB TERCERA A/G3/1a Fase/J1: 1/1 failed (1 in a row), last error: page without matches (the site returned an empty page)
2026-10-02 00:32:28,931 INFO Known problem: jornada:2026-2027/RTB 1a COMARCAL/G2/1a Fase/J1: 1/1 failed (1 in a row), last error: page without matches (the site returned an empty page)
2026-10-02 00:32:28,931 INFO Known problem: 2026-2027/RTB SEGONA A/G2/1a Fase/J1: 1 failed, 0 incomplete, 3 retries; last: failed
2026-10-02 00:32:28,931 INFO Known problem: 2026-2027/RTB SEGONA B/G3/1a Fase/J1: 1 failed, 0 incomplete, 3 retries; last: failed
2026-10-02 00:32:28,931 INFO Known problem: 2026-2027/RTB TERCERA A/G3/1a Fase/J1: 1 failed, 0 incomplete, 3 retries; last: failed
2026-10-02 00:32:28,931 INFO Known problem: 2026-2027/RTB 1a COMARCAL/G2/1a Fase/J1: 1 failed, 0 incomplete, 3 retries; last: failed
2026-10-02 00:32:28,931 INFO Known problem: 2026-2027/RTB VETERANS 2aA/G2/1a Fase/J1: 1 failed, 0 incomplete, 3 retries; last: failed
2026-10-02 00:32:28,932 INFO Downloading actas content for season 2026-2027 (format=both, skip_pdf=True, force=False)
2026-10-02 00:32:33,711 INFO Found 52 league(s) to process
2026-10-02 00:32:36,689 INFO Barcelona / RTB PREFERENT G1: 18 match day(s) -> C:\git\bcnesa-extract-2\resources\actas-incremental-content\2026-2027\RTB PREFERENT\G1\1a Fase
2026-10-02 00:32:36,722 INFO Barcelona / RTB PREFERENT / G1 / 1a Fase / J1: complete, skipped
2026-10-02 00:32:36,727 INFO Barcelona / RTB PREFERENT / G1 / 1a Fase / J2: future match day, keeping minimal match info from the league page
2026-10-02 00:32:36,732 INFO Barcelona / RTB PREFERENT / G1 / 1a Fase / J2: unchanged (5 matches, 0 played)
2026-10-02 00:32:36,736 INFO Barcelona / RTB PREFERENT / G1 / 1a Fase / J3: future match day, keeping minimal match info from the league page
2026-10-02 00:32:36,740 INFO Barcelona / RTB PREFERENT / G1 / 1a Fase / J3: unchanged (5 matches, 0 played)
2026-10-02 00:32:36,745 INFO Barcelona / RTB PREFERENT / G1 / 1a Fase / J4: future match day, keeping minimal match info from the league page
2026-10-02 00:32:36,749 INFO Barcelona / RTB PREFERENT / G1 / 1a Fase / J4: unchanged (5 matches, 0 played)
2026-10-02 00:32:36,754 INFO Barcelona / RTB PREFERENT / G1 / 1a Fase / J5: future match day, keeping minimal match info from the league page
2026-10-02 00:32:36,758 INFO Barcelona / RTB PREFERENT / G1 / 1a Fase / J5: unchanged (5 matches, 0 played)
2026-10-02 00:32:36,763 INFO Barcelona / RTB PREFERENT / G1 / 1a Fase / J6: future match day, keeping minimal match info from the league page
2026-10-02 00:32:36,767 INFO Barcelona / RTB PREFERENT / G1 / 1a Fase / J6: unchanged (5 matches, 0 played)
2026-10-02 00:32:36,772 INFO Barcelona / RTB PREFERENT / G1 / 1a Fase / J7: future match day, keeping minimal match info from the league page
2026-10-02 00:32:36,776 INFO Barcelona / RTB PREFERENT / G1 / 1a Fase / J7: unchanged (5 matches, 0 played)
2026-10-02 00:32:36,781 INFO Barcelona / RTB PREFERENT / G1 / 1a Fase / J8: future match day, keeping minimal match info from the league page
2026-10-02 00:32:36,784 INFO Barcelona / RTB PREFERENT / G1 / 1a Fase / J8: unchanged (5 matches, 0 played)
2026-10-02 00:32:36,789 INFO Barcelona / RTB PREFERENT / G1 / 1a Fase / J9: future match day, keeping minimal match info from the league page
2026-10-02 00:32:36,795 INFO Barcelona / RTB PREFERENT / G1 / 1a Fase / J9: unchanged (5 matches, 0 played)
2026-10-02 00:32:36,799 INFO Barcelona / RTB PREFERENT / G1 / 1a Fase / J10: future match day, keeping minimal match info from the league page
2026-10-02 00:32:36,803 INFO Barcelona / RTB PREFERENT / G1 / 1a Fase / J10: unchanged (5 matches, 0 played)
2026-10-02 00:32:36,810 INFO Barcelona / RTB PREFERENT / G1 / 1a Fase / J11: future match day, keeping minimal match info from the league page
2026-10-02 00:32:36,814 INFO Barcelona / RTB PREFERENT / G1 / 1a Fase / J11: unchanged (5 matches, 0 played)
2026-10-02 00:32:36,818 INFO Barcelona / RTB PREFERENT / G1 / 1a Fase / J12: future match day, keeping minimal match info from the league page
2026-10-02 00:32:36,822 INFO Barcelona / RTB PREFERENT / G1 / 1a Fase / J12: unchanged (5 matches, 0 played)
2026-10-02 00:32:36,829 INFO Barcelona / RTB PREFERENT / G1 / 1a Fase / J13: future match day, keeping minimal match info from the league page
2026-10-02 00:32:36,833 INFO Barcelona / RTB PREFERENT / G1 / 1a Fase / J13: unchanged (5 matches, 0 played)
2026-10-02 00:32:36,838 INFO Barcelona / RTB PREFERENT / G1 / 1a Fase / J14: future match day, keeping minimal match info from the league page
2026-10-02 00:32:36,842 INFO Barcelona / RTB PREFERENT / G1 / 1a Fase / J14: unchanged (5 matches, 0 played)
2026-10-02 00:32:36,847 INFO Barcelona / RTB PREFERENT / G1 / 1a Fase / J15: future match day, keeping minimal match info from the league page
2026-10-02 00:32:36,851 INFO Barcelona / RTB PREFERENT / G1 / 1a Fase / J15: unchanged (5 matches, 0 played)
2026-10-02 00:32:36,855 INFO Barcelona / RTB PREFERENT / G1 / 1a Fase / J16: future match day, keeping minimal match info from the league page
2026-10-02 00:32:36,859 INFO Barcelona / RTB PREFERENT / G1 / 1a Fase / J16: unchanged (5 matches, 0 played)
2026-10-02 00:32:36,864 INFO Barcelona / RTB PREFERENT / G1 / 1a Fase / J17: future match day, keeping minimal match info from the league page
2026-10-02 00:32:36,868 INFO Barcelona / RTB PREFERENT / G1 / 1a Fase / J17: unchanged (5 matches, 0 played)
2026-10-02 00:32:36,872 INFO Barcelona / RTB PREFERENT / G1 / 1a Fase / J18: future match day, keeping minimal match info from the league page
2026-10-02 00:32:36,876 INFO Barcelona / RTB PREFERENT / G1 / 1a Fase / J18: unchanged (5 matches, 0 played)
2026-10-02 00:32:39,630 INFO Barcelona / RTB PREFERENT G2: 18 match day(s) -> C:\git\bcnesa-extract-2\resources\actas-incremental-content\2026-2027\RTB PREFERENT\G2\1a Fase
2026-10-02 00:32:39,661 INFO Barcelona / RTB PREFERENT / G2 / 1a Fase / J1: complete, skipped
2026-10-02 00:32:39,666 INFO Barcelona / RTB PREFERENT / G2 / 1a Fase / J2: future match day, keeping minimal match info from the league page
2026-10-02 00:32:39,670 INFO Barcelona / RTB PREFERENT / G2 / 1a Fase / J2: unchanged (5 matches, 0 played)
2026-10-02 00:32:39,675 INFO Barcelona / RTB PREFERENT / G2 / 1a Fase / J3: future match day, keeping minimal match info from the league page
2026-10-02 00:32:39,679 INFO Barcelona / RTB PREFERENT / G2 / 1a Fase / J3: unchanged (5 matches, 0 played)
2026-10-02 00:32:39,684 INFO Barcelona / RTB PREFERENT / G2 / 1a Fase / J4: future match day, keeping minimal match info from the league page
2026-10-02 00:32:39,693 INFO Barcelona / RTB PREFERENT / G2 / 1a Fase / J4: unchanged (5 matches, 0 played)
2026-10-02 00:32:39,699 INFO Barcelona / RTB PREFERENT / G2 / 1a Fase / J5: future match day, keeping minimal match info from the league page
2026-10-02 00:32:39,703 INFO Barcelona / RTB PREFERENT / G2 / 1a Fase / J5: unchanged (5 matches, 0 played)
2026-10-02 00:32:39,707 INFO Barcelona / RTB PREFERENT / G2 / 1a Fase / J6: future match day, keeping minimal match info from the league page
2026-10-02 00:32:39,712 INFO Barcelona / RTB PREFERENT / G2 / 1a Fase / J6: unchanged (5 matches, 0 played)
2026-10-02 00:32:39,716 INFO Barcelona / RTB PREFERENT / G2 / 1a Fase / J7: future match day, keeping minimal match info from the league page
2026-10-02 00:32:39,720 INFO Barcelona / RTB PREFERENT / G2 / 1a Fase / J7: unchanged (5 matches, 0 played)
2026-10-02 00:32:39,725 INFO Barcelona / RTB PREFERENT / G2 / 1a Fase / J8: future match day, keeping minimal match info from the league page
2026-10-02 00:32:39,729 INFO Barcelona / RTB PREFERENT / G2 / 1a Fase / J8: unchanged (5 matches, 0 played)
2026-10-02 00:32:39,735 INFO Barcelona / RTB PREFERENT / G2 / 1a Fase / J9: future match day, keeping minimal match info from the league page
2026-10-02 00:32:39,742 INFO Barcelona / RTB PREFERENT / G2 / 1a Fase / J9: unchanged (5 matches, 0 played)
2026-10-02 00:32:39,748 INFO Barcelona / RTB PREFERENT / G2 / 1a Fase / J10: future match day, keeping minimal match info from the league page
2026-10-02 00:32:39,752 INFO Barcelona / RTB PREFERENT / G2 / 1a Fase / J10: unchanged (5 matches, 0 played)
2026-10-02 00:32:39,757 INFO Barcelona / RTB PREFERENT / G2 / 1a Fase / J11: future match day, keeping minimal match info from the league page
2026-10-02 00:32:39,762 INFO Barcelona / RTB PREFERENT / G2 / 1a Fase / J11: unchanged (5 matches, 0 played)
2026-10-02 00:32:39,768 INFO Barcelona / RTB PREFERENT / G2 / 1a Fase / J12: future match day, keeping minimal match info from the league page
2026-10-02 00:32:39,772 INFO Barcelona / RTB PREFERENT / G2 / 1a Fase / J12: unchanged (5 matches, 0 played)
2026-10-02 00:32:39,777 INFO Barcelona / RTB PREFERENT / G2 / 1a Fase / J13: future match day, keeping minimal match info from the league page
2026-10-02 00:32:39,781 INFO Barcelona / RTB PREFERENT / G2 / 1a Fase / J13: unchanged (5 matches, 0 played)
2026-10-02 00:32:39,787 INFO Barcelona / RTB PREFERENT / G2 / 1a Fase / J14: future match day, keeping minimal match info from the league page
2026-10-02 00:32:39,792 INFO Barcelona / RTB PREFERENT / G2 / 1a Fase / J14: unchanged (5 matches, 0 played)
2026-10-02 00:32:39,797 INFO Barcelona / RTB PREFERENT / G2 / 1a Fase / J15: future match day, keeping minimal match info from the league page
2026-10-02 00:32:39,802 INFO Barcelona / RTB PREFERENT / G2 / 1a Fase / J15: unchanged (5 matches, 0 played)
2026-10-02 00:32:39,807 INFO Barcelona / RTB PREFERENT / G2 / 1a Fase / J16: future match day, keeping minimal match info from the league page
2026-10-02 00:32:39,811 INFO Barcelona / RTB PREFERENT / G2 / 1a Fase / J16: unchanged (5 matches, 0 played)
2026-10-02 00:32:39,816 INFO Barcelona / RTB PREFERENT / G2 / 1a Fase / J17: future match day, keeping minimal match info from the league page
2026-10-02 00:32:39,820 INFO Barcelona / RTB PREFERENT / G2 / 1a Fase / J17: unchanged (5 matches, 0 played)
2026-10-02 00:32:39,826 INFO Barcelona / RTB PREFERENT / G2 / 1a Fase / J18: future match day, keeping minimal match info from the league page
2026-10-02 00:32:39,831 INFO Barcelona / RTB PREFERENT / G2 / 1a Fase / J18: unchanged (5 matches, 0 played)
2026-10-02 00:32:43,203 INFO Barcelona / RTB PREFERENT G3: 18 match day(s) -> C:\git\bcnesa-extract-2\resources\actas-incremental-content\2026-2027\RTB PREFERENT\G3\1a Fase
2026-10-02 00:32:43,237 INFO Barcelona / RTB PREFERENT / G3 / 1a Fase / J1: complete, skipped
2026-10-02 00:32:43,242 INFO Barcelona / RTB PREFERENT / G3 / 1a Fase / J2: future match day, keeping minimal match info from the league page
2026-10-02 00:32:43,246 INFO Barcelona / RTB PREFERENT / G3 / 1a Fase / J2: unchanged (5 matches, 0 played)
2026-10-02 00:32:43,251 INFO Barcelona / RTB PREFERENT / G3 / 1a Fase / J3: future match day, keeping minimal match info from the league page
2026-10-02 00:32:43,255 INFO Barcelona / RTB PREFERENT / G3 / 1a Fase / J3: unchanged (5 matches, 0 played)
2026-10-02 00:32:43,260 INFO Barcelona / RTB PREFERENT / G3 / 1a Fase / J4: future match day, keeping minimal match info from the league page
2026-10-02 00:32:43,264 INFO Barcelona / RTB PREFERENT / G3 / 1a Fase / J4: unchanged (5 matches, 0 played)
2026-10-02 00:32:43,269 INFO Barcelona / RTB PREFERENT / G3 / 1a Fase / J5: future match day, keeping minimal match info from the league page
2026-10-02 00:32:43,273 INFO Barcelona / RTB PREFERENT / G3 / 1a Fase / J5: unchanged (5 matches, 0 played)
2026-10-02 00:32:43,277 INFO Barcelona / RTB PREFERENT / G3 / 1a Fase / J6: future match day, keeping minimal match info from the league page
2026-10-02 00:32:43,281 INFO Barcelona / RTB PREFERENT / G3 / 1a Fase / J6: unchanged (5 matches, 0 played)
2026-10-02 00:32:43,286 INFO Barcelona / RTB PREFERENT / G3 / 1a Fase / J7: future match day, keeping minimal match info from the league page
2026-10-02 00:32:43,290 INFO Barcelona / RTB PREFERENT / G3 / 1a Fase / J7: unchanged (5 matches, 0 played)
2026-10-02 00:32:43,295 INFO Barcelona / RTB PREFERENT / G3 / 1a Fase / J8: future match day, keeping minimal match info from the league page
2026-10-02 00:32:43,299 INFO Barcelona / RTB PREFERENT / G3 / 1a Fase / J8: unchanged (5 matches, 0 played)
2026-10-02 00:32:43,304 INFO Barcelona / RTB PREFERENT / G3 / 1a Fase / J9: future match day, keeping minimal match info from the league page
2026-10-02 00:32:43,307 INFO Barcelona / RTB PREFERENT / G3 / 1a Fase / J9: unchanged (5 matches, 0 played)
2026-10-02 00:32:43,312 INFO Barcelona / RTB PREFERENT / G3 / 1a Fase / J10: future match day, keeping minimal match info from the league page
2026-10-02 00:32:43,316 INFO Barcelona / RTB PREFERENT / G3 / 1a Fase / J10: unchanged (5 matches, 0 played)
2026-10-02 00:32:43,321 INFO Barcelona / RTB PREFERENT / G3 / 1a Fase / J11: future match day, keeping minimal match info from the league page
2026-10-02 00:32:43,325 INFO Barcelona / RTB PREFERENT / G3 / 1a Fase / J11: unchanged (5 matches, 0 played)
2026-10-02 00:32:43,330 INFO Barcelona / RTB PREFERENT / G3 / 1a Fase / J12: future match day, keeping minimal match info from the league page
2026-10-02 00:32:43,334 INFO Barcelona / RTB PREFERENT / G3 / 1a Fase / J12: unchanged (5 matches, 0 played)
2026-10-02 00:32:43,339 INFO Barcelona / RTB PREFERENT / G3 / 1a Fase / J13: future match day, keeping minimal match info from the league page
2026-10-02 00:32:43,343 INFO Barcelona / RTB PREFERENT / G3 / 1a Fase / J13: unchanged (5 matches, 0 played)
2026-10-02 00:32:43,348 INFO Barcelona / RTB PREFERENT / G3 / 1a Fase / J14: future match day, keeping minimal match info from the league page
2026-10-02 00:32:43,351 INFO Barcelona / RTB PREFERENT / G3 / 1a Fase / J14: unchanged (5 matches, 0 played)
2026-10-02 00:32:43,356 INFO Barcelona / RTB PREFERENT / G3 / 1a Fase / J15: future match day, keeping minimal match info from the league page
2026-10-02 00:32:43,360 INFO Barcelona / RTB PREFERENT / G3 / 1a Fase / J15: unchanged (5 matches, 0 played)
2026-10-02 00:32:43,366 INFO Barcelona / RTB PREFERENT / G3 / 1a Fase / J16: future match day, keeping minimal match info from the league page
2026-10-02 00:32:43,369 INFO Barcelona / RTB PREFERENT / G3 / 1a Fase / J16: unchanged (5 matches, 0 played)
2026-10-02 00:32:43,374 INFO Barcelona / RTB PREFERENT / G3 / 1a Fase / J17: future match day, keeping minimal match info from the league page
2026-10-02 00:32:43,378 INFO Barcelona / RTB PREFERENT / G3 / 1a Fase / J17: unchanged (5 matches, 0 played)
2026-10-02 00:32:43,383 INFO Barcelona / RTB PREFERENT / G3 / 1a Fase / J18: future match day, keeping minimal match info from the league page
2026-10-02 00:32:43,387 INFO Barcelona / RTB PREFERENT / G3 / 1a Fase / J18: unchanged (5 matches, 0 played)
2026-10-02 00:32:46,147 INFO Barcelona / RTB PRIMERA G1: 18 match day(s) -> C:\git\bcnesa-extract-2\resources\actas-incremental-content\2026-2027\RTB PRIMERA\G1\1a Fase
2026-10-02 00:32:46,181 INFO Barcelona / RTB PRIMERA / G1 / 1a Fase / J1: complete, skipped
2026-10-02 00:32:46,186 INFO Barcelona / RTB PRIMERA / G1 / 1a Fase / J2: future match day, keeping minimal match info from the league page
2026-10-02 00:32:46,190 INFO Barcelona / RTB PRIMERA / G1 / 1a Fase / J2: unchanged (5 matches, 0 played)
2026-10-02 00:32:46,195 INFO Barcelona / RTB PRIMERA / G1 / 1a Fase / J3: future match day, keeping minimal match info from the league page
2026-10-02 00:32:46,198 INFO Barcelona / RTB PRIMERA / G1 / 1a Fase / J3: unchanged (5 matches, 0 played)
2026-10-02 00:32:46,203 INFO Barcelona / RTB PRIMERA / G1 / 1a Fase / J4: future match day, keeping minimal match info from the league page
2026-10-02 00:32:46,207 INFO Barcelona / RTB PRIMERA / G1 / 1a Fase / J4: unchanged (5 matches, 0 played)
2026-10-02 00:32:46,212 INFO Barcelona / RTB PRIMERA / G1 / 1a Fase / J5: future match day, keeping minimal match info from the league page
2026-10-02 00:32:46,216 INFO Barcelona / RTB PRIMERA / G1 / 1a Fase / J5: unchanged (5 matches, 0 played)
2026-10-02 00:32:46,222 INFO Barcelona / RTB PRIMERA / G1 / 1a Fase / J6: future match day, keeping minimal match info from the league page
2026-10-02 00:32:46,226 INFO Barcelona / RTB PRIMERA / G1 / 1a Fase / J6: unchanged (5 matches, 0 played)
2026-10-02 00:32:46,232 INFO Barcelona / RTB PRIMERA / G1 / 1a Fase / J7: future match day, keeping minimal match info from the league page
2026-10-02 00:32:46,236 INFO Barcelona / RTB PRIMERA / G1 / 1a Fase / J7: unchanged (5 matches, 0 played)
2026-10-02 00:32:46,241 INFO Barcelona / RTB PRIMERA / G1 / 1a Fase / J8: future match day, keeping minimal match info from the league page
2026-10-02 00:32:46,244 INFO Barcelona / RTB PRIMERA / G1 / 1a Fase / J8: unchanged (5 matches, 0 played)
2026-10-02 00:32:46,250 INFO Barcelona / RTB PRIMERA / G1 / 1a Fase / J9: future match day, keeping minimal match info from the league page
2026-10-02 00:32:46,253 INFO Barcelona / RTB PRIMERA / G1 / 1a Fase / J9: unchanged (5 matches, 0 played)
2026-10-02 00:32:46,258 INFO Barcelona / RTB PRIMERA / G1 / 1a Fase / J10: future match day, keeping minimal match info from the league page
2026-10-02 00:32:46,262 INFO Barcelona / RTB PRIMERA / G1 / 1a Fase / J10: unchanged (5 matches, 0 played)
2026-10-02 00:32:46,267 INFO Barcelona / RTB PRIMERA / G1 / 1a Fase / J11: future match day, keeping minimal match info from the league page
2026-10-02 00:32:46,271 INFO Barcelona / RTB PRIMERA / G1 / 1a Fase / J11: unchanged (5 matches, 0 played)
2026-10-02 00:32:46,275 INFO Barcelona / RTB PRIMERA / G1 / 1a Fase / J12: future match day, keeping minimal match info from the league page
2026-10-02 00:32:46,279 INFO Barcelona / RTB PRIMERA / G1 / 1a Fase / J12: unchanged (5 matches, 0 played)
2026-10-02 00:32:46,284 INFO Barcelona / RTB PRIMERA / G1 / 1a Fase / J13: future match day, keeping minimal match info from the league page
2026-10-02 00:32:46,288 INFO Barcelona / RTB PRIMERA / G1 / 1a Fase / J13: unchanged (5 matches, 0 played)
2026-10-02 00:32:46,293 INFO Barcelona / RTB PRIMERA / G1 / 1a Fase / J14: future match day, keeping minimal match info from the league page
2026-10-02 00:32:46,297 INFO Barcelona / RTB PRIMERA / G1 / 1a Fase / J14: unchanged (5 matches, 0 played)
2026-10-02 00:32:46,301 INFO Barcelona / RTB PRIMERA / G1 / 1a Fase / J15: future match day, keeping minimal match info from the league page
2026-10-02 00:32:46,305 INFO Barcelona / RTB PRIMERA / G1 / 1a Fase / J15: unchanged (5 matches, 0 played)
2026-10-02 00:32:46,310 INFO Barcelona / RTB PRIMERA / G1 / 1a Fase / J16: future match day, keeping minimal match info from the league page
2026-10-02 00:32:46,314 INFO Barcelona / RTB PRIMERA / G1 / 1a Fase / J16: unchanged (5 matches, 0 played)
2026-10-02 00:32:46,319 INFO Barcelona / RTB PRIMERA / G1 / 1a Fase / J17: future match day, keeping minimal match info from the league page
2026-10-02 00:32:46,322 INFO Barcelona / RTB PRIMERA / G1 / 1a Fase / J17: unchanged (5 matches, 0 played)
2026-10-02 00:32:46,328 INFO Barcelona / RTB PRIMERA / G1 / 1a Fase / J18: future match day, keeping minimal match info from the league page
2026-10-02 00:32:46,331 INFO Barcelona / RTB PRIMERA / G1 / 1a Fase / J18: unchanged (5 matches, 0 played)
2026-10-02 00:32:49,257 INFO Barcelona / RTB PRIMERA G2: 18 match day(s) -> C:\git\bcnesa-extract-2\resources\actas-incremental-content\2026-2027\RTB PRIMERA\G2\1a Fase
2026-10-02 00:32:53,691 INFO Barcelona / RTB PRIMERA / G2 / 1a Fase / J1: saved C:\git\bcnesa-extract-2\resources\actas-incremental-content\2026-2027\RTB PRIMERA\G2\1a Fase\jornada_01.html (5 matches, 5 played, complete)
2026-10-02 00:32:53,693 INFO Barcelona / RTB PRIMERA / G2 / 1a Fase / J2: future match day, keeping minimal match info from the league page
2026-10-02 00:32:53,700 INFO Barcelona / RTB PRIMERA / G2 / 1a Fase / J2: saved C:\git\bcnesa-extract-2\resources\actas-incremental-content\2026-2027\RTB PRIMERA\G2\1a Fase\jornada_02.html (5 matches, 0 played, partial)
2026-10-02 00:32:53,702 INFO Barcelona / RTB PRIMERA / G2 / 1a Fase / J3: future match day, keeping minimal match info from the league page
2026-10-02 00:32:53,708 INFO Barcelona / RTB PRIMERA / G2 / 1a Fase / J3: saved C:\git\bcnesa-extract-2\resources\actas-incremental-content\2026-2027\RTB PRIMERA\G2\1a Fase\jornada_03.html (5 matches, 0 played, partial)
2026-10-02 00:32:53,710 INFO Barcelona / RTB PRIMERA / G2 / 1a Fase / J4: future match day, keeping minimal match info from the league page
2026-10-02 00:32:53,716 INFO Barcelona / RTB PRIMERA / G2 / 1a Fase / J4: saved C:\git\bcnesa-extract-2\resources\actas-incremental-content\2026-2027\RTB PRIMERA\G2\1a Fase\jornada_04.html (5 matches, 0 played, partial)
2026-10-02 00:32:53,719 INFO Barcelona / RTB PRIMERA / G2 / 1a Fase / J5: future match day, keeping minimal match info from the league page
2026-10-02 00:32:53,724 INFO Barcelona / RTB PRIMERA / G2 / 1a Fase / J5: saved C:\git\bcnesa-extract-2\resources\actas-incremental-content\2026-2027\RTB PRIMERA\G2\1a Fase\jornada_05.html (5 matches, 0 played, partial)
2026-10-02 00:32:53,727 INFO Barcelona / RTB PRIMERA / G2 / 1a Fase / J6: future match day, keeping minimal match info from the league page
2026-10-02 00:32:53,733 INFO Barcelona / RTB PRIMERA / G2 / 1a Fase / J6: saved C:\git\bcnesa-extract-2\resources\actas-incremental-content\2026-2027\RTB PRIMERA\G2\1a Fase\jornada_06.html (5 matches, 0 played, partial)
2026-10-02 00:32:53,735 INFO Barcelona / RTB PRIMERA / G2 / 1a Fase / J7: future match day, keeping minimal match info from the league page
2026-10-02 00:32:53,741 INFO Barcelona / RTB PRIMERA / G2 / 1a Fase / J7: saved C:\git\bcnesa-extract-2\resources\actas-incremental-content\2026-2027\RTB PRIMERA\G2\1a Fase\jornada_07.html (5 matches, 0 played, partial)
2026-10-02 00:32:53,743 INFO Barcelona / RTB PRIMERA / G2 / 1a Fase / J8: future match day, keeping minimal match info from the league page
2026-10-02 00:32:53,749 INFO Barcelona / RTB PRIMERA / G2 / 1a Fase / J8: saved C:\git\bcnesa-extract-2\resources\actas-incremental-content\2026-2027\RTB PRIMERA\G2\1a Fase\jornada_08.html (5 matches, 0 played, partial)
2026-10-02 00:32:53,751 INFO Barcelona / RTB PRIMERA / G2 / 1a Fase / J9: future match day, keeping minimal match info from the league page
2026-10-02 00:32:53,757 INFO Barcelona / RTB PRIMERA / G2 / 1a Fase / J9: saved C:\git\bcnesa-extract-2\resources\actas-incremental-content\2026-2027\RTB PRIMERA\G2\1a Fase\jornada_09.html (5 matches, 0 played, partial)
2026-10-02 00:32:53,759 INFO Barcelona / RTB PRIMERA / G2 / 1a Fase / J10: future match day, keeping minimal match info from the league page
2026-10-02 00:32:53,766 INFO Barcelona / RTB PRIMERA / G2 / 1a Fase / J10: saved C:\git\bcnesa-extract-2\resources\actas-incremental-content\2026-2027\RTB PRIMERA\G2\1a Fase\jornada_10.html (5 matches, 0 played, partial)
2026-10-02 00:32:53,768 INFO Barcelona / RTB PRIMERA / G2 / 1a Fase / J11: future match day, keeping minimal match info from the league page
2026-10-02 00:32:53,774 INFO Barcelona / RTB PRIMERA / G2 / 1a Fase / J11: saved C:\git\bcnesa-extract-2\resources\actas-incremental-content\2026-2027\RTB PRIMERA\G2\1a Fase\jornada_11.html (5 matches, 0 played, partial)
2026-10-02 00:32:53,776 INFO Barcelona / RTB PRIMERA / G2 / 1a Fase / J12: future match day, keeping minimal match info from the league page
2026-10-02 00:32:53,781 INFO Barcelona / RTB PRIMERA / G2 / 1a Fase / J12: saved C:\git\bcnesa-extract-2\resources\actas-incremental-content\2026-2027\RTB PRIMERA\G2\1a Fase\jornada_12.html (5 matches, 0 played, partial)
2026-10-02 00:32:53,784 INFO Barcelona / RTB PRIMERA / G2 / 1a Fase / J13: future match day, keeping minimal match info from the league page
2026-10-02 00:32:53,790 INFO Barcelona / RTB PRIMERA / G2 / 1a Fase / J13: saved C:\git\bcnesa-extract-2\resources\actas-incremental-content\2026-2027\RTB PRIMERA\G2\1a Fase\jornada_13.html (5 matches, 0 played, partial)
2026-10-02 00:32:53,792 INFO Barcelona / RTB PRIMERA / G2 / 1a Fase / J14: future match day, keeping minimal match info from the league page
2026-10-02 00:32:53,798 INFO Barcelona / RTB PRIMERA / G2 / 1a Fase / J14: saved C:\git\bcnesa-extract-2\resources\actas-incremental-content\2026-2027\RTB PRIMERA\G2\1a Fase\jornada_14.html (5 matches, 0 played, partial)
2026-10-02 00:32:53,800 INFO Barcelona / RTB PRIMERA / G2 / 1a Fase / J15: future match day, keeping minimal match info from the league page
2026-10-02 00:32:53,806 INFO Barcelona / RTB PRIMERA / G2 / 1a Fase / J15: saved C:\git\bcnesa-extract-2\resources\actas-incremental-content\2026-2027\RTB PRIMERA\G2\1a Fase\jornada_15.html (5 matches, 0 played, partial)
2026-10-02 00:32:53,808 INFO Barcelona / RTB PRIMERA / G2 / 1a Fase / J16: future match day, keeping minimal match info from the league page
2026-10-02 00:32:53,814 INFO Barcelona / RTB PRIMERA / G2 / 1a Fase / J16: saved C:\git\bcnesa-extract-2\resources\actas-incremental-content\2026-2027\RTB PRIMERA\G2\1a Fase\jornada_16.html (5 matches, 0 played, partial)
2026-10-02 00:32:53,816 INFO Barcelona / RTB PRIMERA / G2 / 1a Fase / J17: future match day, keeping minimal match info from the league page
2026-10-02 00:32:53,822 INFO Barcelona / RTB PRIMERA / G2 / 1a Fase / J17: saved C:\git\bcnesa-extract-2\resources\actas-incremental-content\2026-2027\RTB PRIMERA\G2\1a Fase\jornada_17.html (5 matches, 0 played, partial)
2026-10-02 00:32:53,824 INFO Barcelona / RTB PRIMERA / G2 / 1a Fase / J18: future match day, keeping minimal match info from the league page
2026-10-02 00:32:53,830 INFO Barcelona / RTB PRIMERA / G2 / 1a Fase / J18: saved C:\git\bcnesa-extract-2\resources\actas-incremental-content\2026-2027\RTB PRIMERA\G2\1a Fase\jornada_18.html (5 matches, 0 played, partial)
2026-10-02 00:32:56,562 INFO Barcelona / RTB PRIMERA G3: 18 match day(s) -> C:\git\bcnesa-extract-2\resources\actas-incremental-content\2026-2027\RTB PRIMERA\G3\1a Fase
2026-10-02 00:32:56,592 INFO Barcelona / RTB PRIMERA / G3 / 1a Fase / J1: complete, skipped
2026-10-02 00:32:56,597 INFO Barcelona / RTB PRIMERA / G3 / 1a Fase / J2: future match day, keeping minimal match info from the league page
2026-10-02 00:32:56,601 INFO Barcelona / RTB PRIMERA / G3 / 1a Fase / J2: unchanged (5 matches, 0 played)
2026-10-02 00:32:56,606 INFO Barcelona / RTB PRIMERA / G3 / 1a Fase / J3: future match day, keeping minimal match info from the league page
2026-10-02 00:32:56,610 INFO Barcelona / RTB PRIMERA / G3 / 1a Fase / J3: unchanged (5 matches, 0 played)
2026-10-02 00:32:56,615 INFO Barcelona / RTB PRIMERA / G3 / 1a Fase / J4: future match day, keeping minimal match info from the league page
2026-10-02 00:32:56,619 INFO Barcelona / RTB PRIMERA / G3 / 1a Fase / J4: unchanged (5 matches, 0 played)
2026-10-02 00:32:56,624 INFO Barcelona / RTB PRIMERA / G3 / 1a Fase / J5: future match day, keeping minimal match info from the league page
2026-10-02 00:32:56,629 INFO Barcelona / RTB PRIMERA / G3 / 1a Fase / J5: unchanged (5 matches, 0 played)
2026-10-02 00:32:56,633 INFO Barcelona / RTB PRIMERA / G3 / 1a Fase / J6: future match day, keeping minimal match info from the league page
2026-10-02 00:32:56,637 INFO Barcelona / RTB PRIMERA / G3 / 1a Fase / J6: unchanged (5 matches, 0 played)
2026-10-02 00:32:56,642 INFO Barcelona / RTB PRIMERA / G3 / 1a Fase / J7: future match day, keeping minimal match info from the league page
2026-10-02 00:32:56,646 INFO Barcelona / RTB PRIMERA / G3 / 1a Fase / J7: unchanged (5 matches, 0 played)
2026-10-02 00:32:56,651 INFO Barcelona / RTB PRIMERA / G3 / 1a Fase / J8: future match day, keeping minimal match info from the league page
2026-10-02 00:32:56,655 INFO Barcelona / RTB PRIMERA / G3 / 1a Fase / J8: unchanged (5 matches, 0 played)
2026-10-02 00:32:56,660 INFO Barcelona / RTB PRIMERA / G3 / 1a Fase / J9: future match day, keeping minimal match info from the league page
2026-10-02 00:32:56,664 INFO Barcelona / RTB PRIMERA / G3 / 1a Fase / J9: unchanged (5 matches, 0 played)
2026-10-02 00:32:56,669 INFO Barcelona / RTB PRIMERA / G3 / 1a Fase / J10: future match day, keeping minimal match info from the league page
2026-10-02 00:32:56,673 INFO Barcelona / RTB PRIMERA / G3 / 1a Fase / J10: unchanged (5 matches, 0 played)
2026-10-02 00:32:56,680 INFO Barcelona / RTB PRIMERA / G3 / 1a Fase / J11: future match day, keeping minimal match info from the league page
2026-10-02 00:32:56,686 INFO Barcelona / RTB PRIMERA / G3 / 1a Fase / J11: unchanged (5 matches, 0 played)
2026-10-02 00:32:56,692 INFO Barcelona / RTB PRIMERA / G3 / 1a Fase / J12: future match day, keeping minimal match info from the league page
2026-10-02 00:32:56,697 INFO Barcelona / RTB PRIMERA / G3 / 1a Fase / J12: unchanged (5 matches, 0 played)
2026-10-02 00:32:56,702 INFO Barcelona / RTB PRIMERA / G3 / 1a Fase / J13: future match day, keeping minimal match info from the league page
2026-10-02 00:32:56,706 INFO Barcelona / RTB PRIMERA / G3 / 1a Fase / J13: unchanged (5 matches, 0 played)
2026-10-02 00:32:56,711 INFO Barcelona / RTB PRIMERA / G3 / 1a Fase / J14: future match day, keeping minimal match info from the league page
2026-10-02 00:32:56,715 INFO Barcelona / RTB PRIMERA / G3 / 1a Fase / J14: unchanged (5 matches, 0 played)
2026-10-02 00:32:56,720 INFO Barcelona / RTB PRIMERA / G3 / 1a Fase / J15: future match day, keeping minimal match info from the league page
2026-10-02 00:32:56,724 INFO Barcelona / RTB PRIMERA / G3 / 1a Fase / J15: unchanged (5 matches, 0 played)
2026-10-02 00:32:56,729 INFO Barcelona / RTB PRIMERA / G3 / 1a Fase / J16: future match day, keeping minimal match info from the league page
2026-10-02 00:32:56,733 INFO Barcelona / RTB PRIMERA / G3 / 1a Fase / J16: unchanged (5 matches, 0 played)
2026-10-02 00:32:56,739 INFO Barcelona / RTB PRIMERA / G3 / 1a Fase / J17: future match day, keeping minimal match info from the league page
2026-10-02 00:32:56,743 INFO Barcelona / RTB PRIMERA / G3 / 1a Fase / J17: unchanged (5 matches, 0 played)
2026-10-02 00:32:56,749 INFO Barcelona / RTB PRIMERA / G3 / 1a Fase / J18: future match day, keeping minimal match info from the league page
2026-10-02 00:32:56,754 INFO Barcelona / RTB PRIMERA / G3 / 1a Fase / J18: unchanged (5 matches, 0 played)
2026-10-02 00:32:59,417 INFO Barcelona / RTB SEGONA A G1: 18 match day(s) -> C:\git\bcnesa-extract-2\resources\actas-incremental-content\2026-2027\RTB SEGONA A\G1\1a Fase
2026-10-02 00:32:59,449 INFO Barcelona / RTB SEGONA A / G1 / 1a Fase / J1: complete, skipped
2026-10-02 00:32:59,454 INFO Barcelona / RTB SEGONA A / G1 / 1a Fase / J2: future match day, keeping minimal match info from the league page
2026-10-02 00:32:59,458 INFO Barcelona / RTB SEGONA A / G1 / 1a Fase / J2: unchanged (5 matches, 0 played)
2026-10-02 00:32:59,463 INFO Barcelona / RTB SEGONA A / G1 / 1a Fase / J3: future match day, keeping minimal match info from the league page
2026-10-02 00:32:59,467 INFO Barcelona / RTB SEGONA A / G1 / 1a Fase / J3: unchanged (5 matches, 0 played)
2026-10-02 00:32:59,472 INFO Barcelona / RTB SEGONA A / G1 / 1a Fase / J4: future match day, keeping minimal match info from the league page
2026-10-02 00:32:59,476 INFO Barcelona / RTB SEGONA A / G1 / 1a Fase / J4: unchanged (5 matches, 0 played)
2026-10-02 00:32:59,481 INFO Barcelona / RTB SEGONA A / G1 / 1a Fase / J5: future match day, keeping minimal match info from the league page
2026-10-02 00:32:59,484 INFO Barcelona / RTB SEGONA A / G1 / 1a Fase / J5: unchanged (5 matches, 0 played)
2026-10-02 00:32:59,489 INFO Barcelona / RTB SEGONA A / G1 / 1a Fase / J6: future match day, keeping minimal match info from the league page
2026-10-02 00:32:59,493 INFO Barcelona / RTB SEGONA A / G1 / 1a Fase / J6: unchanged (5 matches, 0 played)
2026-10-02 00:32:59,498 INFO Barcelona / RTB SEGONA A / G1 / 1a Fase / J7: future match day, keeping minimal match info from the league page
2026-10-02 00:32:59,502 INFO Barcelona / RTB SEGONA A / G1 / 1a Fase / J7: unchanged (5 matches, 0 played)
2026-10-02 00:32:59,507 INFO Barcelona / RTB SEGONA A / G1 / 1a Fase / J8: future match day, keeping minimal match info from the league page
2026-10-02 00:32:59,511 INFO Barcelona / RTB SEGONA A / G1 / 1a Fase / J8: unchanged (5 matches, 0 played)
2026-10-02 00:32:59,516 INFO Barcelona / RTB SEGONA A / G1 / 1a Fase / J9: future match day, keeping minimal match info from the league page
2026-10-02 00:32:59,519 INFO Barcelona / RTB SEGONA A / G1 / 1a Fase / J9: unchanged (5 matches, 0 played)
2026-10-02 00:32:59,525 INFO Barcelona / RTB SEGONA A / G1 / 1a Fase / J10: future match day, keeping minimal match info from the league page
2026-10-02 00:32:59,528 INFO Barcelona / RTB SEGONA A / G1 / 1a Fase / J10: unchanged (5 matches, 0 played)
2026-10-02 00:32:59,533 INFO Barcelona / RTB SEGONA A / G1 / 1a Fase / J11: future match day, keeping minimal match info from the league page
2026-10-02 00:32:59,537 INFO Barcelona / RTB SEGONA A / G1 / 1a Fase / J11: unchanged (5 matches, 0 played)
2026-10-02 00:32:59,542 INFO Barcelona / RTB SEGONA A / G1 / 1a Fase / J12: future match day, keeping minimal match info from the league page
2026-10-02 00:32:59,546 INFO Barcelona / RTB SEGONA A / G1 / 1a Fase / J12: unchanged (5 matches, 0 played)
2026-10-02 00:32:59,550 INFO Barcelona / RTB SEGONA A / G1 / 1a Fase / J13: future match day, keeping minimal match info from the league page
2026-10-02 00:32:59,555 INFO Barcelona / RTB SEGONA A / G1 / 1a Fase / J13: unchanged (5 matches, 0 played)
2026-10-02 00:32:59,560 INFO Barcelona / RTB SEGONA A / G1 / 1a Fase / J14: future match day, keeping minimal match info from the league page
2026-10-02 00:32:59,564 INFO Barcelona / RTB SEGONA A / G1 / 1a Fase / J14: unchanged (5 matches, 0 played)
2026-10-02 00:32:59,569 INFO Barcelona / RTB SEGONA A / G1 / 1a Fase / J15: future match day, keeping minimal match info from the league page
2026-10-02 00:32:59,572 INFO Barcelona / RTB SEGONA A / G1 / 1a Fase / J15: unchanged (5 matches, 0 played)
2026-10-02 00:32:59,577 INFO Barcelona / RTB SEGONA A / G1 / 1a Fase / J16: future match day, keeping minimal match info from the league page
2026-10-02 00:32:59,581 INFO Barcelona / RTB SEGONA A / G1 / 1a Fase / J16: unchanged (5 matches, 0 played)
2026-10-02 00:32:59,586 INFO Barcelona / RTB SEGONA A / G1 / 1a Fase / J17: future match day, keeping minimal match info from the league page
2026-10-02 00:32:59,590 INFO Barcelona / RTB SEGONA A / G1 / 1a Fase / J17: unchanged (5 matches, 0 played)
2026-10-02 00:32:59,594 INFO Barcelona / RTB SEGONA A / G1 / 1a Fase / J18: future match day, keeping minimal match info from the league page
2026-10-02 00:32:59,598 INFO Barcelona / RTB SEGONA A / G1 / 1a Fase / J18: unchanged (5 matches, 0 played)
2026-10-02 00:33:02,436 INFO Barcelona / RTB SEGONA A G2: 18 match day(s) -> C:\git\bcnesa-extract-2\resources\actas-incremental-content\2026-2027\RTB SEGONA A\G2\1a Fase
2026-10-02 00:33:06,875 WARNING Attempt 1/6 failed for https://fctt.cat/lligues/rtb-seg-a/?jornada=1 (incomplete content: match 6276 game 1 left: player 'VALLES ABELLO, PAU' has no player link (+59 more)); retrying in 3.2s
2026-10-02 00:33:12,293 WARNING Attempt 2/6 failed for https://fctt.cat/lligues/rtb-seg-a/?jornada=1 (page without matches (the site returned an empty page)); retrying in 5.2s
2026-10-02 00:33:19,708 WARNING Attempt 3/6 failed for https://fctt.cat/lligues/rtb-seg-a/?jornada=1 (page without matches (the site returned an empty page)); retrying in 8.6s
2026-10-02 00:33:30,439 WARNING Attempt 4/6 failed for https://fctt.cat/lligues/rtb-seg-a/?jornada=1 (page without matches (the site returned an empty page)); retrying in 17.7s
2026-10-02 00:33:53,463 INFO Barcelona / RTB SEGONA A / G2 / 1a Fase / J1: saved C:\git\bcnesa-extract-2\resources\actas-incremental-content\2026-2027\RTB SEGONA A\G2\1a Fase\jornada_01.html (5 matches, 5 played, complete)
2026-10-02 00:33:53,469 INFO Barcelona / RTB SEGONA A / G2 / 1a Fase / J2: future match day, keeping minimal match info from the league page
2026-10-02 00:33:53,473 INFO Barcelona / RTB SEGONA A / G2 / 1a Fase / J2: unchanged (5 matches, 0 played)
2026-10-02 00:33:53,479 INFO Barcelona / RTB SEGONA A / G2 / 1a Fase / J3: future match day, keeping minimal match info from the league page
2026-10-02 00:33:53,486 INFO Barcelona / RTB SEGONA A / G2 / 1a Fase / J3: unchanged (5 matches, 0 played)
2026-10-02 00:33:53,492 INFO Barcelona / RTB SEGONA A / G2 / 1a Fase / J4: future match day, keeping minimal match info from the league page
2026-10-02 00:33:53,496 INFO Barcelona / RTB SEGONA A / G2 / 1a Fase / J4: unchanged (5 matches, 0 played)
2026-10-02 00:33:53,502 INFO Barcelona / RTB SEGONA A / G2 / 1a Fase / J5: future match day, keeping minimal match info from the league page
2026-10-02 00:33:53,507 INFO Barcelona / RTB SEGONA A / G2 / 1a Fase / J5: unchanged (5 matches, 0 played)
2026-10-02 00:33:53,513 INFO Barcelona / RTB SEGONA A / G2 / 1a Fase / J6: future match day, keeping minimal match info from the league page
2026-10-02 00:33:53,520 INFO Barcelona / RTB SEGONA A / G2 / 1a Fase / J6: unchanged (5 matches, 0 played)
2026-10-02 00:33:53,525 INFO Barcelona / RTB SEGONA A / G2 / 1a Fase / J7: future match day, keeping minimal match info from the league page
2026-10-02 00:33:53,529 INFO Barcelona / RTB SEGONA A / G2 / 1a Fase / J7: unchanged (5 matches, 0 played)
2026-10-02 00:33:53,535 INFO Barcelona / RTB SEGONA A / G2 / 1a Fase / J8: future match day, keeping minimal match info from the league page
2026-10-02 00:33:53,540 INFO Barcelona / RTB SEGONA A / G2 / 1a Fase / J8: unchanged (5 matches, 0 played)
2026-10-02 00:33:53,546 INFO Barcelona / RTB SEGONA A / G2 / 1a Fase / J9: future match day, keeping minimal match info from the league page
2026-10-02 00:33:53,550 INFO Barcelona / RTB SEGONA A / G2 / 1a Fase / J9: unchanged (5 matches, 0 played)
2026-10-02 00:33:53,561 INFO Barcelona / RTB SEGONA A / G2 / 1a Fase / J10: future match day, keeping minimal match info from the league page
2026-10-02 00:33:53,565 INFO Barcelona / RTB SEGONA A / G2 / 1a Fase / J10: unchanged (5 matches, 0 played)
2026-10-02 00:33:53,571 INFO Barcelona / RTB SEGONA A / G2 / 1a Fase / J11: future match day, keeping minimal match info from the league page
2026-10-02 00:33:53,575 INFO Barcelona / RTB SEGONA A / G2 / 1a Fase / J11: unchanged (5 matches, 0 played)
2026-10-02 00:33:53,582 INFO Barcelona / RTB SEGONA A / G2 / 1a Fase / J12: future match day, keeping minimal match info from the league page
2026-10-02 00:33:53,586 INFO Barcelona / RTB SEGONA A / G2 / 1a Fase / J12: unchanged (5 matches, 0 played)
2026-10-02 00:33:53,593 INFO Barcelona / RTB SEGONA A / G2 / 1a Fase / J13: future match day, keeping minimal match info from the league page
2026-10-02 00:33:53,598 INFO Barcelona / RTB SEGONA A / G2 / 1a Fase / J13: unchanged (5 matches, 0 played)
2026-10-02 00:33:53,604 INFO Barcelona / RTB SEGONA A / G2 / 1a Fase / J14: future match day, keeping minimal match info from the league page
2026-10-02 00:33:53,608 INFO Barcelona / RTB SEGONA A / G2 / 1a Fase / J14: unchanged (5 matches, 0 played)
2026-10-02 00:33:53,618 INFO Barcelona / RTB SEGONA A / G2 / 1a Fase / J15: future match day, keeping minimal match info from the league page
2026-10-02 00:33:53,622 INFO Barcelona / RTB SEGONA A / G2 / 1a Fase / J15: unchanged (5 matches, 0 played)
2026-10-02 00:33:53,632 INFO Barcelona / RTB SEGONA A / G2 / 1a Fase / J16: future match day, keeping minimal match info from the league page
2026-10-02 00:33:53,638 INFO Barcelona / RTB SEGONA A / G2 / 1a Fase / J16: unchanged (5 matches, 0 played)
2026-10-02 00:33:53,645 INFO Barcelona / RTB SEGONA A / G2 / 1a Fase / J17: future match day, keeping minimal match info from the league page
2026-10-02 00:33:53,652 INFO Barcelona / RTB SEGONA A / G2 / 1a Fase / J17: unchanged (5 matches, 0 played)
2026-10-02 00:33:53,660 INFO Barcelona / RTB SEGONA A / G2 / 1a Fase / J18: future match day, keeping minimal match info from the league page
2026-10-02 00:33:53,664 INFO Barcelona / RTB SEGONA A / G2 / 1a Fase / J18: unchanged (5 matches, 0 played)
2026-10-02 00:33:56,412 INFO Barcelona / RTB SEGONA A G3: 18 match day(s) -> C:\git\bcnesa-extract-2\resources\actas-incremental-content\2026-2027\RTB SEGONA A\G3\1a Fase
2026-10-02 00:33:56,452 INFO Barcelona / RTB SEGONA A / G3 / 1a Fase / J1: complete, skipped
2026-10-02 00:33:56,457 INFO Barcelona / RTB SEGONA A / G3 / 1a Fase / J2: future match day, keeping minimal match info from the league page
2026-10-02 00:33:56,461 INFO Barcelona / RTB SEGONA A / G3 / 1a Fase / J2: unchanged (5 matches, 0 played)
2026-10-02 00:33:56,472 INFO Barcelona / RTB SEGONA A / G3 / 1a Fase / J3: future match day, keeping minimal match info from the league page
2026-10-02 00:33:56,477 INFO Barcelona / RTB SEGONA A / G3 / 1a Fase / J3: unchanged (5 matches, 0 played)
2026-10-02 00:33:56,484 INFO Barcelona / RTB SEGONA A / G3 / 1a Fase / J4: future match day, keeping minimal match info from the league page
2026-10-02 00:33:56,488 INFO Barcelona / RTB SEGONA A / G3 / 1a Fase / J4: unchanged (5 matches, 0 played)
2026-10-02 00:33:56,495 INFO Barcelona / RTB SEGONA A / G3 / 1a Fase / J5: future match day, keeping minimal match info from the league page
2026-10-02 00:33:56,499 INFO Barcelona / RTB SEGONA A / G3 / 1a Fase / J5: unchanged (5 matches, 0 played)
2026-10-02 00:33:56,504 INFO Barcelona / RTB SEGONA A / G3 / 1a Fase / J6: future match day, keeping minimal match info from the league page
2026-10-02 00:33:56,508 INFO Barcelona / RTB SEGONA A / G3 / 1a Fase / J6: unchanged (5 matches, 0 played)
2026-10-02 00:33:56,516 INFO Barcelona / RTB SEGONA A / G3 / 1a Fase / J7: future match day, keeping minimal match info from the league page
2026-10-02 00:33:56,523 INFO Barcelona / RTB SEGONA A / G3 / 1a Fase / J7: unchanged (5 matches, 0 played)
2026-10-02 00:33:56,530 INFO Barcelona / RTB SEGONA A / G3 / 1a Fase / J8: future match day, keeping minimal match info from the league page
2026-10-02 00:33:56,537 INFO Barcelona / RTB SEGONA A / G3 / 1a Fase / J8: unchanged (5 matches, 0 played)
2026-10-02 00:33:56,542 INFO Barcelona / RTB SEGONA A / G3 / 1a Fase / J9: future match day, keeping minimal match info from the league page
2026-10-02 00:33:56,548 INFO Barcelona / RTB SEGONA A / G3 / 1a Fase / J9: unchanged (5 matches, 0 played)
2026-10-02 00:33:56,555 INFO Barcelona / RTB SEGONA A / G3 / 1a Fase / J10: future match day, keeping minimal match info from the league page
2026-10-02 00:33:56,559 INFO Barcelona / RTB SEGONA A / G3 / 1a Fase / J10: unchanged (5 matches, 0 played)
2026-10-02 00:33:56,565 INFO Barcelona / RTB SEGONA A / G3 / 1a Fase / J11: future match day, keeping minimal match info from the league page
2026-10-02 00:33:56,569 INFO Barcelona / RTB SEGONA A / G3 / 1a Fase / J11: unchanged (5 matches, 0 played)
2026-10-02 00:33:56,574 INFO Barcelona / RTB SEGONA A / G3 / 1a Fase / J12: future match day, keeping minimal match info from the league page
2026-10-02 00:33:56,578 INFO Barcelona / RTB SEGONA A / G3 / 1a Fase / J12: unchanged (5 matches, 0 played)
2026-10-02 00:33:56,585 INFO Barcelona / RTB SEGONA A / G3 / 1a Fase / J13: future match day, keeping minimal match info from the league page
2026-10-02 00:33:56,590 INFO Barcelona / RTB SEGONA A / G3 / 1a Fase / J13: unchanged (5 matches, 0 played)
2026-10-02 00:33:56,596 INFO Barcelona / RTB SEGONA A / G3 / 1a Fase / J14: future match day, keeping minimal match info from the league page
2026-10-02 00:33:56,600 INFO Barcelona / RTB SEGONA A / G3 / 1a Fase / J14: unchanged (5 matches, 0 played)
2026-10-02 00:33:56,606 INFO Barcelona / RTB SEGONA A / G3 / 1a Fase / J15: future match day, keeping minimal match info from the league page
2026-10-02 00:33:56,611 INFO Barcelona / RTB SEGONA A / G3 / 1a Fase / J15: unchanged (5 matches, 0 played)
2026-10-02 00:33:56,619 INFO Barcelona / RTB SEGONA A / G3 / 1a Fase / J16: future match day, keeping minimal match info from the league page
2026-10-02 00:33:56,624 INFO Barcelona / RTB SEGONA A / G3 / 1a Fase / J16: unchanged (5 matches, 0 played)
2026-10-02 00:33:56,632 INFO Barcelona / RTB SEGONA A / G3 / 1a Fase / J17: future match day, keeping minimal match info from the league page
2026-10-02 00:33:56,637 INFO Barcelona / RTB SEGONA A / G3 / 1a Fase / J17: unchanged (5 matches, 0 played)
2026-10-02 00:33:56,644 INFO Barcelona / RTB SEGONA A / G3 / 1a Fase / J18: future match day, keeping minimal match info from the league page
2026-10-02 00:33:56,651 INFO Barcelona / RTB SEGONA A / G3 / 1a Fase / J18: unchanged (5 matches, 0 played)
2026-10-02 00:33:59,501 INFO Barcelona / RTB SEGONA B G1: 18 match day(s) -> C:\git\bcnesa-extract-2\resources\actas-incremental-content\2026-2027\RTB SEGONA B\G1\1a Fase
2026-10-02 00:33:59,539 INFO Barcelona / RTB SEGONA B / G1 / 1a Fase / J1: complete, skipped
2026-10-02 00:33:59,544 INFO Barcelona / RTB SEGONA B / G1 / 1a Fase / J2: future match day, keeping minimal match info from the league page
2026-10-02 00:33:59,550 INFO Barcelona / RTB SEGONA B / G1 / 1a Fase / J2: unchanged (5 matches, 0 played)
2026-10-02 00:33:59,557 INFO Barcelona / RTB SEGONA B / G1 / 1a Fase / J3: future match day, keeping minimal match info from the league page
2026-10-02 00:33:59,562 INFO Barcelona / RTB SEGONA B / G1 / 1a Fase / J3: unchanged (5 matches, 0 played)
2026-10-02 00:33:59,568 INFO Barcelona / RTB SEGONA B / G1 / 1a Fase / J4: future match day, keeping minimal match info from the league page
2026-10-02 00:33:59,572 INFO Barcelona / RTB SEGONA B / G1 / 1a Fase / J4: unchanged (5 matches, 0 played)
2026-10-02 00:33:59,578 INFO Barcelona / RTB SEGONA B / G1 / 1a Fase / J5: future match day, keeping minimal match info from the league page
2026-10-02 00:33:59,585 INFO Barcelona / RTB SEGONA B / G1 / 1a Fase / J5: unchanged (5 matches, 0 played)
2026-10-02 00:33:59,591 INFO Barcelona / RTB SEGONA B / G1 / 1a Fase / J6: future match day, keeping minimal match info from the league page
2026-10-02 00:33:59,597 INFO Barcelona / RTB SEGONA B / G1 / 1a Fase / J6: unchanged (5 matches, 0 played)
2026-10-02 00:33:59,603 INFO Barcelona / RTB SEGONA B / G1 / 1a Fase / J7: future match day, keeping minimal match info from the league page
2026-10-02 00:33:59,606 INFO Barcelona / RTB SEGONA B / G1 / 1a Fase / J7: unchanged (5 matches, 0 played)
2026-10-02 00:33:59,613 INFO Barcelona / RTB SEGONA B / G1 / 1a Fase / J8: future match day, keeping minimal match info from the league page
2026-10-02 00:33:59,618 INFO Barcelona / RTB SEGONA B / G1 / 1a Fase / J8: unchanged (5 matches, 0 played)
2026-10-02 00:33:59,624 INFO Barcelona / RTB SEGONA B / G1 / 1a Fase / J9: future match day, keeping minimal match info from the league page
2026-10-02 00:33:59,628 INFO Barcelona / RTB SEGONA B / G1 / 1a Fase / J9: unchanged (5 matches, 0 played)
2026-10-02 00:33:59,635 INFO Barcelona / RTB SEGONA B / G1 / 1a Fase / J10: future match day, keeping minimal match info from the league page
2026-10-02 00:33:59,640 INFO Barcelona / RTB SEGONA B / G1 / 1a Fase / J10: unchanged (5 matches, 0 played)
2026-10-02 00:33:59,646 INFO Barcelona / RTB SEGONA B / G1 / 1a Fase / J11: future match day, keeping minimal match info from the league page
2026-10-02 00:33:59,652 INFO Barcelona / RTB SEGONA B / G1 / 1a Fase / J11: unchanged (5 matches, 0 played)
2026-10-02 00:33:59,658 INFO Barcelona / RTB SEGONA B / G1 / 1a Fase / J12: future match day, keeping minimal match info from the league page
2026-10-02 00:33:59,663 INFO Barcelona / RTB SEGONA B / G1 / 1a Fase / J12: unchanged (5 matches, 0 played)
2026-10-02 00:33:59,669 INFO Barcelona / RTB SEGONA B / G1 / 1a Fase / J13: future match day, keeping minimal match info from the league page
2026-10-02 00:33:59,674 INFO Barcelona / RTB SEGONA B / G1 / 1a Fase / J13: unchanged (5 matches, 0 played)
2026-10-02 00:33:59,680 INFO Barcelona / RTB SEGONA B / G1 / 1a Fase / J14: future match day, keeping minimal match info from the league page
2026-10-02 00:33:59,683 INFO Barcelona / RTB SEGONA B / G1 / 1a Fase / J14: unchanged (5 matches, 0 played)
2026-10-02 00:33:59,691 INFO Barcelona / RTB SEGONA B / G1 / 1a Fase / J15: future match day, keeping minimal match info from the league page
2026-10-02 00:33:59,695 INFO Barcelona / RTB SEGONA B / G1 / 1a Fase / J15: unchanged (5 matches, 0 played)
2026-10-02 00:33:59,701 INFO Barcelona / RTB SEGONA B / G1 / 1a Fase / J16: future match day, keeping minimal match info from the league page
2026-10-02 00:33:59,706 INFO Barcelona / RTB SEGONA B / G1 / 1a Fase / J16: unchanged (5 matches, 0 played)
2026-10-02 00:33:59,716 INFO Barcelona / RTB SEGONA B / G1 / 1a Fase / J17: future match day, keeping minimal match info from the league page
2026-10-02 00:33:59,722 INFO Barcelona / RTB SEGONA B / G1 / 1a Fase / J17: unchanged (5 matches, 0 played)
2026-10-02 00:33:59,729 INFO Barcelona / RTB SEGONA B / G1 / 1a Fase / J18: future match day, keeping minimal match info from the league page
2026-10-02 00:33:59,733 INFO Barcelona / RTB SEGONA B / G1 / 1a Fase / J18: unchanged (5 matches, 0 played)
2026-10-02 00:34:02,491 INFO Barcelona / RTB SEGONA B G2: 18 match day(s) -> C:\git\bcnesa-extract-2\resources\actas-incremental-content\2026-2027\RTB SEGONA B\G2\1a Fase
2026-10-02 00:34:02,526 INFO Barcelona / RTB SEGONA B / G2 / 1a Fase / J1: complete, skipped
2026-10-02 00:34:02,531 INFO Barcelona / RTB SEGONA B / G2 / 1a Fase / J2: future match day, keeping minimal match info from the league page
2026-10-02 00:34:02,537 INFO Barcelona / RTB SEGONA B / G2 / 1a Fase / J2: unchanged (5 matches, 0 played)
2026-10-02 00:34:02,542 INFO Barcelona / RTB SEGONA B / G2 / 1a Fase / J3: future match day, keeping minimal match info from the league page
2026-10-02 00:34:02,548 INFO Barcelona / RTB SEGONA B / G2 / 1a Fase / J3: unchanged (5 matches, 0 played)
2026-10-02 00:34:02,554 INFO Barcelona / RTB SEGONA B / G2 / 1a Fase / J4: future match day, keeping minimal match info from the league page
2026-10-02 00:34:02,557 INFO Barcelona / RTB SEGONA B / G2 / 1a Fase / J4: unchanged (5 matches, 0 played)
2026-10-02 00:34:02,563 INFO Barcelona / RTB SEGONA B / G2 / 1a Fase / J5: future match day, keeping minimal match info from the league page
2026-10-02 00:34:02,569 INFO Barcelona / RTB SEGONA B / G2 / 1a Fase / J5: unchanged (5 matches, 0 played)
2026-10-02 00:34:02,574 INFO Barcelona / RTB SEGONA B / G2 / 1a Fase / J6: future match day, keeping minimal match info from the league page
2026-10-02 00:34:02,578 INFO Barcelona / RTB SEGONA B / G2 / 1a Fase / J6: unchanged (5 matches, 0 played)
2026-10-02 00:34:02,586 INFO Barcelona / RTB SEGONA B / G2 / 1a Fase / J7: future match day, keeping minimal match info from the league page
2026-10-02 00:34:02,591 INFO Barcelona / RTB SEGONA B / G2 / 1a Fase / J7: unchanged (5 matches, 0 played)
2026-10-02 00:34:02,597 INFO Barcelona / RTB SEGONA B / G2 / 1a Fase / J8: future match day, keeping minimal match info from the league page
2026-10-02 00:34:02,601 INFO Barcelona / RTB SEGONA B / G2 / 1a Fase / J8: unchanged (5 matches, 0 played)
2026-10-02 00:34:02,607 INFO Barcelona / RTB SEGONA B / G2 / 1a Fase / J9: future match day, keeping minimal match info from the league page
2026-10-02 00:34:02,613 INFO Barcelona / RTB SEGONA B / G2 / 1a Fase / J9: unchanged (5 matches, 0 played)
2026-10-02 00:34:02,619 INFO Barcelona / RTB SEGONA B / G2 / 1a Fase / J10: future match day, keeping minimal match info from the league page
2026-10-02 00:34:02,624 INFO Barcelona / RTB SEGONA B / G2 / 1a Fase / J10: unchanged (5 matches, 0 played)
2026-10-02 00:34:02,630 INFO Barcelona / RTB SEGONA B / G2 / 1a Fase / J11: future match day, keeping minimal match info from the league page
2026-10-02 00:34:02,634 INFO Barcelona / RTB SEGONA B / G2 / 1a Fase / J11: unchanged (5 matches, 0 played)
2026-10-02 00:34:02,640 INFO Barcelona / RTB SEGONA B / G2 / 1a Fase / J12: future match day, keeping minimal match info from the league page
2026-10-02 00:34:02,645 INFO Barcelona / RTB SEGONA B / G2 / 1a Fase / J12: unchanged (5 matches, 0 played)
2026-10-02 00:34:02,652 INFO Barcelona / RTB SEGONA B / G2 / 1a Fase / J13: future match day, keeping minimal match info from the league page
2026-10-02 00:34:02,656 INFO Barcelona / RTB SEGONA B / G2 / 1a Fase / J13: unchanged (5 matches, 0 played)
2026-10-02 00:34:02,662 INFO Barcelona / RTB SEGONA B / G2 / 1a Fase / J14: future match day, keeping minimal match info from the league page
2026-10-02 00:34:02,666 INFO Barcelona / RTB SEGONA B / G2 / 1a Fase / J14: unchanged (5 matches, 0 played)
2026-10-02 00:34:02,672 INFO Barcelona / RTB SEGONA B / G2 / 1a Fase / J15: future match day, keeping minimal match info from the league page
2026-10-02 00:34:02,676 INFO Barcelona / RTB SEGONA B / G2 / 1a Fase / J15: unchanged (5 matches, 0 played)
2026-10-02 00:34:02,682 INFO Barcelona / RTB SEGONA B / G2 / 1a Fase / J16: future match day, keeping minimal match info from the league page
2026-10-02 00:34:02,687 INFO Barcelona / RTB SEGONA B / G2 / 1a Fase / J16: unchanged (5 matches, 0 played)
2026-10-02 00:34:02,694 INFO Barcelona / RTB SEGONA B / G2 / 1a Fase / J17: future match day, keeping minimal match info from the league page
2026-10-02 00:34:02,697 INFO Barcelona / RTB SEGONA B / G2 / 1a Fase / J17: unchanged (5 matches, 0 played)
2026-10-02 00:34:02,706 INFO Barcelona / RTB SEGONA B / G2 / 1a Fase / J18: future match day, keeping minimal match info from the league page
2026-10-02 00:34:02,711 INFO Barcelona / RTB SEGONA B / G2 / 1a Fase / J18: unchanged (5 matches, 0 played)
2026-10-02 00:34:05,620 INFO Barcelona / RTB SEGONA B G3: 18 match day(s) -> C:\git\bcnesa-extract-2\resources\actas-incremental-content\2026-2027\RTB SEGONA B\G3\1a Fase
2026-10-02 00:34:10,167 INFO Barcelona / RTB SEGONA B / G3 / 1a Fase / J1: saved C:\git\bcnesa-extract-2\resources\actas-incremental-content\2026-2027\RTB SEGONA B\G3\1a Fase\jornada_01.html (5 matches, 5 played, complete)
2026-10-02 00:34:10,172 INFO Barcelona / RTB SEGONA B / G3 / 1a Fase / J2: future match day, keeping minimal match info from the league page
2026-10-02 00:34:10,176 INFO Barcelona / RTB SEGONA B / G3 / 1a Fase / J2: unchanged (5 matches, 0 played)
2026-10-02 00:34:10,183 INFO Barcelona / RTB SEGONA B / G3 / 1a Fase / J3: future match day, keeping minimal match info from the league page
2026-10-02 00:34:10,186 INFO Barcelona / RTB SEGONA B / G3 / 1a Fase / J3: unchanged (5 matches, 0 played)
2026-10-02 00:34:10,194 INFO Barcelona / RTB SEGONA B / G3 / 1a Fase / J4: future match day, keeping minimal match info from the league page
2026-10-02 00:34:10,198 INFO Barcelona / RTB SEGONA B / G3 / 1a Fase / J4: unchanged (5 matches, 0 played)
2026-10-02 00:34:10,204 INFO Barcelona / RTB SEGONA B / G3 / 1a Fase / J5: future match day, keeping minimal match info from the league page
2026-10-02 00:34:10,209 INFO Barcelona / RTB SEGONA B / G3 / 1a Fase / J5: unchanged (5 matches, 0 played)
2026-10-02 00:34:10,214 INFO Barcelona / RTB SEGONA B / G3 / 1a Fase / J6: future match day, keeping minimal match info from the league page
2026-10-02 00:34:10,218 INFO Barcelona / RTB SEGONA B / G3 / 1a Fase / J6: unchanged (5 matches, 0 played)
2026-10-02 00:34:10,225 INFO Barcelona / RTB SEGONA B / G3 / 1a Fase / J7: future match day, keeping minimal match info from the league page
2026-10-02 00:34:10,229 INFO Barcelona / RTB SEGONA B / G3 / 1a Fase / J7: unchanged (5 matches, 0 played)
2026-10-02 00:34:10,235 INFO Barcelona / RTB SEGONA B / G3 / 1a Fase / J8: future match day, keeping minimal match info from the league page
2026-10-02 00:34:10,241 INFO Barcelona / RTB SEGONA B / G3 / 1a Fase / J8: unchanged (5 matches, 0 played)
2026-10-02 00:34:10,251 INFO Barcelona / RTB SEGONA B / G3 / 1a Fase / J9: future match day, keeping minimal match info from the league page
2026-10-02 00:34:10,257 INFO Barcelona / RTB SEGONA B / G3 / 1a Fase / J9: unchanged (5 matches, 0 played)
2026-10-02 00:34:10,263 INFO Barcelona / RTB SEGONA B / G3 / 1a Fase / J10: future match day, keeping minimal match info from the league page
2026-10-02 00:34:10,268 INFO Barcelona / RTB SEGONA B / G3 / 1a Fase / J10: unchanged (5 matches, 0 played)
2026-10-02 00:34:10,273 INFO Barcelona / RTB SEGONA B / G3 / 1a Fase / J11: future match day, keeping minimal match info from the league page
2026-10-02 00:34:10,278 INFO Barcelona / RTB SEGONA B / G3 / 1a Fase / J11: unchanged (5 matches, 0 played)
2026-10-02 00:34:10,283 INFO Barcelona / RTB SEGONA B / G3 / 1a Fase / J12: future match day, keeping minimal match info from the league page
2026-10-02 00:34:10,287 INFO Barcelona / RTB SEGONA B / G3 / 1a Fase / J12: unchanged (5 matches, 0 played)
2026-10-02 00:34:10,294 INFO Barcelona / RTB SEGONA B / G3 / 1a Fase / J13: future match day, keeping minimal match info from the league page
2026-10-02 00:34:10,299 INFO Barcelona / RTB SEGONA B / G3 / 1a Fase / J13: unchanged (5 matches, 0 played)
2026-10-02 00:34:10,305 INFO Barcelona / RTB SEGONA B / G3 / 1a Fase / J14: future match day, keeping minimal match info from the league page
2026-10-02 00:34:10,308 INFO Barcelona / RTB SEGONA B / G3 / 1a Fase / J14: unchanged (5 matches, 0 played)
2026-10-02 00:34:10,313 INFO Barcelona / RTB SEGONA B / G3 / 1a Fase / J15: future match day, keeping minimal match info from the league page
2026-10-02 00:34:10,317 INFO Barcelona / RTB SEGONA B / G3 / 1a Fase / J15: unchanged (5 matches, 0 played)
2026-10-02 00:34:10,323 INFO Barcelona / RTB SEGONA B / G3 / 1a Fase / J16: future match day, keeping minimal match info from the league page
2026-10-02 00:34:10,329 INFO Barcelona / RTB SEGONA B / G3 / 1a Fase / J16: unchanged (5 matches, 0 played)
2026-10-02 00:34:10,335 INFO Barcelona / RTB SEGONA B / G3 / 1a Fase / J17: future match day, keeping minimal match info from the league page
2026-10-02 00:34:10,339 INFO Barcelona / RTB SEGONA B / G3 / 1a Fase / J17: unchanged (5 matches, 0 played)
2026-10-02 00:34:10,347 INFO Barcelona / RTB SEGONA B / G3 / 1a Fase / J18: future match day, keeping minimal match info from the league page
2026-10-02 00:34:10,351 INFO Barcelona / RTB SEGONA B / G3 / 1a Fase / J18: unchanged (5 matches, 0 played)
2026-10-02 00:34:13,009 INFO Barcelona / RTB TERCERA A G1: 18 match day(s) -> C:\git\bcnesa-extract-2\resources\actas-incremental-content\2026-2027\RTB TERCERA A\G1\1a Fase
2026-10-02 00:34:13,064 INFO Barcelona / RTB TERCERA A / G1 / 1a Fase / J1: complete, skipped
2026-10-02 00:34:13,078 INFO Barcelona / RTB TERCERA A / G1 / 1a Fase / J2: future match day, keeping minimal match info from the league page
2026-10-02 00:34:13,085 INFO Barcelona / RTB TERCERA A / G1 / 1a Fase / J2: unchanged (5 matches, 0 played)
2026-10-02 00:34:13,095 INFO Barcelona / RTB TERCERA A / G1 / 1a Fase / J3: future match day, keeping minimal match info from the league page
2026-10-02 00:34:13,106 INFO Barcelona / RTB TERCERA A / G1 / 1a Fase / J3: unchanged (5 matches, 0 played)
2026-10-02 00:34:13,113 INFO Barcelona / RTB TERCERA A / G1 / 1a Fase / J4: future match day, keeping minimal match info from the league page
2026-10-02 00:34:13,122 INFO Barcelona / RTB TERCERA A / G1 / 1a Fase / J4: unchanged (5 matches, 0 played)
2026-10-02 00:34:13,133 INFO Barcelona / RTB TERCERA A / G1 / 1a Fase / J5: future match day, keeping minimal match info from the league page
2026-10-02 00:34:13,142 INFO Barcelona / RTB TERCERA A / G1 / 1a Fase / J5: unchanged (5 matches, 0 played)
2026-10-02 00:34:13,163 INFO Barcelona / RTB TERCERA A / G1 / 1a Fase / J6: future match day, keeping minimal match info from the league page
2026-10-02 00:34:13,177 INFO Barcelona / RTB TERCERA A / G1 / 1a Fase / J6: unchanged (5 matches, 0 played)
2026-10-02 00:34:13,197 INFO Barcelona / RTB TERCERA A / G1 / 1a Fase / J7: future match day, keeping minimal match info from the league page
2026-10-02 00:34:13,208 INFO Barcelona / RTB TERCERA A / G1 / 1a Fase / J7: unchanged (5 matches, 0 played)
2026-10-02 00:34:13,219 INFO Barcelona / RTB TERCERA A / G1 / 1a Fase / J8: future match day, keeping minimal match info from the league page
2026-10-02 00:34:13,231 INFO Barcelona / RTB TERCERA A / G1 / 1a Fase / J8: unchanged (5 matches, 0 played)
2026-10-02 00:34:13,249 INFO Barcelona / RTB TERCERA A / G1 / 1a Fase / J9: future match day, keeping minimal match info from the league page
2026-10-02 00:34:13,265 INFO Barcelona / RTB TERCERA A / G1 / 1a Fase / J9: unchanged (5 matches, 0 played)
2026-10-02 00:34:13,285 INFO Barcelona / RTB TERCERA A / G1 / 1a Fase / J10: future match day, keeping minimal match info from the league page
2026-10-02 00:34:13,307 INFO Barcelona / RTB TERCERA A / G1 / 1a Fase / J10: unchanged (5 matches, 0 played)
2026-10-02 00:34:13,331 INFO Barcelona / RTB TERCERA A / G1 / 1a Fase / J11: future match day, keeping minimal match info from the league page
2026-10-02 00:34:13,343 INFO Barcelona / RTB TERCERA A / G1 / 1a Fase / J11: unchanged (5 matches, 0 played)
2026-10-02 00:34:13,356 INFO Barcelona / RTB TERCERA A / G1 / 1a Fase / J12: future match day, keeping minimal match info from the league page
2026-10-02 00:34:13,370 INFO Barcelona / RTB TERCERA A / G1 / 1a Fase / J12: unchanged (5 matches, 0 played)
2026-10-02 00:34:13,382 INFO Barcelona / RTB TERCERA A / G1 / 1a Fase / J13: future match day, keeping minimal match info from the league page
2026-10-02 00:34:13,392 INFO Barcelona / RTB TERCERA A / G1 / 1a Fase / J13: unchanged (5 matches, 0 played)
2026-10-02 00:34:13,406 INFO Barcelona / RTB TERCERA A / G1 / 1a Fase / J14: future match day, keeping minimal match info from the league page
2026-10-02 00:34:13,415 INFO Barcelona / RTB TERCERA A / G1 / 1a Fase / J14: unchanged (5 matches, 0 played)
2026-10-02 00:34:13,429 INFO Barcelona / RTB TERCERA A / G1 / 1a Fase / J15: future match day, keeping minimal match info from the league page
2026-10-02 00:34:13,445 INFO Barcelona / RTB TERCERA A / G1 / 1a Fase / J15: unchanged (5 matches, 0 played)
2026-10-02 00:34:13,464 INFO Barcelona / RTB TERCERA A / G1 / 1a Fase / J16: future match day, keeping minimal match info from the league page
2026-10-02 00:34:13,479 INFO Barcelona / RTB TERCERA A / G1 / 1a Fase / J16: unchanged (5 matches, 0 played)
2026-10-02 00:34:13,499 INFO Barcelona / RTB TERCERA A / G1 / 1a Fase / J17: future match day, keeping minimal match info from the league page
2026-10-02 00:34:13,514 INFO Barcelona / RTB TERCERA A / G1 / 1a Fase / J17: unchanged (5 matches, 0 played)
2026-10-02 00:34:13,535 INFO Barcelona / RTB TERCERA A / G1 / 1a Fase / J18: future match day, keeping minimal match info from the league page
2026-10-02 00:34:13,576 INFO Barcelona / RTB TERCERA A / G1 / 1a Fase / J18: unchanged (5 matches, 0 played)
2026-10-02 00:34:16,197 INFO Barcelona / RTB TERCERA A G2: 18 match day(s) -> C:\git\bcnesa-extract-2\resources\actas-incremental-content\2026-2027\RTB TERCERA A\G2\1a Fase
2026-10-02 00:34:16,234 INFO Barcelona / RTB TERCERA A / G2 / 1a Fase / J1: complete, skipped
2026-10-02 00:34:16,240 INFO Barcelona / RTB TERCERA A / G2 / 1a Fase / J2: future match day, keeping minimal match info from the league page
2026-10-02 00:34:16,245 INFO Barcelona / RTB TERCERA A / G2 / 1a Fase / J2: unchanged (5 matches, 0 played)
2026-10-02 00:34:16,251 INFO Barcelona / RTB TERCERA A / G2 / 1a Fase / J3: future match day, keeping minimal match info from the league page
2026-10-02 00:34:16,259 INFO Barcelona / RTB TERCERA A / G2 / 1a Fase / J3: unchanged (5 matches, 0 played)
2026-10-02 00:34:16,266 INFO Barcelona / RTB TERCERA A / G2 / 1a Fase / J4: future match day, keeping minimal match info from the league page
2026-10-02 00:34:16,308 INFO Barcelona / RTB TERCERA A / G2 / 1a Fase / J4: unchanged (5 matches, 0 played)
2026-10-02 00:34:16,314 INFO Barcelona / RTB TERCERA A / G2 / 1a Fase / J5: future match day, keeping minimal match info from the league page
2026-10-02 00:34:16,320 INFO Barcelona / RTB TERCERA A / G2 / 1a Fase / J5: unchanged (5 matches, 0 played)
2026-10-02 00:34:16,327 INFO Barcelona / RTB TERCERA A / G2 / 1a Fase / J6: future match day, keeping minimal match info from the league page
2026-10-02 00:34:16,334 INFO Barcelona / RTB TERCERA A / G2 / 1a Fase / J6: unchanged (5 matches, 0 played)
2026-10-02 00:34:16,342 INFO Barcelona / RTB TERCERA A / G2 / 1a Fase / J7: future match day, keeping minimal match info from the league page
2026-10-02 00:34:16,347 INFO Barcelona / RTB TERCERA A / G2 / 1a Fase / J7: unchanged (5 matches, 0 played)
2026-10-02 00:34:16,353 INFO Barcelona / RTB TERCERA A / G2 / 1a Fase / J8: future match day, keeping minimal match info from the league page
2026-10-02 00:34:16,357 INFO Barcelona / RTB TERCERA A / G2 / 1a Fase / J8: unchanged (5 matches, 0 played)
2026-10-02 00:34:16,363 INFO Barcelona / RTB TERCERA A / G2 / 1a Fase / J9: future match day, keeping minimal match info from the league page
2026-10-02 00:34:16,367 INFO Barcelona / RTB TERCERA A / G2 / 1a Fase / J9: unchanged (5 matches, 0 played)
2026-10-02 00:34:16,372 INFO Barcelona / RTB TERCERA A / G2 / 1a Fase / J10: future match day, keeping minimal match info from the league page
2026-10-02 00:34:16,376 INFO Barcelona / RTB TERCERA A / G2 / 1a Fase / J10: unchanged (5 matches, 0 played)
2026-10-02 00:34:16,382 INFO Barcelona / RTB TERCERA A / G2 / 1a Fase / J11: future match day, keeping minimal match info from the league page
2026-10-02 00:34:16,388 INFO Barcelona / RTB TERCERA A / G2 / 1a Fase / J11: unchanged (5 matches, 0 played)
2026-10-02 00:34:16,393 INFO Barcelona / RTB TERCERA A / G2 / 1a Fase / J12: future match day, keeping minimal match info from the league page
2026-10-02 00:34:16,398 INFO Barcelona / RTB TERCERA A / G2 / 1a Fase / J12: unchanged (5 matches, 0 played)
2026-10-02 00:34:16,403 INFO Barcelona / RTB TERCERA A / G2 / 1a Fase / J13: future match day, keeping minimal match info from the league page
2026-10-02 00:34:16,408 INFO Barcelona / RTB TERCERA A / G2 / 1a Fase / J13: unchanged (5 matches, 0 played)
2026-10-02 00:34:16,415 INFO Barcelona / RTB TERCERA A / G2 / 1a Fase / J14: future match day, keeping minimal match info from the league page
2026-10-02 00:34:16,420 INFO Barcelona / RTB TERCERA A / G2 / 1a Fase / J14: unchanged (5 matches, 0 played)
2026-10-02 00:34:16,428 INFO Barcelona / RTB TERCERA A / G2 / 1a Fase / J15: future match day, keeping minimal match info from the league page
2026-10-02 00:34:16,433 INFO Barcelona / RTB TERCERA A / G2 / 1a Fase / J15: unchanged (5 matches, 0 played)
2026-10-02 00:34:16,441 INFO Barcelona / RTB TERCERA A / G2 / 1a Fase / J16: future match day, keeping minimal match info from the league page
2026-10-02 00:34:16,446 INFO Barcelona / RTB TERCERA A / G2 / 1a Fase / J16: unchanged (5 matches, 0 played)
2026-10-02 00:34:16,454 INFO Barcelona / RTB TERCERA A / G2 / 1a Fase / J17: future match day, keeping minimal match info from the league page
2026-10-02 00:34:16,459 INFO Barcelona / RTB TERCERA A / G2 / 1a Fase / J17: unchanged (5 matches, 0 played)
2026-10-02 00:34:16,466 INFO Barcelona / RTB TERCERA A / G2 / 1a Fase / J18: future match day, keeping minimal match info from the league page
2026-10-02 00:34:16,470 INFO Barcelona / RTB TERCERA A / G2 / 1a Fase / J18: unchanged (5 matches, 0 played)
2026-10-02 00:34:19,123 INFO Barcelona / RTB TERCERA A G3: 18 match day(s) -> C:\git\bcnesa-extract-2\resources\actas-incremental-content\2026-2027\RTB TERCERA A\G3\1a Fase
2026-10-02 00:34:23,521 INFO Barcelona / RTB TERCERA A / G3 / 1a Fase / J1: saved C:\git\bcnesa-extract-2\resources\actas-incremental-content\2026-2027\RTB TERCERA A\G3\1a Fase\jornada_01.html (5 matches, 5 played, complete)
2026-10-02 00:34:23,526 INFO Barcelona / RTB TERCERA A / G3 / 1a Fase / J2: future match day, keeping minimal match info from the league page
2026-10-02 00:34:23,531 INFO Barcelona / RTB TERCERA A / G3 / 1a Fase / J2: unchanged (5 matches, 0 played)
2026-10-02 00:34:23,536 INFO Barcelona / RTB TERCERA A / G3 / 1a Fase / J3: future match day, keeping minimal match info from the league page
2026-10-02 00:34:23,539 INFO Barcelona / RTB TERCERA A / G3 / 1a Fase / J3: unchanged (5 matches, 0 played)
2026-10-02 00:34:23,545 INFO Barcelona / RTB TERCERA A / G3 / 1a Fase / J4: future match day, keeping minimal match info from the league page
2026-10-02 00:34:23,548 INFO Barcelona / RTB TERCERA A / G3 / 1a Fase / J4: unchanged (5 matches, 0 played)
2026-10-02 00:34:23,554 INFO Barcelona / RTB TERCERA A / G3 / 1a Fase / J5: future match day, keeping minimal match info from the league page
2026-10-02 00:34:23,558 INFO Barcelona / RTB TERCERA A / G3 / 1a Fase / J5: unchanged (5 matches, 0 played)
2026-10-02 00:34:23,563 INFO Barcelona / RTB TERCERA A / G3 / 1a Fase / J6: future match day, keeping minimal match info from the league page
2026-10-02 00:34:23,567 INFO Barcelona / RTB TERCERA A / G3 / 1a Fase / J6: unchanged (5 matches, 0 played)
2026-10-02 00:34:23,572 INFO Barcelona / RTB TERCERA A / G3 / 1a Fase / J7: future match day, keeping minimal match info from the league page
2026-10-02 00:34:23,575 INFO Barcelona / RTB TERCERA A / G3 / 1a Fase / J7: unchanged (5 matches, 0 played)
2026-10-02 00:34:23,580 INFO Barcelona / RTB TERCERA A / G3 / 1a Fase / J8: future match day, keeping minimal match info from the league page
2026-10-02 00:34:23,584 INFO Barcelona / RTB TERCERA A / G3 / 1a Fase / J8: unchanged (5 matches, 0 played)
2026-10-02 00:34:23,591 INFO Barcelona / RTB TERCERA A / G3 / 1a Fase / J9: future match day, keeping minimal match info from the league page
2026-10-02 00:34:23,594 INFO Barcelona / RTB TERCERA A / G3 / 1a Fase / J9: unchanged (5 matches, 0 played)
2026-10-02 00:34:23,599 INFO Barcelona / RTB TERCERA A / G3 / 1a Fase / J10: future match day, keeping minimal match info from the league page
2026-10-02 00:34:23,603 INFO Barcelona / RTB TERCERA A / G3 / 1a Fase / J10: unchanged (5 matches, 0 played)
2026-10-02 00:34:23,608 INFO Barcelona / RTB TERCERA A / G3 / 1a Fase / J11: future match day, keeping minimal match info from the league page
2026-10-02 00:34:23,613 INFO Barcelona / RTB TERCERA A / G3 / 1a Fase / J11: unchanged (5 matches, 0 played)
2026-10-02 00:34:23,619 INFO Barcelona / RTB TERCERA A / G3 / 1a Fase / J12: future match day, keeping minimal match info from the league page
2026-10-02 00:34:23,623 INFO Barcelona / RTB TERCERA A / G3 / 1a Fase / J12: unchanged (5 matches, 0 played)
2026-10-02 00:34:23,628 INFO Barcelona / RTB TERCERA A / G3 / 1a Fase / J13: future match day, keeping minimal match info from the league page
2026-10-02 00:34:23,633 INFO Barcelona / RTB TERCERA A / G3 / 1a Fase / J13: unchanged (5 matches, 0 played)
2026-10-02 00:34:23,637 INFO Barcelona / RTB TERCERA A / G3 / 1a Fase / J14: future match day, keeping minimal match info from the league page
2026-10-02 00:34:23,641 INFO Barcelona / RTB TERCERA A / G3 / 1a Fase / J14: unchanged (5 matches, 0 played)
2026-10-02 00:34:23,646 INFO Barcelona / RTB TERCERA A / G3 / 1a Fase / J15: future match day, keeping minimal match info from the league page
2026-10-02 00:34:23,650 INFO Barcelona / RTB TERCERA A / G3 / 1a Fase / J15: unchanged (5 matches, 0 played)
2026-10-02 00:34:23,656 INFO Barcelona / RTB TERCERA A / G3 / 1a Fase / J16: future match day, keeping minimal match info from the league page
2026-10-02 00:34:23,661 INFO Barcelona / RTB TERCERA A / G3 / 1a Fase / J16: unchanged (5 matches, 0 played)
2026-10-02 00:34:23,666 INFO Barcelona / RTB TERCERA A / G3 / 1a Fase / J17: future match day, keeping minimal match info from the league page
2026-10-02 00:34:23,670 INFO Barcelona / RTB TERCERA A / G3 / 1a Fase / J17: unchanged (5 matches, 0 played)
2026-10-02 00:34:23,675 INFO Barcelona / RTB TERCERA A / G3 / 1a Fase / J18: future match day, keeping minimal match info from the league page
2026-10-02 00:34:23,679 INFO Barcelona / RTB TERCERA A / G3 / 1a Fase / J18: unchanged (5 matches, 0 played)
2026-10-02 00:34:26,190 WARNING Attempt 1/6 failed for https://fctt.cat/lligues/rtb-ter-b/ (page without the expected content (the site returned an empty page)); retrying in 3.5s
2026-10-02 00:34:31,976 WARNING Attempt 2/6 failed for https://fctt.cat/lligues/rtb-ter-b/ (page without the expected content (the site returned an empty page)); retrying in 5.0s
2026-10-02 00:34:39,082 WARNING Attempt 3/6 failed for https://fctt.cat/lligues/rtb-ter-b/ (page without the expected content (the site returned an empty page)); retrying in 8.6s
2026-10-02 00:34:49,781 WARNING Attempt 4/6 failed for https://fctt.cat/lligues/rtb-ter-b/ (page without the expected content (the site returned an empty page)); retrying in 17.7s
2026-10-02 00:35:10,124 INFO Barcelona / RTB TERCERA B G1: 18 match day(s) -> C:\git\bcnesa-extract-2\resources\actas-incremental-content\2026-2027\RTB TERCERA B\G1\1a Fase
2026-10-02 00:35:10,158 INFO Barcelona / RTB TERCERA B / G1 / 1a Fase / J1: complete, skipped
2026-10-02 00:35:10,164 INFO Barcelona / RTB TERCERA B / G1 / 1a Fase / J2: future match day, keeping minimal match info from the league page
2026-10-02 00:35:10,167 INFO Barcelona / RTB TERCERA B / G1 / 1a Fase / J2: unchanged (4 matches, 0 played)
2026-10-02 00:35:10,172 INFO Barcelona / RTB TERCERA B / G1 / 1a Fase / J3: future match day, keeping minimal match info from the league page
2026-10-02 00:35:10,176 INFO Barcelona / RTB TERCERA B / G1 / 1a Fase / J3: unchanged (4 matches, 0 played)
2026-10-02 00:35:10,181 INFO Barcelona / RTB TERCERA B / G1 / 1a Fase / J4: future match day, keeping minimal match info from the league page
2026-10-02 00:35:10,185 INFO Barcelona / RTB TERCERA B / G1 / 1a Fase / J4: unchanged (4 matches, 0 played)
2026-10-02 00:35:10,190 INFO Barcelona / RTB TERCERA B / G1 / 1a Fase / J5: future match day, keeping minimal match info from the league page
2026-10-02 00:35:10,194 INFO Barcelona / RTB TERCERA B / G1 / 1a Fase / J5: unchanged (4 matches, 0 played)
2026-10-02 00:35:10,200 INFO Barcelona / RTB TERCERA B / G1 / 1a Fase / J6: future match day, keeping minimal match info from the league page
2026-10-02 00:35:10,204 INFO Barcelona / RTB TERCERA B / G1 / 1a Fase / J6: unchanged (4 matches, 0 played)
2026-10-02 00:35:10,209 INFO Barcelona / RTB TERCERA B / G1 / 1a Fase / J7: future match day, keeping minimal match info from the league page
2026-10-02 00:35:10,213 INFO Barcelona / RTB TERCERA B / G1 / 1a Fase / J7: unchanged (4 matches, 0 played)
2026-10-02 00:35:10,218 INFO Barcelona / RTB TERCERA B / G1 / 1a Fase / J8: future match day, keeping minimal match info from the league page
2026-10-02 00:35:10,223 INFO Barcelona / RTB TERCERA B / G1 / 1a Fase / J8: unchanged (4 matches, 0 played)
2026-10-02 00:35:10,228 INFO Barcelona / RTB TERCERA B / G1 / 1a Fase / J9: future match day, keeping minimal match info from the league page
2026-10-02 00:35:10,232 INFO Barcelona / RTB TERCERA B / G1 / 1a Fase / J9: unchanged (4 matches, 0 played)
2026-10-02 00:35:10,237 INFO Barcelona / RTB TERCERA B / G1 / 1a Fase / J10: future match day, keeping minimal match info from the league page
2026-10-02 00:35:10,242 INFO Barcelona / RTB TERCERA B / G1 / 1a Fase / J10: unchanged (4 matches, 0 played)
2026-10-02 00:35:10,249 INFO Barcelona / RTB TERCERA B / G1 / 1a Fase / J11: future match day, keeping minimal match info from the league page
2026-10-02 00:35:10,253 INFO Barcelona / RTB TERCERA B / G1 / 1a Fase / J11: unchanged (4 matches, 0 played)
2026-10-02 00:35:10,259 INFO Barcelona / RTB TERCERA B / G1 / 1a Fase / J12: future match day, keeping minimal match info from the league page
2026-10-02 00:35:10,262 INFO Barcelona / RTB TERCERA B / G1 / 1a Fase / J12: unchanged (4 matches, 0 played)
2026-10-02 00:35:10,268 INFO Barcelona / RTB TERCERA B / G1 / 1a Fase / J13: future match day, keeping minimal match info from the league page
2026-10-02 00:35:10,271 INFO Barcelona / RTB TERCERA B / G1 / 1a Fase / J13: unchanged (4 matches, 0 played)
2026-10-02 00:35:10,280 INFO Barcelona / RTB TERCERA B / G1 / 1a Fase / J14: future match day, keeping minimal match info from the league page
2026-10-02 00:35:10,283 INFO Barcelona / RTB TERCERA B / G1 / 1a Fase / J14: unchanged (4 matches, 0 played)
2026-10-02 00:35:10,290 INFO Barcelona / RTB TERCERA B / G1 / 1a Fase / J15: future match day, keeping minimal match info from the league page
2026-10-02 00:35:10,294 INFO Barcelona / RTB TERCERA B / G1 / 1a Fase / J15: unchanged (4 matches, 0 played)
2026-10-02 00:35:10,299 INFO Barcelona / RTB TERCERA B / G1 / 1a Fase / J16: future match day, keeping minimal match info from the league page
2026-10-02 00:35:10,303 INFO Barcelona / RTB TERCERA B / G1 / 1a Fase / J16: unchanged (4 matches, 0 played)
2026-10-02 00:35:10,308 INFO Barcelona / RTB TERCERA B / G1 / 1a Fase / J17: future match day, keeping minimal match info from the league page
2026-10-02 00:35:10,312 INFO Barcelona / RTB TERCERA B / G1 / 1a Fase / J17: unchanged (4 matches, 0 played)
2026-10-02 00:35:10,318 INFO Barcelona / RTB TERCERA B / G1 / 1a Fase / J18: future match day, keeping minimal match info from the league page
2026-10-02 00:35:10,323 INFO Barcelona / RTB TERCERA B / G1 / 1a Fase / J18: unchanged (4 matches, 0 played)
2026-10-02 00:35:13,351 INFO Barcelona / RTB TERCERA B G2: 18 match day(s) -> C:\git\bcnesa-extract-2\resources\actas-incremental-content\2026-2027\RTB TERCERA B\G2\1a Fase
2026-10-02 00:35:13,385 INFO Barcelona / RTB TERCERA B / G2 / 1a Fase / J1: complete, skipped
2026-10-02 00:35:13,390 INFO Barcelona / RTB TERCERA B / G2 / 1a Fase / J2: future match day, keeping minimal match info from the league page
2026-10-02 00:35:13,394 INFO Barcelona / RTB TERCERA B / G2 / 1a Fase / J2: unchanged (5 matches, 0 played)
2026-10-02 00:35:13,398 INFO Barcelona / RTB TERCERA B / G2 / 1a Fase / J3: future match day, keeping minimal match info from the league page
2026-10-02 00:35:13,402 INFO Barcelona / RTB TERCERA B / G2 / 1a Fase / J3: unchanged (5 matches, 0 played)
2026-10-02 00:35:13,407 INFO Barcelona / RTB TERCERA B / G2 / 1a Fase / J4: future match day, keeping minimal match info from the league page
2026-10-02 00:35:13,411 INFO Barcelona / RTB TERCERA B / G2 / 1a Fase / J4: unchanged (5 matches, 0 played)
2026-10-02 00:35:13,417 INFO Barcelona / RTB TERCERA B / G2 / 1a Fase / J5: future match day, keeping minimal match info from the league page
2026-10-02 00:35:13,420 INFO Barcelona / RTB TERCERA B / G2 / 1a Fase / J5: unchanged (5 matches, 0 played)
2026-10-02 00:35:13,425 INFO Barcelona / RTB TERCERA B / G2 / 1a Fase / J6: future match day, keeping minimal match info from the league page
2026-10-02 00:35:13,429 INFO Barcelona / RTB TERCERA B / G2 / 1a Fase / J6: unchanged (5 matches, 0 played)
2026-10-02 00:35:13,434 INFO Barcelona / RTB TERCERA B / G2 / 1a Fase / J7: future match day, keeping minimal match info from the league page
2026-10-02 00:35:13,438 INFO Barcelona / RTB TERCERA B / G2 / 1a Fase / J7: unchanged (5 matches, 0 played)
2026-10-02 00:35:13,443 INFO Barcelona / RTB TERCERA B / G2 / 1a Fase / J8: future match day, keeping minimal match info from the league page
2026-10-02 00:35:13,447 INFO Barcelona / RTB TERCERA B / G2 / 1a Fase / J8: unchanged (5 matches, 0 played)
2026-10-02 00:35:13,452 INFO Barcelona / RTB TERCERA B / G2 / 1a Fase / J9: future match day, keeping minimal match info from the league page
2026-10-02 00:35:13,456 INFO Barcelona / RTB TERCERA B / G2 / 1a Fase / J9: unchanged (5 matches, 0 played)
2026-10-02 00:35:13,461 INFO Barcelona / RTB TERCERA B / G2 / 1a Fase / J10: future match day, keeping minimal match info from the league page
2026-10-02 00:35:13,465 INFO Barcelona / RTB TERCERA B / G2 / 1a Fase / J10: unchanged (5 matches, 0 played)
2026-10-02 00:35:13,471 INFO Barcelona / RTB TERCERA B / G2 / 1a Fase / J11: future match day, keeping minimal match info from the league page
2026-10-02 00:35:13,475 INFO Barcelona / RTB TERCERA B / G2 / 1a Fase / J11: unchanged (5 matches, 0 played)
2026-10-02 00:35:13,480 INFO Barcelona / RTB TERCERA B / G2 / 1a Fase / J12: future match day, keeping minimal match info from the league page
2026-10-02 00:35:13,484 INFO Barcelona / RTB TERCERA B / G2 / 1a Fase / J12: unchanged (5 matches, 0 played)
2026-10-02 00:35:13,489 INFO Barcelona / RTB TERCERA B / G2 / 1a Fase / J13: future match day, keeping minimal match info from the league page
2026-10-02 00:35:13,492 INFO Barcelona / RTB TERCERA B / G2 / 1a Fase / J13: unchanged (5 matches, 0 played)
2026-10-02 00:35:13,497 INFO Barcelona / RTB TERCERA B / G2 / 1a Fase / J14: future match day, keeping minimal match info from the league page
2026-10-02 00:35:13,501 INFO Barcelona / RTB TERCERA B / G2 / 1a Fase / J14: unchanged (5 matches, 0 played)
2026-10-02 00:35:13,506 INFO Barcelona / RTB TERCERA B / G2 / 1a Fase / J15: future match day, keeping minimal match info from the league page
2026-10-02 00:35:13,510 INFO Barcelona / RTB TERCERA B / G2 / 1a Fase / J15: unchanged (5 matches, 0 played)
2026-10-02 00:35:13,515 INFO Barcelona / RTB TERCERA B / G2 / 1a Fase / J16: future match day, keeping minimal match info from the league page
2026-10-02 00:35:13,519 INFO Barcelona / RTB TERCERA B / G2 / 1a Fase / J16: unchanged (5 matches, 0 played)
2026-10-02 00:35:13,525 INFO Barcelona / RTB TERCERA B / G2 / 1a Fase / J17: future match day, keeping minimal match info from the league page
2026-10-02 00:35:13,532 INFO Barcelona / RTB TERCERA B / G2 / 1a Fase / J17: unchanged (5 matches, 0 played)
2026-10-02 00:35:13,539 INFO Barcelona / RTB TERCERA B / G2 / 1a Fase / J18: future match day, keeping minimal match info from the league page
2026-10-02 00:35:13,544 INFO Barcelona / RTB TERCERA B / G2 / 1a Fase / J18: unchanged (5 matches, 0 played)
2026-10-02 00:35:16,291 INFO Barcelona / RTB TERCERA B G3: 18 match day(s) -> C:\git\bcnesa-extract-2\resources\actas-incremental-content\2026-2027\RTB TERCERA B\G3\1a Fase
2026-10-02 00:35:16,327 INFO Barcelona / RTB TERCERA B / G3 / 1a Fase / J1: complete, skipped
2026-10-02 00:35:16,332 INFO Barcelona / RTB TERCERA B / G3 / 1a Fase / J2: future match day, keeping minimal match info from the league page
2026-10-02 00:35:16,336 INFO Barcelona / RTB TERCERA B / G3 / 1a Fase / J2: unchanged (5 matches, 0 played)
2026-10-02 00:35:16,341 INFO Barcelona / RTB TERCERA B / G3 / 1a Fase / J3: future match day, keeping minimal match info from the league page
2026-10-02 00:35:16,345 INFO Barcelona / RTB TERCERA B / G3 / 1a Fase / J3: unchanged (5 matches, 0 played)
2026-10-02 00:35:16,351 INFO Barcelona / RTB TERCERA B / G3 / 1a Fase / J4: future match day, keeping minimal match info from the league page
2026-10-02 00:35:16,355 INFO Barcelona / RTB TERCERA B / G3 / 1a Fase / J4: unchanged (5 matches, 0 played)
2026-10-02 00:35:16,360 INFO Barcelona / RTB TERCERA B / G3 / 1a Fase / J5: future match day, keeping minimal match info from the league page
2026-10-02 00:35:16,364 INFO Barcelona / RTB TERCERA B / G3 / 1a Fase / J5: unchanged (5 matches, 0 played)
2026-10-02 00:35:16,368 INFO Barcelona / RTB TERCERA B / G3 / 1a Fase / J6: future match day, keeping minimal match info from the league page
2026-10-02 00:35:16,372 INFO Barcelona / RTB TERCERA B / G3 / 1a Fase / J6: unchanged (5 matches, 0 played)
2026-10-02 00:35:16,377 INFO Barcelona / RTB TERCERA B / G3 / 1a Fase / J7: future match day, keeping minimal match info from the league page
2026-10-02 00:35:16,381 INFO Barcelona / RTB TERCERA B / G3 / 1a Fase / J7: unchanged (5 matches, 0 played)
2026-10-02 00:35:16,386 INFO Barcelona / RTB TERCERA B / G3 / 1a Fase / J8: future match day, keeping minimal match info from the league page
2026-10-02 00:35:16,390 INFO Barcelona / RTB TERCERA B / G3 / 1a Fase / J8: unchanged (5 matches, 0 played)
2026-10-02 00:35:16,395 INFO Barcelona / RTB TERCERA B / G3 / 1a Fase / J9: future match day, keeping minimal match info from the league page
2026-10-02 00:35:16,399 INFO Barcelona / RTB TERCERA B / G3 / 1a Fase / J9: unchanged (5 matches, 0 played)
2026-10-02 00:35:16,404 INFO Barcelona / RTB TERCERA B / G3 / 1a Fase / J10: future match day, keeping minimal match info from the league page
2026-10-02 00:35:16,408 INFO Barcelona / RTB TERCERA B / G3 / 1a Fase / J10: unchanged (5 matches, 0 played)
2026-10-02 00:35:16,415 INFO Barcelona / RTB TERCERA B / G3 / 1a Fase / J11: future match day, keeping minimal match info from the league page
2026-10-02 00:35:16,419 INFO Barcelona / RTB TERCERA B / G3 / 1a Fase / J11: unchanged (5 matches, 0 played)
2026-10-02 00:35:16,426 INFO Barcelona / RTB TERCERA B / G3 / 1a Fase / J12: future match day, keeping minimal match info from the league page
2026-10-02 00:35:16,431 INFO Barcelona / RTB TERCERA B / G3 / 1a Fase / J12: unchanged (5 matches, 0 played)
2026-10-02 00:35:16,436 INFO Barcelona / RTB TERCERA B / G3 / 1a Fase / J13: future match day, keeping minimal match info from the league page
2026-10-02 00:35:16,441 INFO Barcelona / RTB TERCERA B / G3 / 1a Fase / J13: unchanged (5 matches, 0 played)
2026-10-02 00:35:16,446 INFO Barcelona / RTB TERCERA B / G3 / 1a Fase / J14: future match day, keeping minimal match info from the league page
2026-10-02 00:35:16,450 INFO Barcelona / RTB TERCERA B / G3 / 1a Fase / J14: unchanged (5 matches, 0 played)
2026-10-02 00:35:16,455 INFO Barcelona / RTB TERCERA B / G3 / 1a Fase / J15: future match day, keeping minimal match info from the league page
2026-10-02 00:35:16,460 INFO Barcelona / RTB TERCERA B / G3 / 1a Fase / J15: unchanged (5 matches, 0 played)
2026-10-02 00:35:16,467 INFO Barcelona / RTB TERCERA B / G3 / 1a Fase / J16: future match day, keeping minimal match info from the league page
2026-10-02 00:35:16,470 INFO Barcelona / RTB TERCERA B / G3 / 1a Fase / J16: unchanged (5 matches, 0 played)
2026-10-02 00:35:16,476 INFO Barcelona / RTB TERCERA B / G3 / 1a Fase / J17: future match day, keeping minimal match info from the league page
2026-10-02 00:35:16,480 INFO Barcelona / RTB TERCERA B / G3 / 1a Fase / J17: unchanged (5 matches, 0 played)
2026-10-02 00:35:16,486 INFO Barcelona / RTB TERCERA B / G3 / 1a Fase / J18: future match day, keeping minimal match info from the league page
2026-10-02 00:35:16,492 INFO Barcelona / RTB TERCERA B / G3 / 1a Fase / J18: unchanged (5 matches, 0 played)
2026-10-02 00:35:19,213 INFO Barcelona / RTB 1a COMARCAL G1: 18 match day(s) -> C:\git\bcnesa-extract-2\resources\actas-incremental-content\2026-2027\RTB 1a COMARCAL\G1\1a Fase
2026-10-02 00:35:19,240 INFO Barcelona / RTB 1a COMARCAL / G1 / 1a Fase / J1: complete, skipped
2026-10-02 00:35:19,246 INFO Barcelona / RTB 1a COMARCAL / G1 / 1a Fase / J2: future match day, keeping minimal match info from the league page
2026-10-02 00:35:19,249 INFO Barcelona / RTB 1a COMARCAL / G1 / 1a Fase / J2: unchanged (4 matches, 0 played)
2026-10-02 00:35:19,254 INFO Barcelona / RTB 1a COMARCAL / G1 / 1a Fase / J3: future match day, keeping minimal match info from the league page
2026-10-02 00:35:19,257 INFO Barcelona / RTB 1a COMARCAL / G1 / 1a Fase / J3: unchanged (4 matches, 0 played)
2026-10-02 00:35:19,261 INFO Barcelona / RTB 1a COMARCAL / G1 / 1a Fase / J4: future match day, keeping minimal match info from the league page
2026-10-02 00:35:19,264 INFO Barcelona / RTB 1a COMARCAL / G1 / 1a Fase / J4: unchanged (4 matches, 0 played)
2026-10-02 00:35:19,269 INFO Barcelona / RTB 1a COMARCAL / G1 / 1a Fase / J5: future match day, keeping minimal match info from the league page
2026-10-02 00:35:19,273 INFO Barcelona / RTB 1a COMARCAL / G1 / 1a Fase / J5: unchanged (4 matches, 0 played)
2026-10-02 00:35:19,278 INFO Barcelona / RTB 1a COMARCAL / G1 / 1a Fase / J6: future match day, keeping minimal match info from the league page
2026-10-02 00:35:19,281 INFO Barcelona / RTB 1a COMARCAL / G1 / 1a Fase / J6: unchanged (4 matches, 0 played)
2026-10-02 00:35:19,286 INFO Barcelona / RTB 1a COMARCAL / G1 / 1a Fase / J7: future match day, keeping minimal match info from the league page
2026-10-02 00:35:19,289 INFO Barcelona / RTB 1a COMARCAL / G1 / 1a Fase / J7: unchanged (4 matches, 0 played)
2026-10-02 00:35:19,294 INFO Barcelona / RTB 1a COMARCAL / G1 / 1a Fase / J8: future match day, keeping minimal match info from the league page
2026-10-02 00:35:19,297 INFO Barcelona / RTB 1a COMARCAL / G1 / 1a Fase / J8: unchanged (4 matches, 0 played)
2026-10-02 00:35:19,303 INFO Barcelona / RTB 1a COMARCAL / G1 / 1a Fase / J9: future match day, keeping minimal match info from the league page
2026-10-02 00:35:19,306 INFO Barcelona / RTB 1a COMARCAL / G1 / 1a Fase / J9: unchanged (4 matches, 0 played)
2026-10-02 00:35:19,311 INFO Barcelona / RTB 1a COMARCAL / G1 / 1a Fase / J10: future match day, keeping minimal match info from the league page
2026-10-02 00:35:19,314 INFO Barcelona / RTB 1a COMARCAL / G1 / 1a Fase / J10: unchanged (4 matches, 0 played)
2026-10-02 00:35:19,319 INFO Barcelona / RTB 1a COMARCAL / G1 / 1a Fase / J11: future match day, keeping minimal match info from the league page
2026-10-02 00:35:19,322 INFO Barcelona / RTB 1a COMARCAL / G1 / 1a Fase / J11: unchanged (4 matches, 0 played)
2026-10-02 00:35:19,327 INFO Barcelona / RTB 1a COMARCAL / G1 / 1a Fase / J12: future match day, keeping minimal match info from the league page
2026-10-02 00:35:19,330 INFO Barcelona / RTB 1a COMARCAL / G1 / 1a Fase / J12: unchanged (4 matches, 0 played)
2026-10-02 00:35:19,335 INFO Barcelona / RTB 1a COMARCAL / G1 / 1a Fase / J13: future match day, keeping minimal match info from the league page
2026-10-02 00:35:19,338 INFO Barcelona / RTB 1a COMARCAL / G1 / 1a Fase / J13: unchanged (4 matches, 0 played)
2026-10-02 00:35:19,342 INFO Barcelona / RTB 1a COMARCAL / G1 / 1a Fase / J14: future match day, keeping minimal match info from the league page
2026-10-02 00:35:19,345 INFO Barcelona / RTB 1a COMARCAL / G1 / 1a Fase / J14: unchanged (4 matches, 0 played)
2026-10-02 00:35:19,350 INFO Barcelona / RTB 1a COMARCAL / G1 / 1a Fase / J15: future match day, keeping minimal match info from the league page
2026-10-02 00:35:19,354 INFO Barcelona / RTB 1a COMARCAL / G1 / 1a Fase / J15: unchanged (4 matches, 0 played)
2026-10-02 00:35:19,358 INFO Barcelona / RTB 1a COMARCAL / G1 / 1a Fase / J16: future match day, keeping minimal match info from the league page
2026-10-02 00:35:19,362 INFO Barcelona / RTB 1a COMARCAL / G1 / 1a Fase / J16: unchanged (4 matches, 0 played)
2026-10-02 00:35:19,367 INFO Barcelona / RTB 1a COMARCAL / G1 / 1a Fase / J17: future match day, keeping minimal match info from the league page
2026-10-02 00:35:19,371 INFO Barcelona / RTB 1a COMARCAL / G1 / 1a Fase / J17: unchanged (4 matches, 0 played)
2026-10-02 00:35:19,376 INFO Barcelona / RTB 1a COMARCAL / G1 / 1a Fase / J18: future match day, keeping minimal match info from the league page
2026-10-02 00:35:19,379 INFO Barcelona / RTB 1a COMARCAL / G1 / 1a Fase / J18: unchanged (4 matches, 0 played)
2026-10-02 00:35:22,141 INFO Barcelona / RTB 1a COMARCAL G2: 18 match day(s) -> C:\git\bcnesa-extract-2\resources\actas-incremental-content\2026-2027\RTB 1a COMARCAL\G2\1a Fase
2026-10-02 00:35:26,352 INFO Barcelona / RTB 1a COMARCAL / G2 / 1a Fase / J1: saved C:\git\bcnesa-extract-2\resources\actas-incremental-content\2026-2027\RTB 1a COMARCAL\G2\1a Fase\jornada_01.html (4 matches, 4 played, complete)
2026-10-02 00:35:26,357 INFO Barcelona / RTB 1a COMARCAL / G2 / 1a Fase / J2: future match day, keeping minimal match info from the league page
2026-10-02 00:35:26,360 INFO Barcelona / RTB 1a COMARCAL / G2 / 1a Fase / J2: unchanged (4 matches, 0 played)
2026-10-02 00:35:26,365 INFO Barcelona / RTB 1a COMARCAL / G2 / 1a Fase / J3: future match day, keeping minimal match info from the league page
2026-10-02 00:35:26,368 INFO Barcelona / RTB 1a COMARCAL / G2 / 1a Fase / J3: unchanged (4 matches, 0 played)
2026-10-02 00:35:26,373 INFO Barcelona / RTB 1a COMARCAL / G2 / 1a Fase / J4: future match day, keeping minimal match info from the league page
2026-10-02 00:35:26,377 INFO Barcelona / RTB 1a COMARCAL / G2 / 1a Fase / J4: unchanged (4 matches, 0 played)
2026-10-02 00:35:26,381 INFO Barcelona / RTB 1a COMARCAL / G2 / 1a Fase / J5: future match day, keeping minimal match info from the league page
2026-10-02 00:35:26,384 INFO Barcelona / RTB 1a COMARCAL / G2 / 1a Fase / J5: unchanged (4 matches, 0 played)
2026-10-02 00:35:26,389 INFO Barcelona / RTB 1a COMARCAL / G2 / 1a Fase / J6: future match day, keeping minimal match info from the league page
2026-10-02 00:35:26,393 INFO Barcelona / RTB 1a COMARCAL / G2 / 1a Fase / J6: unchanged (4 matches, 0 played)
2026-10-02 00:35:26,397 INFO Barcelona / RTB 1a COMARCAL / G2 / 1a Fase / J7: future match day, keeping minimal match info from the league page
2026-10-02 00:35:26,400 INFO Barcelona / RTB 1a COMARCAL / G2 / 1a Fase / J7: unchanged (4 matches, 0 played)
2026-10-02 00:35:26,405 INFO Barcelona / RTB 1a COMARCAL / G2 / 1a Fase / J8: future match day, keeping minimal match info from the league page
2026-10-02 00:35:26,408 INFO Barcelona / RTB 1a COMARCAL / G2 / 1a Fase / J8: unchanged (4 matches, 0 played)
2026-10-02 00:35:26,413 INFO Barcelona / RTB 1a COMARCAL / G2 / 1a Fase / J9: future match day, keeping minimal match info from the league page
2026-10-02 00:35:26,416 INFO Barcelona / RTB 1a COMARCAL / G2 / 1a Fase / J9: unchanged (4 matches, 0 played)
2026-10-02 00:35:26,421 INFO Barcelona / RTB 1a COMARCAL / G2 / 1a Fase / J10: future match day, keeping minimal match info from the league page
2026-10-02 00:35:26,424 INFO Barcelona / RTB 1a COMARCAL / G2 / 1a Fase / J10: unchanged (4 matches, 0 played)
2026-10-02 00:35:26,428 INFO Barcelona / RTB 1a COMARCAL / G2 / 1a Fase / J11: future match day, keeping minimal match info from the league page
2026-10-02 00:35:26,432 INFO Barcelona / RTB 1a COMARCAL / G2 / 1a Fase / J11: unchanged (4 matches, 0 played)
2026-10-02 00:35:26,436 INFO Barcelona / RTB 1a COMARCAL / G2 / 1a Fase / J12: future match day, keeping minimal match info from the league page
2026-10-02 00:35:26,440 INFO Barcelona / RTB 1a COMARCAL / G2 / 1a Fase / J12: unchanged (4 matches, 0 played)
2026-10-02 00:35:26,444 INFO Barcelona / RTB 1a COMARCAL / G2 / 1a Fase / J13: future match day, keeping minimal match info from the league page
2026-10-02 00:35:26,447 INFO Barcelona / RTB 1a COMARCAL / G2 / 1a Fase / J13: unchanged (4 matches, 0 played)
2026-10-02 00:35:26,452 INFO Barcelona / RTB 1a COMARCAL / G2 / 1a Fase / J14: future match day, keeping minimal match info from the league page
2026-10-02 00:35:26,455 INFO Barcelona / RTB 1a COMARCAL / G2 / 1a Fase / J14: unchanged (4 matches, 0 played)
2026-10-02 00:35:26,459 INFO Barcelona / RTB 1a COMARCAL / G2 / 1a Fase / J15: future match day, keeping minimal match info from the league page
2026-10-02 00:35:26,462 INFO Barcelona / RTB 1a COMARCAL / G2 / 1a Fase / J15: unchanged (4 matches, 0 played)
2026-10-02 00:35:26,467 INFO Barcelona / RTB 1a COMARCAL / G2 / 1a Fase / J16: future match day, keeping minimal match info from the league page
2026-10-02 00:35:26,471 INFO Barcelona / RTB 1a COMARCAL / G2 / 1a Fase / J16: unchanged (4 matches, 0 played)
2026-10-02 00:35:26,475 INFO Barcelona / RTB 1a COMARCAL / G2 / 1a Fase / J17: future match day, keeping minimal match info from the league page
2026-10-02 00:35:26,478 INFO Barcelona / RTB 1a COMARCAL / G2 / 1a Fase / J17: unchanged (4 matches, 0 played)
2026-10-02 00:35:26,484 INFO Barcelona / RTB 1a COMARCAL / G2 / 1a Fase / J18: future match day, keeping minimal match info from the league page
2026-10-02 00:35:26,487 INFO Barcelona / RTB 1a COMARCAL / G2 / 1a Fase / J18: unchanged (4 matches, 0 played)
2026-10-02 00:35:29,115 INFO Barcelona / RTB 1a COMARCAL G3: 18 match day(s) -> C:\git\bcnesa-extract-2\resources\actas-incremental-content\2026-2027\RTB 1a COMARCAL\G3\1a Fase
2026-10-02 00:35:29,141 INFO Barcelona / RTB 1a COMARCAL / G3 / 1a Fase / J1: complete, skipped
2026-10-02 00:35:29,145 INFO Barcelona / RTB 1a COMARCAL / G3 / 1a Fase / J2: future match day, keeping minimal match info from the league page
2026-10-02 00:35:29,149 INFO Barcelona / RTB 1a COMARCAL / G3 / 1a Fase / J2: unchanged (4 matches, 0 played)
2026-10-02 00:35:29,153 INFO Barcelona / RTB 1a COMARCAL / G3 / 1a Fase / J3: future match day, keeping minimal match info from the league page
2026-10-02 00:35:29,156 INFO Barcelona / RTB 1a COMARCAL / G3 / 1a Fase / J3: unchanged (4 matches, 0 played)
2026-10-02 00:35:29,161 INFO Barcelona / RTB 1a COMARCAL / G3 / 1a Fase / J4: future match day, keeping minimal match info from the league page
2026-10-02 00:35:29,164 INFO Barcelona / RTB 1a COMARCAL / G3 / 1a Fase / J4: unchanged (4 matches, 0 played)
2026-10-02 00:35:29,169 INFO Barcelona / RTB 1a COMARCAL / G3 / 1a Fase / J5: future match day, keeping minimal match info from the league page
2026-10-02 00:35:29,172 INFO Barcelona / RTB 1a COMARCAL / G3 / 1a Fase / J5: unchanged (4 matches, 0 played)
2026-10-02 00:35:29,177 INFO Barcelona / RTB 1a COMARCAL / G3 / 1a Fase / J6: future match day, keeping minimal match info from the league page
2026-10-02 00:35:29,180 INFO Barcelona / RTB 1a COMARCAL / G3 / 1a Fase / J6: unchanged (4 matches, 0 played)
2026-10-02 00:35:29,184 INFO Barcelona / RTB 1a COMARCAL / G3 / 1a Fase / J7: future match day, keeping minimal match info from the league page
2026-10-02 00:35:29,187 INFO Barcelona / RTB 1a COMARCAL / G3 / 1a Fase / J7: unchanged (4 matches, 0 played)
2026-10-02 00:35:29,192 INFO Barcelona / RTB 1a COMARCAL / G3 / 1a Fase / J8: future match day, keeping minimal match info from the league page
2026-10-02 00:35:29,195 INFO Barcelona / RTB 1a COMARCAL / G3 / 1a Fase / J8: unchanged (4 matches, 0 played)
2026-10-02 00:35:29,200 INFO Barcelona / RTB 1a COMARCAL / G3 / 1a Fase / J9: future match day, keeping minimal match info from the league page
2026-10-02 00:35:29,203 INFO Barcelona / RTB 1a COMARCAL / G3 / 1a Fase / J9: unchanged (4 matches, 0 played)
2026-10-02 00:35:29,208 INFO Barcelona / RTB 1a COMARCAL / G3 / 1a Fase / J10: future match day, keeping minimal match info from the league page
2026-10-02 00:35:29,211 INFO Barcelona / RTB 1a COMARCAL / G3 / 1a Fase / J10: unchanged (4 matches, 0 played)
2026-10-02 00:35:29,215 INFO Barcelona / RTB 1a COMARCAL / G3 / 1a Fase / J11: future match day, keeping minimal match info from the league page
2026-10-02 00:35:29,218 INFO Barcelona / RTB 1a COMARCAL / G3 / 1a Fase / J11: unchanged (4 matches, 0 played)
2026-10-02 00:35:29,223 INFO Barcelona / RTB 1a COMARCAL / G3 / 1a Fase / J12: future match day, keeping minimal match info from the league page
2026-10-02 00:35:29,226 INFO Barcelona / RTB 1a COMARCAL / G3 / 1a Fase / J12: unchanged (4 matches, 0 played)
2026-10-02 00:35:29,231 INFO Barcelona / RTB 1a COMARCAL / G3 / 1a Fase / J13: future match day, keeping minimal match info from the league page
2026-10-02 00:35:29,234 INFO Barcelona / RTB 1a COMARCAL / G3 / 1a Fase / J13: unchanged (4 matches, 0 played)
2026-10-02 00:35:29,238 INFO Barcelona / RTB 1a COMARCAL / G3 / 1a Fase / J14: future match day, keeping minimal match info from the league page
2026-10-02 00:35:29,242 INFO Barcelona / RTB 1a COMARCAL / G3 / 1a Fase / J14: unchanged (4 matches, 0 played)
2026-10-02 00:35:29,246 INFO Barcelona / RTB 1a COMARCAL / G3 / 1a Fase / J15: future match day, keeping minimal match info from the league page
2026-10-02 00:35:29,249 INFO Barcelona / RTB 1a COMARCAL / G3 / 1a Fase / J15: unchanged (4 matches, 0 played)
2026-10-02 00:35:29,254 INFO Barcelona / RTB 1a COMARCAL / G3 / 1a Fase / J16: future match day, keeping minimal match info from the league page
2026-10-02 00:35:29,257 INFO Barcelona / RTB 1a COMARCAL / G3 / 1a Fase / J16: unchanged (4 matches, 0 played)
2026-10-02 00:35:29,262 INFO Barcelona / RTB 1a COMARCAL / G3 / 1a Fase / J17: future match day, keeping minimal match info from the league page
2026-10-02 00:35:29,265 INFO Barcelona / RTB 1a COMARCAL / G3 / 1a Fase / J17: unchanged (4 matches, 0 played)
2026-10-02 00:35:29,269 INFO Barcelona / RTB 1a COMARCAL / G3 / 1a Fase / J18: future match day, keeping minimal match info from the league page
2026-10-02 00:35:29,273 INFO Barcelona / RTB 1a COMARCAL / G3 / 1a Fase / J18: unchanged (4 matches, 0 played)
2026-10-02 00:35:31,838 INFO Barcelona / RTB 2a COMARCAL G1: 18 match day(s) -> C:\git\bcnesa-extract-2\resources\actas-incremental-content\2026-2027\RTB 2a COMARCAL\G1\1a Fase
2026-10-02 00:35:31,858 INFO Barcelona / RTB 2a COMARCAL / G1 / 1a Fase / J1: complete, skipped
2026-10-02 00:35:31,862 INFO Barcelona / RTB 2a COMARCAL / G1 / 1a Fase / J2: future match day, keeping minimal match info from the league page
2026-10-02 00:35:31,865 INFO Barcelona / RTB 2a COMARCAL / G1 / 1a Fase / J2: unchanged (3 matches, 0 played)
2026-10-02 00:35:31,869 INFO Barcelona / RTB 2a COMARCAL / G1 / 1a Fase / J3: future match day, keeping minimal match info from the league page
2026-10-02 00:35:31,872 INFO Barcelona / RTB 2a COMARCAL / G1 / 1a Fase / J3: unchanged (3 matches, 0 played)
2026-10-02 00:35:31,876 INFO Barcelona / RTB 2a COMARCAL / G1 / 1a Fase / J4: future match day, keeping minimal match info from the league page
2026-10-02 00:35:31,878 INFO Barcelona / RTB 2a COMARCAL / G1 / 1a Fase / J4: unchanged (3 matches, 0 played)
2026-10-02 00:35:31,882 INFO Barcelona / RTB 2a COMARCAL / G1 / 1a Fase / J5: future match day, keeping minimal match info from the league page
2026-10-02 00:35:31,884 INFO Barcelona / RTB 2a COMARCAL / G1 / 1a Fase / J5: unchanged (3 matches, 0 played)
2026-10-02 00:35:31,889 INFO Barcelona / RTB 2a COMARCAL / G1 / 1a Fase / J6: future match day, keeping minimal match info from the league page
2026-10-02 00:35:31,891 INFO Barcelona / RTB 2a COMARCAL / G1 / 1a Fase / J6: unchanged (3 matches, 0 played)
2026-10-02 00:35:31,896 INFO Barcelona / RTB 2a COMARCAL / G1 / 1a Fase / J7: future match day, keeping minimal match info from the league page
2026-10-02 00:35:31,899 INFO Barcelona / RTB 2a COMARCAL / G1 / 1a Fase / J7: unchanged (4 matches, 0 played)
2026-10-02 00:35:31,903 INFO Barcelona / RTB 2a COMARCAL / G1 / 1a Fase / J8: future match day, keeping minimal match info from the league page
2026-10-02 00:35:31,905 INFO Barcelona / RTB 2a COMARCAL / G1 / 1a Fase / J8: unchanged (3 matches, 0 played)
2026-10-02 00:35:31,909 INFO Barcelona / RTB 2a COMARCAL / G1 / 1a Fase / J9: future match day, keeping minimal match info from the league page
2026-10-02 00:35:31,912 INFO Barcelona / RTB 2a COMARCAL / G1 / 1a Fase / J9: unchanged (3 matches, 0 played)
2026-10-02 00:35:31,916 INFO Barcelona / RTB 2a COMARCAL / G1 / 1a Fase / J10: future match day, keeping minimal match info from the league page
2026-10-02 00:35:31,919 INFO Barcelona / RTB 2a COMARCAL / G1 / 1a Fase / J10: unchanged (3 matches, 0 played)
2026-10-02 00:35:31,923 INFO Barcelona / RTB 2a COMARCAL / G1 / 1a Fase / J11: future match day, keeping minimal match info from the league page
2026-10-02 00:35:31,925 INFO Barcelona / RTB 2a COMARCAL / G1 / 1a Fase / J11: unchanged (3 matches, 0 played)
2026-10-02 00:35:31,929 INFO Barcelona / RTB 2a COMARCAL / G1 / 1a Fase / J12: future match day, keeping minimal match info from the league page
2026-10-02 00:35:31,932 INFO Barcelona / RTB 2a COMARCAL / G1 / 1a Fase / J12: unchanged (3 matches, 0 played)
2026-10-02 00:35:31,936 INFO Barcelona / RTB 2a COMARCAL / G1 / 1a Fase / J13: future match day, keeping minimal match info from the league page
2026-10-02 00:35:31,938 INFO Barcelona / RTB 2a COMARCAL / G1 / 1a Fase / J13: unchanged (3 matches, 0 played)
2026-10-02 00:35:31,943 INFO Barcelona / RTB 2a COMARCAL / G1 / 1a Fase / J14: future match day, keeping minimal match info from the league page
2026-10-02 00:35:31,945 INFO Barcelona / RTB 2a COMARCAL / G1 / 1a Fase / J14: unchanged (3 matches, 0 played)
2026-10-02 00:35:31,949 INFO Barcelona / RTB 2a COMARCAL / G1 / 1a Fase / J15: future match day, keeping minimal match info from the league page
2026-10-02 00:35:31,952 INFO Barcelona / RTB 2a COMARCAL / G1 / 1a Fase / J15: unchanged (3 matches, 0 played)
2026-10-02 00:35:31,956 INFO Barcelona / RTB 2a COMARCAL / G1 / 1a Fase / J16: future match day, keeping minimal match info from the league page
2026-10-02 00:35:31,959 INFO Barcelona / RTB 2a COMARCAL / G1 / 1a Fase / J16: unchanged (4 matches, 0 played)
2026-10-02 00:35:31,963 INFO Barcelona / RTB 2a COMARCAL / G1 / 1a Fase / J17: future match day, keeping minimal match info from the league page
2026-10-02 00:35:31,966 INFO Barcelona / RTB 2a COMARCAL / G1 / 1a Fase / J17: unchanged (3 matches, 0 played)
2026-10-02 00:35:31,970 INFO Barcelona / RTB 2a COMARCAL / G1 / 1a Fase / J18: future match day, keeping minimal match info from the league page
2026-10-02 00:35:31,973 INFO Barcelona / RTB 2a COMARCAL / G1 / 1a Fase / J18: unchanged (3 matches, 0 played)
2026-10-02 00:35:34,595 INFO Barcelona / RTB 2a COMARCAL G2: 18 match day(s) -> C:\git\bcnesa-extract-2\resources\actas-incremental-content\2026-2027\RTB 2a COMARCAL\G2\1a Fase
2026-10-02 00:35:34,621 INFO Barcelona / RTB 2a COMARCAL / G2 / 1a Fase / J1: complete, skipped
2026-10-02 00:35:34,625 INFO Barcelona / RTB 2a COMARCAL / G2 / 1a Fase / J2: future match day, keeping minimal match info from the league page
2026-10-02 00:35:34,628 INFO Barcelona / RTB 2a COMARCAL / G2 / 1a Fase / J2: unchanged (3 matches, 0 played)
2026-10-02 00:35:34,632 INFO Barcelona / RTB 2a COMARCAL / G2 / 1a Fase / J3: future match day, keeping minimal match info from the league page
2026-10-02 00:35:34,635 INFO Barcelona / RTB 2a COMARCAL / G2 / 1a Fase / J3: unchanged (3 matches, 0 played)
2026-10-02 00:35:34,639 INFO Barcelona / RTB 2a COMARCAL / G2 / 1a Fase / J4: future match day, keeping minimal match info from the league page
2026-10-02 00:35:34,642 INFO Barcelona / RTB 2a COMARCAL / G2 / 1a Fase / J4: unchanged (3 matches, 0 played)
2026-10-02 00:35:34,646 INFO Barcelona / RTB 2a COMARCAL / G2 / 1a Fase / J5: future match day, keeping minimal match info from the league page
2026-10-02 00:35:34,648 INFO Barcelona / RTB 2a COMARCAL / G2 / 1a Fase / J5: unchanged (3 matches, 0 played)
2026-10-02 00:35:34,652 INFO Barcelona / RTB 2a COMARCAL / G2 / 1a Fase / J6: future match day, keeping minimal match info from the league page
2026-10-02 00:35:34,655 INFO Barcelona / RTB 2a COMARCAL / G2 / 1a Fase / J6: unchanged (3 matches, 0 played)
2026-10-02 00:35:34,659 INFO Barcelona / RTB 2a COMARCAL / G2 / 1a Fase / J7: future match day, keeping minimal match info from the league page
2026-10-02 00:35:34,661 INFO Barcelona / RTB 2a COMARCAL / G2 / 1a Fase / J7: unchanged (3 matches, 0 played)
2026-10-02 00:35:34,666 INFO Barcelona / RTB 2a COMARCAL / G2 / 1a Fase / J8: future match day, keeping minimal match info from the league page
2026-10-02 00:35:34,668 INFO Barcelona / RTB 2a COMARCAL / G2 / 1a Fase / J8: unchanged (3 matches, 0 played)
2026-10-02 00:35:34,672 INFO Barcelona / RTB 2a COMARCAL / G2 / 1a Fase / J9: future match day, keeping minimal match info from the league page
2026-10-02 00:35:34,675 INFO Barcelona / RTB 2a COMARCAL / G2 / 1a Fase / J9: unchanged (3 matches, 0 played)
2026-10-02 00:35:34,679 INFO Barcelona / RTB 2a COMARCAL / G2 / 1a Fase / J10: future match day, keeping minimal match info from the league page
2026-10-02 00:35:34,683 INFO Barcelona / RTB 2a COMARCAL / G2 / 1a Fase / J10: unchanged (4 matches, 0 played)
2026-10-02 00:35:34,687 INFO Barcelona / RTB 2a COMARCAL / G2 / 1a Fase / J11: future match day, keeping minimal match info from the league page
2026-10-02 00:35:34,689 INFO Barcelona / RTB 2a COMARCAL / G2 / 1a Fase / J11: unchanged (3 matches, 0 played)
2026-10-02 00:35:34,693 INFO Barcelona / RTB 2a COMARCAL / G2 / 1a Fase / J12: future match day, keeping minimal match info from the league page
2026-10-02 00:35:34,696 INFO Barcelona / RTB 2a COMARCAL / G2 / 1a Fase / J12: unchanged (3 matches, 0 played)
2026-10-02 00:35:34,700 INFO Barcelona / RTB 2a COMARCAL / G2 / 1a Fase / J13: future match day, keeping minimal match info from the league page
2026-10-02 00:35:34,703 INFO Barcelona / RTB 2a COMARCAL / G2 / 1a Fase / J13: unchanged (3 matches, 0 played)
2026-10-02 00:35:34,707 INFO Barcelona / RTB 2a COMARCAL / G2 / 1a Fase / J14: future match day, keeping minimal match info from the league page
2026-10-02 00:35:34,710 INFO Barcelona / RTB 2a COMARCAL / G2 / 1a Fase / J14: unchanged (3 matches, 0 played)
2026-10-02 00:35:34,714 INFO Barcelona / RTB 2a COMARCAL / G2 / 1a Fase / J15: future match day, keeping minimal match info from the league page
2026-10-02 00:35:34,716 INFO Barcelona / RTB 2a COMARCAL / G2 / 1a Fase / J15: unchanged (3 matches, 0 played)
2026-10-02 00:35:34,721 INFO Barcelona / RTB 2a COMARCAL / G2 / 1a Fase / J16: future match day, keeping minimal match info from the league page
2026-10-02 00:35:34,723 INFO Barcelona / RTB 2a COMARCAL / G2 / 1a Fase / J16: unchanged (3 matches, 0 played)
2026-10-02 00:35:34,727 INFO Barcelona / RTB 2a COMARCAL / G2 / 1a Fase / J17: future match day, keeping minimal match info from the league page
2026-10-02 00:35:34,729 INFO Barcelona / RTB 2a COMARCAL / G2 / 1a Fase / J17: unchanged (3 matches, 0 played)
2026-10-02 00:35:34,734 INFO Barcelona / RTB 2a COMARCAL / G2 / 1a Fase / J18: future match day, keeping minimal match info from the league page
2026-10-02 00:35:34,736 INFO Barcelona / RTB 2a COMARCAL / G2 / 1a Fase / J18: unchanged (3 matches, 0 played)
2026-10-02 00:35:37,334 INFO Barcelona / RTB VETERANS 1a G1: 14 match day(s) -> C:\git\bcnesa-extract-2\resources\actas-incremental-content\2026-2027\RTB VETERANS 1a\G1\1a Fase
2026-10-02 00:35:41,031 WARNING Attempt 1/6 failed for https://fctt.cat/lligues/rtb-vet-1a/?jornada=1 (incomplete content: match 7576 game 1 right: player 'SERRANO GONZALEZ, FABIÀ' has no player link (+41 more)); retrying in 3.1s
2026-10-02 00:35:46,252 WARNING Attempt 2/6 failed for https://fctt.cat/lligues/rtb-vet-1a/?jornada=1 (page without matches (the site returned an empty page)); retrying in 5.3s
2026-10-02 00:35:55,588 INFO Barcelona / RTB VETERANS 1a / G1 / 1a Fase / J1: saved C:\git\bcnesa-extract-2\resources\actas-incremental-content\2026-2027\RTB VETERANS 1a\G1\1a Fase\jornada_01.html (4 matches, 4 played, complete)
2026-10-02 00:35:55,590 INFO Barcelona / RTB VETERANS 1a / G1 / 1a Fase / J2: future match day, keeping minimal match info from the league page
2026-10-02 00:35:55,595 INFO Barcelona / RTB VETERANS 1a / G1 / 1a Fase / J2: saved C:\git\bcnesa-extract-2\resources\actas-incremental-content\2026-2027\RTB VETERANS 1a\G1\1a Fase\jornada_02.html (4 matches, 0 played, partial)
2026-10-02 00:35:55,597 INFO Barcelona / RTB VETERANS 1a / G1 / 1a Fase / J3: future match day, keeping minimal match info from the league page
2026-10-02 00:35:55,609 INFO Barcelona / RTB VETERANS 1a / G1 / 1a Fase / J3: saved C:\git\bcnesa-extract-2\resources\actas-incremental-content\2026-2027\RTB VETERANS 1a\G1\1a Fase\jornada_03.html (4 matches, 0 played, partial)
2026-10-02 00:35:55,612 INFO Barcelona / RTB VETERANS 1a / G1 / 1a Fase / J4: future match day, keeping minimal match info from the league page
2026-10-02 00:35:55,617 INFO Barcelona / RTB VETERANS 1a / G1 / 1a Fase / J4: saved C:\git\bcnesa-extract-2\resources\actas-incremental-content\2026-2027\RTB VETERANS 1a\G1\1a Fase\jornada_04.html (4 matches, 0 played, partial)
2026-10-02 00:35:55,619 INFO Barcelona / RTB VETERANS 1a / G1 / 1a Fase / J5: future match day, keeping minimal match info from the league page
2026-10-02 00:35:55,624 INFO Barcelona / RTB VETERANS 1a / G1 / 1a Fase / J5: saved C:\git\bcnesa-extract-2\resources\actas-incremental-content\2026-2027\RTB VETERANS 1a\G1\1a Fase\jornada_05.html (4 matches, 0 played, partial)
2026-10-02 00:35:55,627 INFO Barcelona / RTB VETERANS 1a / G1 / 1a Fase / J6: future match day, keeping minimal match info from the league page
2026-10-02 00:35:55,632 INFO Barcelona / RTB VETERANS 1a / G1 / 1a Fase / J6: saved C:\git\bcnesa-extract-2\resources\actas-incremental-content\2026-2027\RTB VETERANS 1a\G1\1a Fase\jornada_06.html (4 matches, 0 played, partial)
2026-10-02 00:35:55,634 INFO Barcelona / RTB VETERANS 1a / G1 / 1a Fase / J7: future match day, keeping minimal match info from the league page
2026-10-02 00:35:55,639 INFO Barcelona / RTB VETERANS 1a / G1 / 1a Fase / J7: saved C:\git\bcnesa-extract-2\resources\actas-incremental-content\2026-2027\RTB VETERANS 1a\G1\1a Fase\jornada_07.html (4 matches, 0 played, partial)
2026-10-02 00:35:55,641 INFO Barcelona / RTB VETERANS 1a / G1 / 1a Fase / J8: future match day, keeping minimal match info from the league page
2026-10-02 00:35:55,647 INFO Barcelona / RTB VETERANS 1a / G1 / 1a Fase / J8: saved C:\git\bcnesa-extract-2\resources\actas-incremental-content\2026-2027\RTB VETERANS 1a\G1\1a Fase\jornada_08.html (4 matches, 0 played, partial)
2026-10-02 00:35:55,649 INFO Barcelona / RTB VETERANS 1a / G1 / 1a Fase / J9: future match day, keeping minimal match info from the league page
2026-10-02 00:35:55,654 INFO Barcelona / RTB VETERANS 1a / G1 / 1a Fase / J9: saved C:\git\bcnesa-extract-2\resources\actas-incremental-content\2026-2027\RTB VETERANS 1a\G1\1a Fase\jornada_09.html (4 matches, 0 played, partial)
2026-10-02 00:35:55,657 INFO Barcelona / RTB VETERANS 1a / G1 / 1a Fase / J10: future match day, keeping minimal match info from the league page
2026-10-02 00:35:55,662 INFO Barcelona / RTB VETERANS 1a / G1 / 1a Fase / J10: saved C:\git\bcnesa-extract-2\resources\actas-incremental-content\2026-2027\RTB VETERANS 1a\G1\1a Fase\jornada_10.html (4 matches, 0 played, partial)
2026-10-02 00:35:55,664 INFO Barcelona / RTB VETERANS 1a / G1 / 1a Fase / J11: future match day, keeping minimal match info from the league page
2026-10-02 00:35:55,669 INFO Barcelona / RTB VETERANS 1a / G1 / 1a Fase / J11: saved C:\git\bcnesa-extract-2\resources\actas-incremental-content\2026-2027\RTB VETERANS 1a\G1\1a Fase\jornada_11.html (4 matches, 0 played, partial)
2026-10-02 00:35:55,672 INFO Barcelona / RTB VETERANS 1a / G1 / 1a Fase / J12: future match day, keeping minimal match info from the league page
2026-10-02 00:35:55,677 INFO Barcelona / RTB VETERANS 1a / G1 / 1a Fase / J12: saved C:\git\bcnesa-extract-2\resources\actas-incremental-content\2026-2027\RTB VETERANS 1a\G1\1a Fase\jornada_12.html (4 matches, 0 played, partial)
2026-10-02 00:35:55,679 INFO Barcelona / RTB VETERANS 1a / G1 / 1a Fase / J13: future match day, keeping minimal match info from the league page
2026-10-02 00:35:55,684 INFO Barcelona / RTB VETERANS 1a / G1 / 1a Fase / J13: saved C:\git\bcnesa-extract-2\resources\actas-incremental-content\2026-2027\RTB VETERANS 1a\G1\1a Fase\jornada_13.html (4 matches, 0 played, partial)
2026-10-02 00:35:55,687 INFO Barcelona / RTB VETERANS 1a / G1 / 1a Fase / J14: future match day, keeping minimal match info from the league page
2026-10-02 00:35:55,692 INFO Barcelona / RTB VETERANS 1a / G1 / 1a Fase / J14: saved C:\git\bcnesa-extract-2\resources\actas-incremental-content\2026-2027\RTB VETERANS 1a\G1\1a Fase\jornada_14.html (4 matches, 0 played, partial)
2026-10-02 00:35:58,211 INFO Barcelona / RTB VETERANS 1a G2: 14 match day(s) -> C:\git\bcnesa-extract-2\resources\actas-incremental-content\2026-2027\RTB VETERANS 1a\G2\1a Fase
2026-10-02 00:35:58,238 INFO Barcelona / RTB VETERANS 1a / G2 / 1a Fase / J1: complete, skipped
2026-10-02 00:35:58,243 INFO Barcelona / RTB VETERANS 1a / G2 / 1a Fase / J2: future match day, keeping minimal match info from the league page
2026-10-02 00:35:58,247 INFO Barcelona / RTB VETERANS 1a / G2 / 1a Fase / J2: unchanged (4 matches, 0 played)
2026-10-02 00:35:58,251 INFO Barcelona / RTB VETERANS 1a / G2 / 1a Fase / J3: future match day, keeping minimal match info from the league page
2026-10-02 00:35:58,254 INFO Barcelona / RTB VETERANS 1a / G2 / 1a Fase / J3: unchanged (4 matches, 0 played)
2026-10-02 00:35:58,259 INFO Barcelona / RTB VETERANS 1a / G2 / 1a Fase / J4: future match day, keeping minimal match info from the league page
2026-10-02 00:35:58,263 INFO Barcelona / RTB VETERANS 1a / G2 / 1a Fase / J4: unchanged (4 matches, 0 played)
2026-10-02 00:35:58,268 INFO Barcelona / RTB VETERANS 1a / G2 / 1a Fase / J5: future match day, keeping minimal match info from the league page
2026-10-02 00:35:58,271 INFO Barcelona / RTB VETERANS 1a / G2 / 1a Fase / J5: unchanged (4 matches, 0 played)
2026-10-02 00:35:58,276 INFO Barcelona / RTB VETERANS 1a / G2 / 1a Fase / J6: future match day, keeping minimal match info from the league page
2026-10-02 00:35:58,279 INFO Barcelona / RTB VETERANS 1a / G2 / 1a Fase / J6: unchanged (4 matches, 0 played)
2026-10-02 00:35:58,284 INFO Barcelona / RTB VETERANS 1a / G2 / 1a Fase / J7: future match day, keeping minimal match info from the league page
2026-10-02 00:35:58,287 INFO Barcelona / RTB VETERANS 1a / G2 / 1a Fase / J7: unchanged (4 matches, 0 played)
2026-10-02 00:35:58,291 INFO Barcelona / RTB VETERANS 1a / G2 / 1a Fase / J8: future match day, keeping minimal match info from the league page
2026-10-02 00:35:58,295 INFO Barcelona / RTB VETERANS 1a / G2 / 1a Fase / J8: unchanged (4 matches, 0 played)
2026-10-02 00:35:58,301 INFO Barcelona / RTB VETERANS 1a / G2 / 1a Fase / J9: future match day, keeping minimal match info from the league page
2026-10-02 00:35:58,304 INFO Barcelona / RTB VETERANS 1a / G2 / 1a Fase / J9: unchanged (4 matches, 0 played)
2026-10-02 00:35:58,309 INFO Barcelona / RTB VETERANS 1a / G2 / 1a Fase / J10: future match day, keeping minimal match info from the league page
2026-10-02 00:35:58,312 INFO Barcelona / RTB VETERANS 1a / G2 / 1a Fase / J10: unchanged (4 matches, 0 played)
2026-10-02 00:35:58,317 INFO Barcelona / RTB VETERANS 1a / G2 / 1a Fase / J11: future match day, keeping minimal match info from the league page
2026-10-02 00:35:58,320 INFO Barcelona / RTB VETERANS 1a / G2 / 1a Fase / J11: unchanged (4 matches, 0 played)
2026-10-02 00:35:58,325 INFO Barcelona / RTB VETERANS 1a / G2 / 1a Fase / J12: future match day, keeping minimal match info from the league page
2026-10-02 00:35:58,328 INFO Barcelona / RTB VETERANS 1a / G2 / 1a Fase / J12: unchanged (4 matches, 0 played)
2026-10-02 00:35:58,332 INFO Barcelona / RTB VETERANS 1a / G2 / 1a Fase / J13: future match day, keeping minimal match info from the league page
2026-10-02 00:35:58,336 INFO Barcelona / RTB VETERANS 1a / G2 / 1a Fase / J13: unchanged (4 matches, 0 played)
2026-10-02 00:35:58,341 INFO Barcelona / RTB VETERANS 1a / G2 / 1a Fase / J14: future match day, keeping minimal match info from the league page
2026-10-02 00:35:58,344 INFO Barcelona / RTB VETERANS 1a / G2 / 1a Fase / J14: unchanged (4 matches, 0 played)
2026-10-02 00:36:01,011 INFO Barcelona / RTB VETERANS 2aA G1: 14 match day(s) -> C:\git\bcnesa-extract-2\resources\actas-incremental-content\2026-2027\RTB VETERANS 2aA\G1\1a Fase
2026-10-02 00:36:01,039 INFO Barcelona / RTB VETERANS 2aA / G1 / 1a Fase / J1: complete, skipped
2026-10-02 00:36:01,044 INFO Barcelona / RTB VETERANS 2aA / G1 / 1a Fase / J2: future match day, keeping minimal match info from the league page
2026-10-02 00:36:01,047 INFO Barcelona / RTB VETERANS 2aA / G1 / 1a Fase / J2: unchanged (4 matches, 0 played)
2026-10-02 00:36:01,052 INFO Barcelona / RTB VETERANS 2aA / G1 / 1a Fase / J3: future match day, keeping minimal match info from the league page
2026-10-02 00:36:01,055 INFO Barcelona / RTB VETERANS 2aA / G1 / 1a Fase / J3: unchanged (4 matches, 0 played)
2026-10-02 00:36:01,059 INFO Barcelona / RTB VETERANS 2aA / G1 / 1a Fase / J4: future match day, keeping minimal match info from the league page
2026-10-02 00:36:01,063 INFO Barcelona / RTB VETERANS 2aA / G1 / 1a Fase / J4: unchanged (4 matches, 0 played)
2026-10-02 00:36:01,068 INFO Barcelona / RTB VETERANS 2aA / G1 / 1a Fase / J5: future match day, keeping minimal match info from the league page
2026-10-02 00:36:01,071 INFO Barcelona / RTB VETERANS 2aA / G1 / 1a Fase / J5: unchanged (4 matches, 0 played)
2026-10-02 00:36:01,076 INFO Barcelona / RTB VETERANS 2aA / G1 / 1a Fase / J6: future match day, keeping minimal match info from the league page
2026-10-02 00:36:01,080 INFO Barcelona / RTB VETERANS 2aA / G1 / 1a Fase / J6: unchanged (4 matches, 0 played)
2026-10-02 00:36:01,084 INFO Barcelona / RTB VETERANS 2aA / G1 / 1a Fase / J7: future match day, keeping minimal match info from the league page
2026-10-02 00:36:01,087 INFO Barcelona / RTB VETERANS 2aA / G1 / 1a Fase / J7: unchanged (4 matches, 0 played)
2026-10-02 00:36:01,092 INFO Barcelona / RTB VETERANS 2aA / G1 / 1a Fase / J8: future match day, keeping minimal match info from the league page
2026-10-02 00:36:01,095 INFO Barcelona / RTB VETERANS 2aA / G1 / 1a Fase / J8: unchanged (4 matches, 0 played)
2026-10-02 00:36:01,099 INFO Barcelona / RTB VETERANS 2aA / G1 / 1a Fase / J9: future match day, keeping minimal match info from the league page
2026-10-02 00:36:01,103 INFO Barcelona / RTB VETERANS 2aA / G1 / 1a Fase / J9: unchanged (4 matches, 0 played)
2026-10-02 00:36:01,107 INFO Barcelona / RTB VETERANS 2aA / G1 / 1a Fase / J10: future match day, keeping minimal match info from the league page
2026-10-02 00:36:01,110 INFO Barcelona / RTB VETERANS 2aA / G1 / 1a Fase / J10: unchanged (4 matches, 0 played)
2026-10-02 00:36:01,115 INFO Barcelona / RTB VETERANS 2aA / G1 / 1a Fase / J11: future match day, keeping minimal match info from the league page
2026-10-02 00:36:01,118 INFO Barcelona / RTB VETERANS 2aA / G1 / 1a Fase / J11: unchanged (4 matches, 0 played)
2026-10-02 00:36:01,123 INFO Barcelona / RTB VETERANS 2aA / G1 / 1a Fase / J12: future match day, keeping minimal match info from the league page
2026-10-02 00:36:01,126 INFO Barcelona / RTB VETERANS 2aA / G1 / 1a Fase / J12: unchanged (4 matches, 0 played)
2026-10-02 00:36:01,130 INFO Barcelona / RTB VETERANS 2aA / G1 / 1a Fase / J13: future match day, keeping minimal match info from the league page
2026-10-02 00:36:01,133 INFO Barcelona / RTB VETERANS 2aA / G1 / 1a Fase / J13: unchanged (4 matches, 0 played)
2026-10-02 00:36:01,138 INFO Barcelona / RTB VETERANS 2aA / G1 / 1a Fase / J14: future match day, keeping minimal match info from the league page
2026-10-02 00:36:01,141 INFO Barcelona / RTB VETERANS 2aA / G1 / 1a Fase / J14: unchanged (4 matches, 0 played)
2026-10-02 00:36:03,883 INFO Barcelona / RTB VETERANS 2aA G2: 14 match day(s) -> C:\git\bcnesa-extract-2\resources\actas-incremental-content\2026-2027\RTB VETERANS 2aA\G2\1a Fase
2026-10-02 00:36:08,064 INFO Barcelona / RTB VETERANS 2aA / G2 / 1a Fase / J1: saved C:\git\bcnesa-extract-2\resources\actas-incremental-content\2026-2027\RTB VETERANS 2aA\G2\1a Fase\jornada_01.html (4 matches, 4 played, complete)
2026-10-02 00:36:08,072 INFO Barcelona / RTB VETERANS 2aA / G2 / 1a Fase / J2: future match day, keeping minimal match info from the league page
2026-10-02 00:36:08,078 INFO Barcelona / RTB VETERANS 2aA / G2 / 1a Fase / J2: unchanged (4 matches, 0 played)
2026-10-02 00:36:08,083 INFO Barcelona / RTB VETERANS 2aA / G2 / 1a Fase / J3: future match day, keeping minimal match info from the league page
2026-10-02 00:36:08,086 INFO Barcelona / RTB VETERANS 2aA / G2 / 1a Fase / J3: unchanged (4 matches, 0 played)
2026-10-02 00:36:08,092 INFO Barcelona / RTB VETERANS 2aA / G2 / 1a Fase / J4: future match day, keeping minimal match info from the league page
2026-10-02 00:36:08,096 INFO Barcelona / RTB VETERANS 2aA / G2 / 1a Fase / J4: unchanged (4 matches, 0 played)
2026-10-02 00:36:08,101 INFO Barcelona / RTB VETERANS 2aA / G2 / 1a Fase / J5: future match day, keeping minimal match info from the league page
2026-10-02 00:36:08,104 INFO Barcelona / RTB VETERANS 2aA / G2 / 1a Fase / J5: unchanged (4 matches, 0 played)
2026-10-02 00:36:08,110 INFO Barcelona / RTB VETERANS 2aA / G2 / 1a Fase / J6: future match day, keeping minimal match info from the league page
2026-10-02 00:36:08,113 INFO Barcelona / RTB VETERANS 2aA / G2 / 1a Fase / J6: unchanged (4 matches, 0 played)
2026-10-02 00:36:08,118 INFO Barcelona / RTB VETERANS 2aA / G2 / 1a Fase / J7: future match day, keeping minimal match info from the league page
2026-10-02 00:36:08,123 INFO Barcelona / RTB VETERANS 2aA / G2 / 1a Fase / J7: unchanged (4 matches, 0 played)
2026-10-02 00:36:08,127 INFO Barcelona / RTB VETERANS 2aA / G2 / 1a Fase / J8: future match day, keeping minimal match info from the league page
2026-10-02 00:36:08,130 INFO Barcelona / RTB VETERANS 2aA / G2 / 1a Fase / J8: unchanged (4 matches, 0 played)
2026-10-02 00:36:08,135 INFO Barcelona / RTB VETERANS 2aA / G2 / 1a Fase / J9: future match day, keeping minimal match info from the league page
2026-10-02 00:36:08,139 INFO Barcelona / RTB VETERANS 2aA / G2 / 1a Fase / J9: unchanged (4 matches, 0 played)
2026-10-02 00:36:08,144 INFO Barcelona / RTB VETERANS 2aA / G2 / 1a Fase / J10: future match day, keeping minimal match info from the league page
2026-10-02 00:36:08,147 INFO Barcelona / RTB VETERANS 2aA / G2 / 1a Fase / J10: unchanged (4 matches, 0 played)
2026-10-02 00:36:08,152 INFO Barcelona / RTB VETERANS 2aA / G2 / 1a Fase / J11: future match day, keeping minimal match info from the league page
2026-10-02 00:36:08,155 INFO Barcelona / RTB VETERANS 2aA / G2 / 1a Fase / J11: unchanged (4 matches, 0 played)
2026-10-02 00:36:08,161 INFO Barcelona / RTB VETERANS 2aA / G2 / 1a Fase / J12: future match day, keeping minimal match info from the league page
2026-10-02 00:36:08,165 INFO Barcelona / RTB VETERANS 2aA / G2 / 1a Fase / J12: unchanged (4 matches, 0 played)
2026-10-02 00:36:08,170 INFO Barcelona / RTB VETERANS 2aA / G2 / 1a Fase / J13: future match day, keeping minimal match info from the league page
2026-10-02 00:36:08,175 INFO Barcelona / RTB VETERANS 2aA / G2 / 1a Fase / J13: unchanged (4 matches, 0 played)
2026-10-02 00:36:08,180 INFO Barcelona / RTB VETERANS 2aA / G2 / 1a Fase / J14: future match day, keeping minimal match info from the league page
2026-10-02 00:36:08,183 INFO Barcelona / RTB VETERANS 2aA / G2 / 1a Fase / J14: unchanged (4 matches, 0 played)
2026-10-02 00:36:10,806 INFO Barcelona / RTB VETERANS 2aB G1: 14 match day(s) -> C:\git\bcnesa-extract-2\resources\actas-incremental-content\2026-2027\RTB VETERANS 2aB\G1\1a Fase
2026-10-02 00:36:13,140 WARNING Attempt 1/6 failed for https://fctt.cat/lligues/rtb-vet-2ab/?jornada=1 (page without matches (the site returned an empty page)); retrying in 2.7s
2026-10-02 00:36:18,088 WARNING Attempt 2/6 failed for https://fctt.cat/lligues/rtb-vet-2ab/?jornada=1 (page without matches (the site returned an empty page)); retrying in 5.7s
2026-10-02 00:36:25,893 WARNING Attempt 3/6 failed for https://fctt.cat/lligues/rtb-vet-2ab/?jornada=1 (page without matches (the site returned an empty page)); retrying in 9.8s
2026-10-02 00:36:38,024 WARNING Attempt 4/6 failed for https://fctt.cat/lligues/rtb-vet-2ab/?jornada=1 (page without matches (the site returned an empty page)); retrying in 17.4s
2026-10-02 00:36:59,236 INFO Barcelona / RTB VETERANS 2aB / G1 / 1a Fase / J1: unchanged (4 matches, 3 played)
2026-10-02 00:36:59,241 INFO Barcelona / RTB VETERANS 2aB / G1 / 1a Fase / J2: future match day, keeping minimal match info from the league page
2026-10-02 00:36:59,244 INFO Barcelona / RTB VETERANS 2aB / G1 / 1a Fase / J2: unchanged (4 matches, 0 played)
2026-10-02 00:36:59,248 INFO Barcelona / RTB VETERANS 2aB / G1 / 1a Fase / J3: future match day, keeping minimal match info from the league page
2026-10-02 00:36:59,252 INFO Barcelona / RTB VETERANS 2aB / G1 / 1a Fase / J3: unchanged (4 matches, 0 played)
2026-10-02 00:36:59,256 INFO Barcelona / RTB VETERANS 2aB / G1 / 1a Fase / J4: future match day, keeping minimal match info from the league page
2026-10-02 00:36:59,260 INFO Barcelona / RTB VETERANS 2aB / G1 / 1a Fase / J4: unchanged (4 matches, 0 played)
2026-10-02 00:36:59,265 INFO Barcelona / RTB VETERANS 2aB / G1 / 1a Fase / J5: future match day, keeping minimal match info from the league page
2026-10-02 00:36:59,268 INFO Barcelona / RTB VETERANS 2aB / G1 / 1a Fase / J5: unchanged (4 matches, 0 played)
2026-10-02 00:36:59,274 INFO Barcelona / RTB VETERANS 2aB / G1 / 1a Fase / J6: future match day, keeping minimal match info from the league page
2026-10-02 00:36:59,278 INFO Barcelona / RTB VETERANS 2aB / G1 / 1a Fase / J6: unchanged (4 matches, 0 played)
2026-10-02 00:36:59,283 INFO Barcelona / RTB VETERANS 2aB / G1 / 1a Fase / J7: future match day, keeping minimal match info from the league page
2026-10-02 00:36:59,288 INFO Barcelona / RTB VETERANS 2aB / G1 / 1a Fase / J7: unchanged (4 matches, 0 played)
2026-10-02 00:36:59,296 INFO Barcelona / RTB VETERANS 2aB / G1 / 1a Fase / J8: future match day, keeping minimal match info from the league page
2026-10-02 00:36:59,300 INFO Barcelona / RTB VETERANS 2aB / G1 / 1a Fase / J8: unchanged (4 matches, 0 played)
2026-10-02 00:36:59,306 INFO Barcelona / RTB VETERANS 2aB / G1 / 1a Fase / J9: future match day, keeping minimal match info from the league page
2026-10-02 00:36:59,311 INFO Barcelona / RTB VETERANS 2aB / G1 / 1a Fase / J9: unchanged (4 matches, 0 played)
2026-10-02 00:36:59,318 INFO Barcelona / RTB VETERANS 2aB / G1 / 1a Fase / J10: future match day, keeping minimal match info from the league page
2026-10-02 00:36:59,322 INFO Barcelona / RTB VETERANS 2aB / G1 / 1a Fase / J10: unchanged (4 matches, 0 played)
2026-10-02 00:36:59,329 INFO Barcelona / RTB VETERANS 2aB / G1 / 1a Fase / J11: future match day, keeping minimal match info from the league page
2026-10-02 00:36:59,333 INFO Barcelona / RTB VETERANS 2aB / G1 / 1a Fase / J11: unchanged (4 matches, 0 played)
2026-10-02 00:36:59,338 INFO Barcelona / RTB VETERANS 2aB / G1 / 1a Fase / J12: future match day, keeping minimal match info from the league page
2026-10-02 00:36:59,341 INFO Barcelona / RTB VETERANS 2aB / G1 / 1a Fase / J12: unchanged (4 matches, 0 played)
2026-10-02 00:36:59,349 INFO Barcelona / RTB VETERANS 2aB / G1 / 1a Fase / J13: future match day, keeping minimal match info from the league page
2026-10-02 00:36:59,353 INFO Barcelona / RTB VETERANS 2aB / G1 / 1a Fase / J13: unchanged (4 matches, 0 played)
2026-10-02 00:36:59,360 INFO Barcelona / RTB VETERANS 2aB / G1 / 1a Fase / J14: future match day, keeping minimal match info from the league page
2026-10-02 00:36:59,364 INFO Barcelona / RTB VETERANS 2aB / G1 / 1a Fase / J14: unchanged (4 matches, 0 played)
2026-10-02 00:37:01,997 INFO Barcelona / RTB VETERANS 2aB G2: 14 match day(s) -> C:\git\bcnesa-extract-2\resources\actas-incremental-content\2026-2027\RTB VETERANS 2aB\G2\1a Fase
2026-10-02 00:37:02,023 INFO Barcelona / RTB VETERANS 2aB / G2 / 1a Fase / J1: complete, skipped
2026-10-02 00:37:02,028 INFO Barcelona / RTB VETERANS 2aB / G2 / 1a Fase / J2: future match day, keeping minimal match info from the league page
2026-10-02 00:37:02,032 INFO Barcelona / RTB VETERANS 2aB / G2 / 1a Fase / J2: unchanged (4 matches, 0 played)
2026-10-02 00:37:02,037 INFO Barcelona / RTB VETERANS 2aB / G2 / 1a Fase / J3: future match day, keeping minimal match info from the league page
2026-10-02 00:37:02,040 INFO Barcelona / RTB VETERANS 2aB / G2 / 1a Fase / J3: unchanged (4 matches, 0 played)
2026-10-02 00:37:02,045 INFO Barcelona / RTB VETERANS 2aB / G2 / 1a Fase / J4: future match day, keeping minimal match info from the league page
2026-10-02 00:37:02,048 INFO Barcelona / RTB VETERANS 2aB / G2 / 1a Fase / J4: unchanged (4 matches, 0 played)
2026-10-02 00:37:02,052 INFO Barcelona / RTB VETERANS 2aB / G2 / 1a Fase / J5: future match day, keeping minimal match info from the league page
2026-10-02 00:37:02,055 INFO Barcelona / RTB VETERANS 2aB / G2 / 1a Fase / J5: unchanged (4 matches, 0 played)
2026-10-02 00:37:02,060 INFO Barcelona / RTB VETERANS 2aB / G2 / 1a Fase / J6: future match day, keeping minimal match info from the league page
2026-10-02 00:37:02,065 INFO Barcelona / RTB VETERANS 2aB / G2 / 1a Fase / J6: unchanged (4 matches, 0 played)
2026-10-02 00:37:02,070 INFO Barcelona / RTB VETERANS 2aB / G2 / 1a Fase / J7: future match day, keeping minimal match info from the league page
2026-10-02 00:37:02,073 INFO Barcelona / RTB VETERANS 2aB / G2 / 1a Fase / J7: unchanged (4 matches, 0 played)
2026-10-02 00:37:02,077 INFO Barcelona / RTB VETERANS 2aB / G2 / 1a Fase / J8: future match day, keeping minimal match info from the league page
2026-10-02 00:37:02,080 INFO Barcelona / RTB VETERANS 2aB / G2 / 1a Fase / J8: unchanged (4 matches, 0 played)
2026-10-02 00:37:02,085 INFO Barcelona / RTB VETERANS 2aB / G2 / 1a Fase / J9: future match day, keeping minimal match info from the league page
2026-10-02 00:37:02,088 INFO Barcelona / RTB VETERANS 2aB / G2 / 1a Fase / J9: unchanged (4 matches, 0 played)
2026-10-02 00:37:02,093 INFO Barcelona / RTB VETERANS 2aB / G2 / 1a Fase / J10: future match day, keeping minimal match info from the league page
2026-10-02 00:37:02,096 INFO Barcelona / RTB VETERANS 2aB / G2 / 1a Fase / J10: unchanged (4 matches, 0 played)
2026-10-02 00:37:02,100 INFO Barcelona / RTB VETERANS 2aB / G2 / 1a Fase / J11: future match day, keeping minimal match info from the league page
2026-10-02 00:37:02,103 INFO Barcelona / RTB VETERANS 2aB / G2 / 1a Fase / J11: unchanged (4 matches, 0 played)
2026-10-02 00:37:02,108 INFO Barcelona / RTB VETERANS 2aB / G2 / 1a Fase / J12: future match day, keeping minimal match info from the league page
2026-10-02 00:37:02,111 INFO Barcelona / RTB VETERANS 2aB / G2 / 1a Fase / J12: unchanged (4 matches, 0 played)
2026-10-02 00:37:02,115 INFO Barcelona / RTB VETERANS 2aB / G2 / 1a Fase / J13: future match day, keeping minimal match info from the league page
2026-10-02 00:37:02,119 INFO Barcelona / RTB VETERANS 2aB / G2 / 1a Fase / J13: unchanged (4 matches, 0 played)
2026-10-02 00:37:02,124 INFO Barcelona / RTB VETERANS 2aB / G2 / 1a Fase / J14: future match day, keeping minimal match info from the league page
2026-10-02 00:37:02,127 INFO Barcelona / RTB VETERANS 2aB / G2 / 1a Fase / J14: unchanged (4 matches, 0 played)
2026-10-02 00:37:05,212 INFO Barcelona / RTB VETERANS 3a A G1: 14 match day(s) -> C:\git\bcnesa-extract-2\resources\actas-incremental-content\2026-2027\RTB VETERANS 3a A\G1\1a Fase
2026-10-02 00:37:05,262 INFO Barcelona / RTB VETERANS 3a A / G1 / 1a Fase / J1: complete, skipped
2026-10-02 00:37:05,268 INFO Barcelona / RTB VETERANS 3a A / G1 / 1a Fase / J2: future match day, keeping minimal match info from the league page
2026-10-02 00:37:05,271 INFO Barcelona / RTB VETERANS 3a A / G1 / 1a Fase / J2: unchanged (4 matches, 0 played)
2026-10-02 00:37:05,276 INFO Barcelona / RTB VETERANS 3a A / G1 / 1a Fase / J3: future match day, keeping minimal match info from the league page
2026-10-02 00:37:05,279 INFO Barcelona / RTB VETERANS 3a A / G1 / 1a Fase / J3: unchanged (4 matches, 0 played)
2026-10-02 00:37:05,284 INFO Barcelona / RTB VETERANS 3a A / G1 / 1a Fase / J4: future match day, keeping minimal match info from the league page
2026-10-02 00:37:05,288 INFO Barcelona / RTB VETERANS 3a A / G1 / 1a Fase / J4: unchanged (4 matches, 0 played)
2026-10-02 00:37:05,293 INFO Barcelona / RTB VETERANS 3a A / G1 / 1a Fase / J5: future match day, keeping minimal match info from the league page
2026-10-02 00:37:05,297 INFO Barcelona / RTB VETERANS 3a A / G1 / 1a Fase / J5: unchanged (4 matches, 0 played)
2026-10-02 00:37:05,302 INFO Barcelona / RTB VETERANS 3a A / G1 / 1a Fase / J6: future match day, keeping minimal match info from the league page
2026-10-02 00:37:05,306 INFO Barcelona / RTB VETERANS 3a A / G1 / 1a Fase / J6: unchanged (4 matches, 0 played)
2026-10-02 00:37:05,311 INFO Barcelona / RTB VETERANS 3a A / G1 / 1a Fase / J7: future match day, keeping minimal match info from the league page
2026-10-02 00:37:05,315 INFO Barcelona / RTB VETERANS 3a A / G1 / 1a Fase / J7: unchanged (4 matches, 0 played)
2026-10-02 00:37:05,320 INFO Barcelona / RTB VETERANS 3a A / G1 / 1a Fase / J8: future match day, keeping minimal match info from the league page
2026-10-02 00:37:05,324 INFO Barcelona / RTB VETERANS 3a A / G1 / 1a Fase / J8: unchanged (4 matches, 0 played)
2026-10-02 00:37:05,332 INFO Barcelona / RTB VETERANS 3a A / G1 / 1a Fase / J9: future match day, keeping minimal match info from the league page
2026-10-02 00:37:05,337 INFO Barcelona / RTB VETERANS 3a A / G1 / 1a Fase / J9: unchanged (4 matches, 0 played)
2026-10-02 00:37:05,343 INFO Barcelona / RTB VETERANS 3a A / G1 / 1a Fase / J10: future match day, keeping minimal match info from the league page
2026-10-02 00:37:05,346 INFO Barcelona / RTB VETERANS 3a A / G1 / 1a Fase / J10: unchanged (4 matches, 0 played)
2026-10-02 00:37:05,353 INFO Barcelona / RTB VETERANS 3a A / G1 / 1a Fase / J11: future match day, keeping minimal match info from the league page
2026-10-02 00:37:05,356 INFO Barcelona / RTB VETERANS 3a A / G1 / 1a Fase / J11: unchanged (4 matches, 0 played)
2026-10-02 00:37:05,361 INFO Barcelona / RTB VETERANS 3a A / G1 / 1a Fase / J12: future match day, keeping minimal match info from the league page
2026-10-02 00:37:05,365 INFO Barcelona / RTB VETERANS 3a A / G1 / 1a Fase / J12: unchanged (4 matches, 0 played)
2026-10-02 00:37:05,369 INFO Barcelona / RTB VETERANS 3a A / G1 / 1a Fase / J13: future match day, keeping minimal match info from the league page
2026-10-02 00:37:05,373 INFO Barcelona / RTB VETERANS 3a A / G1 / 1a Fase / J13: unchanged (4 matches, 0 played)
2026-10-02 00:37:05,382 INFO Barcelona / RTB VETERANS 3a A / G1 / 1a Fase / J14: future match day, keeping minimal match info from the league page
2026-10-02 00:37:05,385 INFO Barcelona / RTB VETERANS 3a A / G1 / 1a Fase / J14: unchanged (4 matches, 0 played)
2026-10-02 00:37:08,773 INFO Barcelona / RTB VETERANS 3a A G2: 14 match day(s) -> C:\git\bcnesa-extract-2\resources\actas-incremental-content\2026-2027\RTB VETERANS 3a A\G2\1a Fase
2026-10-02 00:37:08,797 INFO Barcelona / RTB VETERANS 3a A / G2 / 1a Fase / J1: complete, skipped
2026-10-02 00:37:08,802 INFO Barcelona / RTB VETERANS 3a A / G2 / 1a Fase / J2: future match day, keeping minimal match info from the league page
2026-10-02 00:37:08,805 INFO Barcelona / RTB VETERANS 3a A / G2 / 1a Fase / J2: unchanged (4 matches, 0 played)
2026-10-02 00:37:08,812 INFO Barcelona / RTB VETERANS 3a A / G2 / 1a Fase / J3: future match day, keeping minimal match info from the league page
2026-10-02 00:37:08,815 INFO Barcelona / RTB VETERANS 3a A / G2 / 1a Fase / J3: unchanged (4 matches, 0 played)
2026-10-02 00:37:08,819 INFO Barcelona / RTB VETERANS 3a A / G2 / 1a Fase / J4: future match day, keeping minimal match info from the league page
2026-10-02 00:37:08,822 INFO Barcelona / RTB VETERANS 3a A / G2 / 1a Fase / J4: unchanged (4 matches, 0 played)
2026-10-02 00:37:08,827 INFO Barcelona / RTB VETERANS 3a A / G2 / 1a Fase / J5: future match day, keeping minimal match info from the league page
2026-10-02 00:37:08,832 INFO Barcelona / RTB VETERANS 3a A / G2 / 1a Fase / J5: unchanged (4 matches, 0 played)
2026-10-02 00:37:08,836 INFO Barcelona / RTB VETERANS 3a A / G2 / 1a Fase / J6: future match day, keeping minimal match info from the league page
2026-10-02 00:37:08,839 INFO Barcelona / RTB VETERANS 3a A / G2 / 1a Fase / J6: unchanged (4 matches, 0 played)
2026-10-02 00:37:08,844 INFO Barcelona / RTB VETERANS 3a A / G2 / 1a Fase / J7: future match day, keeping minimal match info from the league page
2026-10-02 00:37:08,848 INFO Barcelona / RTB VETERANS 3a A / G2 / 1a Fase / J7: unchanged (4 matches, 0 played)
2026-10-02 00:37:08,853 INFO Barcelona / RTB VETERANS 3a A / G2 / 1a Fase / J8: future match day, keeping minimal match info from the league page
2026-10-02 00:37:08,856 INFO Barcelona / RTB VETERANS 3a A / G2 / 1a Fase / J8: unchanged (4 matches, 0 played)
2026-10-02 00:37:08,860 INFO Barcelona / RTB VETERANS 3a A / G2 / 1a Fase / J9: future match day, keeping minimal match info from the league page
2026-10-02 00:37:08,864 INFO Barcelona / RTB VETERANS 3a A / G2 / 1a Fase / J9: unchanged (4 matches, 0 played)
2026-10-02 00:37:08,868 INFO Barcelona / RTB VETERANS 3a A / G2 / 1a Fase / J10: future match day, keeping minimal match info from the league page
2026-10-02 00:37:08,871 INFO Barcelona / RTB VETERANS 3a A / G2 / 1a Fase / J10: unchanged (4 matches, 0 played)
2026-10-02 00:37:08,876 INFO Barcelona / RTB VETERANS 3a A / G2 / 1a Fase / J11: future match day, keeping minimal match info from the league page
2026-10-02 00:37:08,879 INFO Barcelona / RTB VETERANS 3a A / G2 / 1a Fase / J11: unchanged (4 matches, 0 played)
2026-10-02 00:37:08,884 INFO Barcelona / RTB VETERANS 3a A / G2 / 1a Fase / J12: future match day, keeping minimal match info from the league page
2026-10-02 00:37:08,887 INFO Barcelona / RTB VETERANS 3a A / G2 / 1a Fase / J12: unchanged (4 matches, 0 played)
2026-10-02 00:37:08,892 INFO Barcelona / RTB VETERANS 3a A / G2 / 1a Fase / J13: future match day, keeping minimal match info from the league page
2026-10-02 00:37:08,895 INFO Barcelona / RTB VETERANS 3a A / G2 / 1a Fase / J13: unchanged (4 matches, 0 played)
2026-10-02 00:37:08,899 INFO Barcelona / RTB VETERANS 3a A / G2 / 1a Fase / J14: future match day, keeping minimal match info from the league page
2026-10-02 00:37:08,902 INFO Barcelona / RTB VETERANS 3a A / G2 / 1a Fase / J14: unchanged (4 matches, 0 played)
2026-10-02 00:37:17,296 INFO Barcelona / RTB VETERANS 3a B G1: 14 match day(s) -> C:\git\bcnesa-extract-2\resources\actas-incremental-content\2026-2027\RTB VETERANS 3a B\G1\1a Fase
2026-10-02 00:37:27,004 INFO Barcelona / RTB VETERANS 3a B / G1 / 1a Fase / J1: saved C:\git\bcnesa-extract-2\resources\actas-incremental-content\2026-2027\RTB VETERANS 3a B\G1\1a Fase\jornada_01.html (4 matches, 3 played, partial)
2026-10-02 00:37:27,013 INFO Barcelona / RTB VETERANS 3a B / G1 / 1a Fase / J2: future match day, keeping minimal match info from the league page
2026-10-02 00:37:27,016 INFO Barcelona / RTB VETERANS 3a B / G1 / 1a Fase / J2: unchanged (4 matches, 0 played)
2026-10-02 00:37:27,021 INFO Barcelona / RTB VETERANS 3a B / G1 / 1a Fase / J3: future match day, keeping minimal match info from the league page
2026-10-02 00:37:27,024 INFO Barcelona / RTB VETERANS 3a B / G1 / 1a Fase / J3: unchanged (4 matches, 0 played)
2026-10-02 00:37:27,029 INFO Barcelona / RTB VETERANS 3a B / G1 / 1a Fase / J4: future match day, keeping minimal match info from the league page
2026-10-02 00:37:27,033 INFO Barcelona / RTB VETERANS 3a B / G1 / 1a Fase / J4: unchanged (4 matches, 0 played)
2026-10-02 00:37:27,037 INFO Barcelona / RTB VETERANS 3a B / G1 / 1a Fase / J5: future match day, keeping minimal match info from the league page
2026-10-02 00:37:27,041 INFO Barcelona / RTB VETERANS 3a B / G1 / 1a Fase / J5: unchanged (4 matches, 0 played)
2026-10-02 00:37:27,046 INFO Barcelona / RTB VETERANS 3a B / G1 / 1a Fase / J6: future match day, keeping minimal match info from the league page
2026-10-02 00:37:27,049 INFO Barcelona / RTB VETERANS 3a B / G1 / 1a Fase / J6: unchanged (4 matches, 0 played)
2026-10-02 00:37:27,054 INFO Barcelona / RTB VETERANS 3a B / G1 / 1a Fase / J7: future match day, keeping minimal match info from the league page
2026-10-02 00:37:27,057 INFO Barcelona / RTB VETERANS 3a B / G1 / 1a Fase / J7: unchanged (4 matches, 0 played)
2026-10-02 00:37:27,062 INFO Barcelona / RTB VETERANS 3a B / G1 / 1a Fase / J8: future match day, keeping minimal match info from the league page
2026-10-02 00:37:27,065 INFO Barcelona / RTB VETERANS 3a B / G1 / 1a Fase / J8: unchanged (4 matches, 0 played)
2026-10-02 00:37:27,069 INFO Barcelona / RTB VETERANS 3a B / G1 / 1a Fase / J9: future match day, keeping minimal match info from the league page
2026-10-02 00:37:27,074 INFO Barcelona / RTB VETERANS 3a B / G1 / 1a Fase / J9: unchanged (4 matches, 0 played)
2026-10-02 00:37:27,078 INFO Barcelona / RTB VETERANS 3a B / G1 / 1a Fase / J10: future match day, keeping minimal match info from the league page
2026-10-02 00:37:27,081 INFO Barcelona / RTB VETERANS 3a B / G1 / 1a Fase / J10: unchanged (4 matches, 0 played)
2026-10-02 00:37:27,086 INFO Barcelona / RTB VETERANS 3a B / G1 / 1a Fase / J11: future match day, keeping minimal match info from the league page
2026-10-02 00:37:27,090 INFO Barcelona / RTB VETERANS 3a B / G1 / 1a Fase / J11: unchanged (4 matches, 0 played)
2026-10-02 00:37:27,094 INFO Barcelona / RTB VETERANS 3a B / G1 / 1a Fase / J12: future match day, keeping minimal match info from the league page
2026-10-02 00:37:27,097 INFO Barcelona / RTB VETERANS 3a B / G1 / 1a Fase / J12: unchanged (4 matches, 0 played)
2026-10-02 00:37:27,102 INFO Barcelona / RTB VETERANS 3a B / G1 / 1a Fase / J13: future match day, keeping minimal match info from the league page
2026-10-02 00:37:27,106 INFO Barcelona / RTB VETERANS 3a B / G1 / 1a Fase / J13: unchanged (4 matches, 0 played)
2026-10-02 00:37:27,111 INFO Barcelona / RTB VETERANS 3a B / G1 / 1a Fase / J14: future match day, keeping minimal match info from the league page
2026-10-02 00:37:27,114 INFO Barcelona / RTB VETERANS 3a B / G1 / 1a Fase / J14: unchanged (4 matches, 0 played)
2026-10-02 00:37:30,478 INFO Barcelona / RTB VETERANS 3a B G2: 14 match day(s) -> C:\git\bcnesa-extract-2\resources\actas-incremental-content\2026-2027\RTB VETERANS 3a B\G2\1a Fase
2026-10-02 00:37:30,505 INFO Barcelona / RTB VETERANS 3a B / G2 / 1a Fase / J1: complete, skipped
2026-10-02 00:37:30,510 INFO Barcelona / RTB VETERANS 3a B / G2 / 1a Fase / J2: future match day, keeping minimal match info from the league page
2026-10-02 00:37:30,514 INFO Barcelona / RTB VETERANS 3a B / G2 / 1a Fase / J2: unchanged (4 matches, 0 played)
2026-10-02 00:37:30,518 INFO Barcelona / RTB VETERANS 3a B / G2 / 1a Fase / J3: future match day, keeping minimal match info from the league page
2026-10-02 00:37:30,522 INFO Barcelona / RTB VETERANS 3a B / G2 / 1a Fase / J3: unchanged (4 matches, 0 played)
2026-10-02 00:37:30,527 INFO Barcelona / RTB VETERANS 3a B / G2 / 1a Fase / J4: future match day, keeping minimal match info from the league page
2026-10-02 00:37:30,530 INFO Barcelona / RTB VETERANS 3a B / G2 / 1a Fase / J4: unchanged (4 matches, 0 played)
2026-10-02 00:37:30,535 INFO Barcelona / RTB VETERANS 3a B / G2 / 1a Fase / J5: future match day, keeping minimal match info from the league page
2026-10-02 00:37:30,541 INFO Barcelona / RTB VETERANS 3a B / G2 / 1a Fase / J5: unchanged (4 matches, 0 played)
2026-10-02 00:37:30,547 INFO Barcelona / RTB VETERANS 3a B / G2 / 1a Fase / J6: future match day, keeping minimal match info from the league page
2026-10-02 00:37:30,550 INFO Barcelona / RTB VETERANS 3a B / G2 / 1a Fase / J6: unchanged (4 matches, 0 played)
2026-10-02 00:37:30,555 INFO Barcelona / RTB VETERANS 3a B / G2 / 1a Fase / J7: future match day, keeping minimal match info from the league page
2026-10-02 00:37:30,559 INFO Barcelona / RTB VETERANS 3a B / G2 / 1a Fase / J7: unchanged (4 matches, 0 played)
2026-10-02 00:37:30,566 INFO Barcelona / RTB VETERANS 3a B / G2 / 1a Fase / J8: future match day, keeping minimal match info from the league page
2026-10-02 00:37:30,569 INFO Barcelona / RTB VETERANS 3a B / G2 / 1a Fase / J8: unchanged (4 matches, 0 played)
2026-10-02 00:37:30,575 INFO Barcelona / RTB VETERANS 3a B / G2 / 1a Fase / J9: future match day, keeping minimal match info from the league page
2026-10-02 00:37:30,579 INFO Barcelona / RTB VETERANS 3a B / G2 / 1a Fase / J9: unchanged (4 matches, 0 played)
2026-10-02 00:37:30,583 INFO Barcelona / RTB VETERANS 3a B / G2 / 1a Fase / J10: future match day, keeping minimal match info from the league page
2026-10-02 00:37:30,587 INFO Barcelona / RTB VETERANS 3a B / G2 / 1a Fase / J10: unchanged (4 matches, 0 played)
2026-10-02 00:37:30,591 INFO Barcelona / RTB VETERANS 3a B / G2 / 1a Fase / J11: future match day, keeping minimal match info from the league page
2026-10-02 00:37:30,595 INFO Barcelona / RTB VETERANS 3a B / G2 / 1a Fase / J11: unchanged (4 matches, 0 played)
2026-10-02 00:37:30,601 INFO Barcelona / RTB VETERANS 3a B / G2 / 1a Fase / J12: future match day, keeping minimal match info from the league page
2026-10-02 00:37:30,604 INFO Barcelona / RTB VETERANS 3a B / G2 / 1a Fase / J12: unchanged (4 matches, 0 played)
2026-10-02 00:37:30,609 INFO Barcelona / RTB VETERANS 3a B / G2 / 1a Fase / J13: future match day, keeping minimal match info from the league page
2026-10-02 00:37:30,612 INFO Barcelona / RTB VETERANS 3a B / G2 / 1a Fase / J13: unchanged (4 matches, 0 played)
2026-10-02 00:37:30,616 INFO Barcelona / RTB VETERANS 3a B / G2 / 1a Fase / J14: future match day, keeping minimal match info from the league page
2026-10-02 00:37:30,620 INFO Barcelona / RTB VETERANS 3a B / G2 / 1a Fase / J14: unchanged (4 matches, 0 played)
2026-10-02 00:37:36,322 INFO Barcelona / RTB VETERANS 4a A G1: 14 match day(s) -> C:\git\bcnesa-extract-2\resources\actas-incremental-content\2026-2027\RTB VETERANS 4a A\G1\1a Fase
2026-10-02 00:37:36,352 INFO Barcelona / RTB VETERANS 4a A / G1 / 1a Fase / J1: complete, skipped
2026-10-02 00:37:36,357 INFO Barcelona / RTB VETERANS 4a A / G1 / 1a Fase / J2: future match day, keeping minimal match info from the league page
2026-10-02 00:37:36,361 INFO Barcelona / RTB VETERANS 4a A / G1 / 1a Fase / J2: unchanged (4 matches, 0 played)
2026-10-02 00:37:36,365 INFO Barcelona / RTB VETERANS 4a A / G1 / 1a Fase / J3: future match day, keeping minimal match info from the league page
2026-10-02 00:37:36,369 INFO Barcelona / RTB VETERANS 4a A / G1 / 1a Fase / J3: unchanged (4 matches, 0 played)
2026-10-02 00:37:36,374 INFO Barcelona / RTB VETERANS 4a A / G1 / 1a Fase / J4: future match day, keeping minimal match info from the league page
2026-10-02 00:37:36,377 INFO Barcelona / RTB VETERANS 4a A / G1 / 1a Fase / J4: unchanged (4 matches, 0 played)
2026-10-02 00:37:36,382 INFO Barcelona / RTB VETERANS 4a A / G1 / 1a Fase / J5: future match day, keeping minimal match info from the league page
2026-10-02 00:37:36,385 INFO Barcelona / RTB VETERANS 4a A / G1 / 1a Fase / J5: unchanged (4 matches, 0 played)
2026-10-02 00:37:36,391 INFO Barcelona / RTB VETERANS 4a A / G1 / 1a Fase / J6: future match day, keeping minimal match info from the league page
2026-10-02 00:37:36,394 INFO Barcelona / RTB VETERANS 4a A / G1 / 1a Fase / J6: unchanged (4 matches, 0 played)
2026-10-02 00:37:36,399 INFO Barcelona / RTB VETERANS 4a A / G1 / 1a Fase / J7: future match day, keeping minimal match info from the league page
2026-10-02 00:37:36,403 INFO Barcelona / RTB VETERANS 4a A / G1 / 1a Fase / J7: unchanged (4 matches, 0 played)
2026-10-02 00:37:36,409 INFO Barcelona / RTB VETERANS 4a A / G1 / 1a Fase / J8: future match day, keeping minimal match info from the league page
2026-10-02 00:37:36,413 INFO Barcelona / RTB VETERANS 4a A / G1 / 1a Fase / J8: unchanged (4 matches, 0 played)
2026-10-02 00:37:36,418 INFO Barcelona / RTB VETERANS 4a A / G1 / 1a Fase / J9: future match day, keeping minimal match info from the league page
2026-10-02 00:37:36,422 INFO Barcelona / RTB VETERANS 4a A / G1 / 1a Fase / J9: unchanged (4 matches, 0 played)
2026-10-02 00:37:36,428 INFO Barcelona / RTB VETERANS 4a A / G1 / 1a Fase / J10: future match day, keeping minimal match info from the league page
2026-10-02 00:37:36,431 INFO Barcelona / RTB VETERANS 4a A / G1 / 1a Fase / J10: unchanged (4 matches, 0 played)
2026-10-02 00:37:36,436 INFO Barcelona / RTB VETERANS 4a A / G1 / 1a Fase / J11: future match day, keeping minimal match info from the league page
2026-10-02 00:37:36,439 INFO Barcelona / RTB VETERANS 4a A / G1 / 1a Fase / J11: unchanged (4 matches, 0 played)
2026-10-02 00:37:36,444 INFO Barcelona / RTB VETERANS 4a A / G1 / 1a Fase / J12: future match day, keeping minimal match info from the league page
2026-10-02 00:37:36,447 INFO Barcelona / RTB VETERANS 4a A / G1 / 1a Fase / J12: unchanged (4 matches, 0 played)
2026-10-02 00:37:36,452 INFO Barcelona / RTB VETERANS 4a A / G1 / 1a Fase / J13: future match day, keeping minimal match info from the league page
2026-10-02 00:37:36,455 INFO Barcelona / RTB VETERANS 4a A / G1 / 1a Fase / J13: unchanged (4 matches, 0 played)
2026-10-02 00:37:36,459 INFO Barcelona / RTB VETERANS 4a A / G1 / 1a Fase / J14: future match day, keeping minimal match info from the league page
2026-10-02 00:37:36,462 INFO Barcelona / RTB VETERANS 4a A / G1 / 1a Fase / J14: unchanged (4 matches, 0 played)
2026-10-02 00:37:38,984 WARNING Attempt 1/6 failed for https://fctt.cat/lligues/rtb-vet-4aa-2/ (page without the expected content (the site returned an empty page)); retrying in 2.6s
2026-10-02 00:37:43,741 WARNING Attempt 2/6 failed for https://fctt.cat/lligues/rtb-vet-4aa-2/ (page without the expected content (the site returned an empty page)); retrying in 5.6s
2026-10-02 00:37:51,794 WARNING Attempt 3/6 failed for https://fctt.cat/lligues/rtb-vet-4aa-2/ (page without the expected content (the site returned an empty page)); retrying in 8.8s
2026-10-02 00:38:03,357 INFO Barcelona / RTB VETERANS 4a A G2: 14 match day(s) -> C:\git\bcnesa-extract-2\resources\actas-incremental-content\2026-2027\RTB VETERANS 4a A\G2\1a Fase
2026-10-02 00:38:03,385 INFO Barcelona / RTB VETERANS 4a A / G2 / 1a Fase / J1: complete, skipped
2026-10-02 00:38:03,390 INFO Barcelona / RTB VETERANS 4a A / G2 / 1a Fase / J2: future match day, keeping minimal match info from the league page
2026-10-02 00:38:03,394 INFO Barcelona / RTB VETERANS 4a A / G2 / 1a Fase / J2: unchanged (4 matches, 0 played)
2026-10-02 00:38:03,398 INFO Barcelona / RTB VETERANS 4a A / G2 / 1a Fase / J3: future match day, keeping minimal match info from the league page
2026-10-02 00:38:03,401 INFO Barcelona / RTB VETERANS 4a A / G2 / 1a Fase / J3: unchanged (4 matches, 0 played)
2026-10-02 00:38:03,406 INFO Barcelona / RTB VETERANS 4a A / G2 / 1a Fase / J4: future match day, keeping minimal match info from the league page
2026-10-02 00:38:03,409 INFO Barcelona / RTB VETERANS 4a A / G2 / 1a Fase / J4: unchanged (4 matches, 0 played)
2026-10-02 00:38:03,414 INFO Barcelona / RTB VETERANS 4a A / G2 / 1a Fase / J5: future match day, keeping minimal match info from the league page
2026-10-02 00:38:03,417 INFO Barcelona / RTB VETERANS 4a A / G2 / 1a Fase / J5: unchanged (4 matches, 0 played)
2026-10-02 00:38:03,421 INFO Barcelona / RTB VETERANS 4a A / G2 / 1a Fase / J6: future match day, keeping minimal match info from the league page
2026-10-02 00:38:03,424 INFO Barcelona / RTB VETERANS 4a A / G2 / 1a Fase / J6: unchanged (4 matches, 0 played)
2026-10-02 00:38:03,429 INFO Barcelona / RTB VETERANS 4a A / G2 / 1a Fase / J7: future match day, keeping minimal match info from the league page
2026-10-02 00:38:03,432 INFO Barcelona / RTB VETERANS 4a A / G2 / 1a Fase / J7: unchanged (4 matches, 0 played)
2026-10-02 00:38:03,437 INFO Barcelona / RTB VETERANS 4a A / G2 / 1a Fase / J8: future match day, keeping minimal match info from the league page
2026-10-02 00:38:03,440 INFO Barcelona / RTB VETERANS 4a A / G2 / 1a Fase / J8: unchanged (4 matches, 0 played)
2026-10-02 00:38:03,445 INFO Barcelona / RTB VETERANS 4a A / G2 / 1a Fase / J9: future match day, keeping minimal match info from the league page
2026-10-02 00:38:03,448 INFO Barcelona / RTB VETERANS 4a A / G2 / 1a Fase / J9: unchanged (4 matches, 0 played)
2026-10-02 00:38:03,452 INFO Barcelona / RTB VETERANS 4a A / G2 / 1a Fase / J10: future match day, keeping minimal match info from the league page
2026-10-02 00:38:03,455 INFO Barcelona / RTB VETERANS 4a A / G2 / 1a Fase / J10: unchanged (4 matches, 0 played)
2026-10-02 00:38:03,460 INFO Barcelona / RTB VETERANS 4a A / G2 / 1a Fase / J11: future match day, keeping minimal match info from the league page
2026-10-02 00:38:03,463 INFO Barcelona / RTB VETERANS 4a A / G2 / 1a Fase / J11: unchanged (4 matches, 0 played)
2026-10-02 00:38:03,467 INFO Barcelona / RTB VETERANS 4a A / G2 / 1a Fase / J12: future match day, keeping minimal match info from the league page
2026-10-02 00:38:03,471 INFO Barcelona / RTB VETERANS 4a A / G2 / 1a Fase / J12: unchanged (4 matches, 0 played)
2026-10-02 00:38:03,475 INFO Barcelona / RTB VETERANS 4a A / G2 / 1a Fase / J13: future match day, keeping minimal match info from the league page
2026-10-02 00:38:03,478 INFO Barcelona / RTB VETERANS 4a A / G2 / 1a Fase / J13: unchanged (4 matches, 0 played)
2026-10-02 00:38:03,482 INFO Barcelona / RTB VETERANS 4a A / G2 / 1a Fase / J14: future match day, keeping minimal match info from the league page
2026-10-02 00:38:03,486 INFO Barcelona / RTB VETERANS 4a A / G2 / 1a Fase / J14: unchanged (4 matches, 0 played)
2026-10-02 00:38:06,143 INFO Barcelona / RTB VETERANS 4a B G1: 14 match day(s) -> C:\git\bcnesa-extract-2\resources\actas-incremental-content\2026-2027\RTB VETERANS 4a B\G1\1a Fase
2026-10-02 00:38:06,171 INFO Barcelona / RTB VETERANS 4a B / G1 / 1a Fase / J1: complete, skipped
2026-10-02 00:38:06,178 INFO Barcelona / RTB VETERANS 4a B / G1 / 1a Fase / J2: future match day, keeping minimal match info from the league page
2026-10-02 00:38:06,181 INFO Barcelona / RTB VETERANS 4a B / G1 / 1a Fase / J2: unchanged (4 matches, 0 played)
2026-10-02 00:38:06,186 INFO Barcelona / RTB VETERANS 4a B / G1 / 1a Fase / J3: future match day, keeping minimal match info from the league page
2026-10-02 00:38:06,189 INFO Barcelona / RTB VETERANS 4a B / G1 / 1a Fase / J3: unchanged (4 matches, 0 played)
2026-10-02 00:38:06,193 INFO Barcelona / RTB VETERANS 4a B / G1 / 1a Fase / J4: future match day, keeping minimal match info from the league page
2026-10-02 00:38:06,197 INFO Barcelona / RTB VETERANS 4a B / G1 / 1a Fase / J4: unchanged (4 matches, 0 played)
2026-10-02 00:38:06,201 INFO Barcelona / RTB VETERANS 4a B / G1 / 1a Fase / J5: future match day, keeping minimal match info from the league page
2026-10-02 00:38:06,204 INFO Barcelona / RTB VETERANS 4a B / G1 / 1a Fase / J5: unchanged (4 matches, 0 played)
2026-10-02 00:38:06,267 INFO Barcelona / RTB VETERANS 4a B / G1 / 1a Fase / J6: future match day, keeping minimal match info from the league page
2026-10-02 00:38:06,270 INFO Barcelona / RTB VETERANS 4a B / G1 / 1a Fase / J6: unchanged (4 matches, 0 played)
2026-10-02 00:38:06,275 INFO Barcelona / RTB VETERANS 4a B / G1 / 1a Fase / J7: future match day, keeping minimal match info from the league page
2026-10-02 00:38:06,278 INFO Barcelona / RTB VETERANS 4a B / G1 / 1a Fase / J7: unchanged (4 matches, 0 played)
2026-10-02 00:38:06,283 INFO Barcelona / RTB VETERANS 4a B / G1 / 1a Fase / J8: future match day, keeping minimal match info from the league page
2026-10-02 00:38:06,286 INFO Barcelona / RTB VETERANS 4a B / G1 / 1a Fase / J8: unchanged (4 matches, 0 played)
2026-10-02 00:38:06,291 INFO Barcelona / RTB VETERANS 4a B / G1 / 1a Fase / J9: future match day, keeping minimal match info from the league page
2026-10-02 00:38:06,294 INFO Barcelona / RTB VETERANS 4a B / G1 / 1a Fase / J9: unchanged (4 matches, 0 played)
2026-10-02 00:38:06,299 INFO Barcelona / RTB VETERANS 4a B / G1 / 1a Fase / J10: future match day, keeping minimal match info from the league page
2026-10-02 00:38:06,302 INFO Barcelona / RTB VETERANS 4a B / G1 / 1a Fase / J10: unchanged (4 matches, 0 played)
2026-10-02 00:38:06,306 INFO Barcelona / RTB VETERANS 4a B / G1 / 1a Fase / J11: future match day, keeping minimal match info from the league page
2026-10-02 00:38:06,309 INFO Barcelona / RTB VETERANS 4a B / G1 / 1a Fase / J11: unchanged (4 matches, 0 played)
2026-10-02 00:38:06,314 INFO Barcelona / RTB VETERANS 4a B / G1 / 1a Fase / J12: future match day, keeping minimal match info from the league page
2026-10-02 00:38:06,317 INFO Barcelona / RTB VETERANS 4a B / G1 / 1a Fase / J12: unchanged (4 matches, 0 played)
2026-10-02 00:38:06,321 INFO Barcelona / RTB VETERANS 4a B / G1 / 1a Fase / J13: future match day, keeping minimal match info from the league page
2026-10-02 00:38:06,325 INFO Barcelona / RTB VETERANS 4a B / G1 / 1a Fase / J13: unchanged (4 matches, 0 played)
2026-10-02 00:38:06,330 INFO Barcelona / RTB VETERANS 4a B / G1 / 1a Fase / J14: future match day, keeping minimal match info from the league page
2026-10-02 00:38:06,333 INFO Barcelona / RTB VETERANS 4a B / G1 / 1a Fase / J14: unchanged (4 matches, 0 played)
2026-10-02 00:38:09,426 INFO Barcelona / RTB VETERANS 4a B G2: 14 match day(s) -> C:\git\bcnesa-extract-2\resources\actas-incremental-content\2026-2027\RTB VETERANS 4a B\G2\1a Fase
2026-10-02 00:38:13,474 INFO Barcelona / RTB VETERANS 4a B / G2 / 1a Fase / J1: saved C:\git\bcnesa-extract-2\resources\actas-incremental-content\2026-2027\RTB VETERANS 4a B\G2\1a Fase\jornada_01.html (4 matches, 4 played, complete)
2026-10-02 00:38:13,479 INFO Barcelona / RTB VETERANS 4a B / G2 / 1a Fase / J2: future match day, keeping minimal match info from the league page
2026-10-02 00:38:13,485 INFO Barcelona / RTB VETERANS 4a B / G2 / 1a Fase / J2: unchanged (4 matches, 0 played)
2026-10-02 00:38:13,489 INFO Barcelona / RTB VETERANS 4a B / G2 / 1a Fase / J3: future match day, keeping minimal match info from the league page
2026-10-02 00:38:13,494 INFO Barcelona / RTB VETERANS 4a B / G2 / 1a Fase / J3: unchanged (4 matches, 0 played)
2026-10-02 00:38:13,498 INFO Barcelona / RTB VETERANS 4a B / G2 / 1a Fase / J4: future match day, keeping minimal match info from the league page
2026-10-02 00:38:13,501 INFO Barcelona / RTB VETERANS 4a B / G2 / 1a Fase / J4: unchanged (4 matches, 0 played)
2026-10-02 00:38:13,506 INFO Barcelona / RTB VETERANS 4a B / G2 / 1a Fase / J5: future match day, keeping minimal match info from the league page
2026-10-02 00:38:13,509 INFO Barcelona / RTB VETERANS 4a B / G2 / 1a Fase / J5: unchanged (4 matches, 0 played)
2026-10-02 00:38:13,514 INFO Barcelona / RTB VETERANS 4a B / G2 / 1a Fase / J6: future match day, keeping minimal match info from the league page
2026-10-02 00:38:13,517 INFO Barcelona / RTB VETERANS 4a B / G2 / 1a Fase / J6: unchanged (4 matches, 0 played)
2026-10-02 00:38:13,522 INFO Barcelona / RTB VETERANS 4a B / G2 / 1a Fase / J7: future match day, keeping minimal match info from the league page
2026-10-02 00:38:13,525 INFO Barcelona / RTB VETERANS 4a B / G2 / 1a Fase / J7: unchanged (4 matches, 0 played)
2026-10-02 00:38:13,530 INFO Barcelona / RTB VETERANS 4a B / G2 / 1a Fase / J8: future match day, keeping minimal match info from the league page
2026-10-02 00:38:13,533 INFO Barcelona / RTB VETERANS 4a B / G2 / 1a Fase / J8: unchanged (4 matches, 0 played)
2026-10-02 00:38:13,539 INFO Barcelona / RTB VETERANS 4a B / G2 / 1a Fase / J9: future match day, keeping minimal match info from the league page
2026-10-02 00:38:13,543 INFO Barcelona / RTB VETERANS 4a B / G2 / 1a Fase / J9: unchanged (4 matches, 0 played)
2026-10-02 00:38:13,548 INFO Barcelona / RTB VETERANS 4a B / G2 / 1a Fase / J10: future match day, keeping minimal match info from the league page
2026-10-02 00:38:13,553 INFO Barcelona / RTB VETERANS 4a B / G2 / 1a Fase / J10: unchanged (4 matches, 0 played)
2026-10-02 00:38:13,558 INFO Barcelona / RTB VETERANS 4a B / G2 / 1a Fase / J11: future match day, keeping minimal match info from the league page
2026-10-02 00:38:13,562 INFO Barcelona / RTB VETERANS 4a B / G2 / 1a Fase / J11: unchanged (4 matches, 0 played)
2026-10-02 00:38:13,567 INFO Barcelona / RTB VETERANS 4a B / G2 / 1a Fase / J12: future match day, keeping minimal match info from the league page
2026-10-02 00:38:13,570 INFO Barcelona / RTB VETERANS 4a B / G2 / 1a Fase / J12: unchanged (4 matches, 0 played)
2026-10-02 00:38:13,575 INFO Barcelona / RTB VETERANS 4a B / G2 / 1a Fase / J13: future match day, keeping minimal match info from the league page
2026-10-02 00:38:13,578 INFO Barcelona / RTB VETERANS 4a B / G2 / 1a Fase / J13: unchanged (4 matches, 0 played)
2026-10-02 00:38:13,584 INFO Barcelona / RTB VETERANS 4a B / G2 / 1a Fase / J14: future match day, keeping minimal match info from the league page
2026-10-02 00:38:13,587 INFO Barcelona / RTB VETERANS 4a B / G2 / 1a Fase / J14: unchanged (4 matches, 0 played)
2026-10-02 00:38:16,219 INFO Barcelona / RTB VETERANS 4a C G1: 14 match day(s) -> C:\git\bcnesa-extract-2\resources\actas-incremental-content\2026-2027\RTB VETERANS 4a C\G1\1a Fase
2026-10-02 00:38:16,246 INFO Barcelona / RTB VETERANS 4a C / G1 / 1a Fase / J1: complete, skipped
2026-10-02 00:38:16,252 INFO Barcelona / RTB VETERANS 4a C / G1 / 1a Fase / J2: future match day, keeping minimal match info from the league page
2026-10-02 00:38:16,257 INFO Barcelona / RTB VETERANS 4a C / G1 / 1a Fase / J2: unchanged (4 matches, 0 played)
2026-10-02 00:38:16,262 INFO Barcelona / RTB VETERANS 4a C / G1 / 1a Fase / J3: future match day, keeping minimal match info from the league page
2026-10-02 00:38:16,266 INFO Barcelona / RTB VETERANS 4a C / G1 / 1a Fase / J3: unchanged (4 matches, 0 played)
2026-10-02 00:38:16,270 INFO Barcelona / RTB VETERANS 4a C / G1 / 1a Fase / J4: future match day, keeping minimal match info from the league page
2026-10-02 00:38:16,273 INFO Barcelona / RTB VETERANS 4a C / G1 / 1a Fase / J4: unchanged (4 matches, 0 played)
2026-10-02 00:38:16,278 INFO Barcelona / RTB VETERANS 4a C / G1 / 1a Fase / J5: future match day, keeping minimal match info from the league page
2026-10-02 00:38:16,281 INFO Barcelona / RTB VETERANS 4a C / G1 / 1a Fase / J5: unchanged (4 matches, 0 played)
2026-10-02 00:38:16,287 INFO Barcelona / RTB VETERANS 4a C / G1 / 1a Fase / J6: future match day, keeping minimal match info from the league page
2026-10-02 00:38:16,290 INFO Barcelona / RTB VETERANS 4a C / G1 / 1a Fase / J6: unchanged (4 matches, 0 played)
2026-10-02 00:38:16,294 INFO Barcelona / RTB VETERANS 4a C / G1 / 1a Fase / J7: future match day, keeping minimal match info from the league page
2026-10-02 00:38:16,297 INFO Barcelona / RTB VETERANS 4a C / G1 / 1a Fase / J7: unchanged (4 matches, 0 played)
2026-10-02 00:38:16,302 INFO Barcelona / RTB VETERANS 4a C / G1 / 1a Fase / J8: future match day, keeping minimal match info from the league page
2026-10-02 00:38:16,305 INFO Barcelona / RTB VETERANS 4a C / G1 / 1a Fase / J8: unchanged (4 matches, 0 played)
2026-10-02 00:38:16,312 INFO Barcelona / RTB VETERANS 4a C / G1 / 1a Fase / J9: future match day, keeping minimal match info from the league page
2026-10-02 00:38:16,315 INFO Barcelona / RTB VETERANS 4a C / G1 / 1a Fase / J9: unchanged (4 matches, 0 played)
2026-10-02 00:38:16,320 INFO Barcelona / RTB VETERANS 4a C / G1 / 1a Fase / J10: future match day, keeping minimal match info from the league page
2026-10-02 00:38:16,323 INFO Barcelona / RTB VETERANS 4a C / G1 / 1a Fase / J10: unchanged (4 matches, 0 played)
2026-10-02 00:38:16,328 INFO Barcelona / RTB VETERANS 4a C / G1 / 1a Fase / J11: future match day, keeping minimal match info from the league page
2026-10-02 00:38:16,331 INFO Barcelona / RTB VETERANS 4a C / G1 / 1a Fase / J11: unchanged (4 matches, 0 played)
2026-10-02 00:38:16,335 INFO Barcelona / RTB VETERANS 4a C / G1 / 1a Fase / J12: future match day, keeping minimal match info from the league page
2026-10-02 00:38:16,338 INFO Barcelona / RTB VETERANS 4a C / G1 / 1a Fase / J12: unchanged (4 matches, 0 played)
2026-10-02 00:38:16,343 INFO Barcelona / RTB VETERANS 4a C / G1 / 1a Fase / J13: future match day, keeping minimal match info from the league page
2026-10-02 00:38:16,347 INFO Barcelona / RTB VETERANS 4a C / G1 / 1a Fase / J13: unchanged (4 matches, 0 played)
2026-10-02 00:38:16,351 INFO Barcelona / RTB VETERANS 4a C / G1 / 1a Fase / J14: future match day, keeping minimal match info from the league page
2026-10-02 00:38:16,354 INFO Barcelona / RTB VETERANS 4a C / G1 / 1a Fase / J14: unchanged (4 matches, 0 played)
2026-10-02 00:38:19,329 INFO Barcelona / RTB VETERANS 4a C G2: 14 match day(s) -> C:\git\bcnesa-extract-2\resources\actas-incremental-content\2026-2027\RTB VETERANS 4a C\G2\1a Fase
2026-10-02 00:38:19,363 INFO Barcelona / RTB VETERANS 4a C / G2 / 1a Fase / J1: complete, skipped
2026-10-02 00:38:19,368 INFO Barcelona / RTB VETERANS 4a C / G2 / 1a Fase / J2: future match day, keeping minimal match info from the league page
2026-10-02 00:38:19,372 INFO Barcelona / RTB VETERANS 4a C / G2 / 1a Fase / J2: unchanged (4 matches, 0 played)
2026-10-02 00:38:19,378 INFO Barcelona / RTB VETERANS 4a C / G2 / 1a Fase / J3: future match day, keeping minimal match info from the league page
2026-10-02 00:38:19,381 INFO Barcelona / RTB VETERANS 4a C / G2 / 1a Fase / J3: unchanged (4 matches, 0 played)
2026-10-02 00:38:19,389 INFO Barcelona / RTB VETERANS 4a C / G2 / 1a Fase / J4: future match day, keeping minimal match info from the league page
2026-10-02 00:38:19,393 INFO Barcelona / RTB VETERANS 4a C / G2 / 1a Fase / J4: unchanged (4 matches, 0 played)
2026-10-02 00:38:19,400 INFO Barcelona / RTB VETERANS 4a C / G2 / 1a Fase / J5: future match day, keeping minimal match info from the league page
2026-10-02 00:38:19,403 INFO Barcelona / RTB VETERANS 4a C / G2 / 1a Fase / J5: unchanged (4 matches, 0 played)
2026-10-02 00:38:19,410 INFO Barcelona / RTB VETERANS 4a C / G2 / 1a Fase / J6: future match day, keeping minimal match info from the league page
2026-10-02 00:38:19,414 INFO Barcelona / RTB VETERANS 4a C / G2 / 1a Fase / J6: unchanged (4 matches, 0 played)
2026-10-02 00:38:19,419 INFO Barcelona / RTB VETERANS 4a C / G2 / 1a Fase / J7: future match day, keeping minimal match info from the league page
2026-10-02 00:38:19,423 INFO Barcelona / RTB VETERANS 4a C / G2 / 1a Fase / J7: unchanged (4 matches, 0 played)
2026-10-02 00:38:19,428 INFO Barcelona / RTB VETERANS 4a C / G2 / 1a Fase / J8: future match day, keeping minimal match info from the league page
2026-10-02 00:38:19,431 INFO Barcelona / RTB VETERANS 4a C / G2 / 1a Fase / J8: unchanged (4 matches, 0 played)
2026-10-02 00:38:19,435 INFO Barcelona / RTB VETERANS 4a C / G2 / 1a Fase / J9: future match day, keeping minimal match info from the league page
2026-10-02 00:38:19,438 INFO Barcelona / RTB VETERANS 4a C / G2 / 1a Fase / J9: unchanged (4 matches, 0 played)
2026-10-02 00:38:19,444 INFO Barcelona / RTB VETERANS 4a C / G2 / 1a Fase / J10: future match day, keeping minimal match info from the league page
2026-10-02 00:38:19,448 INFO Barcelona / RTB VETERANS 4a C / G2 / 1a Fase / J10: unchanged (4 matches, 0 played)
2026-10-02 00:38:19,454 INFO Barcelona / RTB VETERANS 4a C / G2 / 1a Fase / J11: future match day, keeping minimal match info from the league page
2026-10-02 00:38:19,457 INFO Barcelona / RTB VETERANS 4a C / G2 / 1a Fase / J11: unchanged (4 matches, 0 played)
2026-10-02 00:38:19,463 INFO Barcelona / RTB VETERANS 4a C / G2 / 1a Fase / J12: future match day, keeping minimal match info from the league page
2026-10-02 00:38:19,466 INFO Barcelona / RTB VETERANS 4a C / G2 / 1a Fase / J12: unchanged (4 matches, 0 played)
2026-10-02 00:38:19,471 INFO Barcelona / RTB VETERANS 4a C / G2 / 1a Fase / J13: future match day, keeping minimal match info from the league page
2026-10-02 00:38:19,474 INFO Barcelona / RTB VETERANS 4a C / G2 / 1a Fase / J13: unchanged (4 matches, 0 played)
2026-10-02 00:38:19,479 INFO Barcelona / RTB VETERANS 4a C / G2 / 1a Fase / J14: future match day, keeping minimal match info from the league page
2026-10-02 00:38:19,482 INFO Barcelona / RTB VETERANS 4a C / G2 / 1a Fase / J14: unchanged (4 matches, 0 played)
2026-10-02 00:38:22,273 INFO Barcelona / RTB VETERANS 4a C G3: 14 match day(s) -> C:\git\bcnesa-extract-2\resources\actas-incremental-content\2026-2027\RTB VETERANS 4a C\G3\1a Fase
2026-10-02 00:38:22,303 INFO Barcelona / RTB VETERANS 4a C / G3 / 1a Fase / J1: complete, skipped
2026-10-02 00:38:22,307 INFO Barcelona / RTB VETERANS 4a C / G3 / 1a Fase / J2: future match day, keeping minimal match info from the league page
2026-10-02 00:38:22,311 INFO Barcelona / RTB VETERANS 4a C / G3 / 1a Fase / J2: unchanged (4 matches, 0 played)
2026-10-02 00:38:22,315 INFO Barcelona / RTB VETERANS 4a C / G3 / 1a Fase / J3: future match day, keeping minimal match info from the league page
2026-10-02 00:38:22,318 INFO Barcelona / RTB VETERANS 4a C / G3 / 1a Fase / J3: unchanged (4 matches, 0 played)
2026-10-02 00:38:22,323 INFO Barcelona / RTB VETERANS 4a C / G3 / 1a Fase / J4: future match day, keeping minimal match info from the league page
2026-10-02 00:38:22,326 INFO Barcelona / RTB VETERANS 4a C / G3 / 1a Fase / J4: unchanged (4 matches, 0 played)
2026-10-02 00:38:22,330 INFO Barcelona / RTB VETERANS 4a C / G3 / 1a Fase / J5: future match day, keeping minimal match info from the league page
2026-10-02 00:38:22,334 INFO Barcelona / RTB VETERANS 4a C / G3 / 1a Fase / J5: unchanged (4 matches, 0 played)
2026-10-02 00:38:22,338 INFO Barcelona / RTB VETERANS 4a C / G3 / 1a Fase / J6: future match day, keeping minimal match info from the league page
2026-10-02 00:38:22,341 INFO Barcelona / RTB VETERANS 4a C / G3 / 1a Fase / J6: unchanged (4 matches, 0 played)
2026-10-02 00:38:22,346 INFO Barcelona / RTB VETERANS 4a C / G3 / 1a Fase / J7: future match day, keeping minimal match info from the league page
2026-10-02 00:38:22,350 INFO Barcelona / RTB VETERANS 4a C / G3 / 1a Fase / J7: unchanged (4 matches, 0 played)
2026-10-02 00:38:22,354 INFO Barcelona / RTB VETERANS 4a C / G3 / 1a Fase / J8: future match day, keeping minimal match info from the league page
2026-10-02 00:38:22,357 INFO Barcelona / RTB VETERANS 4a C / G3 / 1a Fase / J8: unchanged (4 matches, 0 played)
2026-10-02 00:38:22,362 INFO Barcelona / RTB VETERANS 4a C / G3 / 1a Fase / J9: future match day, keeping minimal match info from the league page
2026-10-02 00:38:22,366 INFO Barcelona / RTB VETERANS 4a C / G3 / 1a Fase / J9: unchanged (4 matches, 0 played)
2026-10-02 00:38:22,370 INFO Barcelona / RTB VETERANS 4a C / G3 / 1a Fase / J10: future match day, keeping minimal match info from the league page
2026-10-02 00:38:22,373 INFO Barcelona / RTB VETERANS 4a C / G3 / 1a Fase / J10: unchanged (4 matches, 0 played)
2026-10-02 00:38:22,378 INFO Barcelona / RTB VETERANS 4a C / G3 / 1a Fase / J11: future match day, keeping minimal match info from the league page
2026-10-02 00:38:22,381 INFO Barcelona / RTB VETERANS 4a C / G3 / 1a Fase / J11: unchanged (4 matches, 0 played)
2026-10-02 00:38:22,386 INFO Barcelona / RTB VETERANS 4a C / G3 / 1a Fase / J12: future match day, keeping minimal match info from the league page
2026-10-02 00:38:22,389 INFO Barcelona / RTB VETERANS 4a C / G3 / 1a Fase / J12: unchanged (4 matches, 0 played)
2026-10-02 00:38:22,394 INFO Barcelona / RTB VETERANS 4a C / G3 / 1a Fase / J13: future match day, keeping minimal match info from the league page
2026-10-02 00:38:22,397 INFO Barcelona / RTB VETERANS 4a C / G3 / 1a Fase / J13: unchanged (4 matches, 0 played)
2026-10-02 00:38:22,401 INFO Barcelona / RTB VETERANS 4a C / G3 / 1a Fase / J14: future match day, keeping minimal match info from the league page
2026-10-02 00:38:22,404 INFO Barcelona / RTB VETERANS 4a C / G3 / 1a Fase / J14: unchanged (4 matches, 0 played)
2026-10-02 00:38:25,592 INFO Girona / RTG PREFERENT: 22 match day(s) -> C:\git\bcnesa-extract-2\resources\actas-incremental-content\2026-2027\RTG PREFERENT\G1\1a Fase
2026-10-02 00:38:30,424 INFO Girona / RTG PREFERENT / G1 / 1a Fase / J1: saved C:\git\bcnesa-extract-2\resources\actas-incremental-content\2026-2027\RTG PREFERENT\G1\1a Fase\jornada_01.html (6 matches, 6 played, complete)
2026-10-02 00:38:30,429 INFO Girona / RTG PREFERENT / G1 / 1a Fase / J2: future match day, keeping minimal match info from the league page
2026-10-02 00:38:30,435 INFO Girona / RTG PREFERENT / G1 / 1a Fase / J2: unchanged (6 matches, 0 played)
2026-10-02 00:38:30,441 INFO Girona / RTG PREFERENT / G1 / 1a Fase / J3: future match day, keeping minimal match info from the league page
2026-10-02 00:38:30,446 INFO Girona / RTG PREFERENT / G1 / 1a Fase / J3: unchanged (6 matches, 0 played)
2026-10-02 00:38:30,454 INFO Girona / RTG PREFERENT / G1 / 1a Fase / J4: future match day, keeping minimal match info from the league page
2026-10-02 00:38:30,460 INFO Girona / RTG PREFERENT / G1 / 1a Fase / J4: unchanged (6 matches, 0 played)
2026-10-02 00:38:30,468 INFO Girona / RTG PREFERENT / G1 / 1a Fase / J5: future match day, keeping minimal match info from the league page
2026-10-02 00:38:30,474 INFO Girona / RTG PREFERENT / G1 / 1a Fase / J5: unchanged (6 matches, 0 played)
2026-10-02 00:38:30,480 INFO Girona / RTG PREFERENT / G1 / 1a Fase / J6: future match day, keeping minimal match info from the league page
2026-10-02 00:38:30,487 INFO Girona / RTG PREFERENT / G1 / 1a Fase / J6: unchanged (6 matches, 0 played)
2026-10-02 00:38:30,493 INFO Girona / RTG PREFERENT / G1 / 1a Fase / J7: future match day, keeping minimal match info from the league page
2026-10-02 00:38:30,501 INFO Girona / RTG PREFERENT / G1 / 1a Fase / J7: unchanged (6 matches, 0 played)
2026-10-02 00:38:30,510 INFO Girona / RTG PREFERENT / G1 / 1a Fase / J8: future match day, keeping minimal match info from the league page
2026-10-02 00:38:30,518 INFO Girona / RTG PREFERENT / G1 / 1a Fase / J8: unchanged (6 matches, 0 played)
2026-10-02 00:38:30,524 INFO Girona / RTG PREFERENT / G1 / 1a Fase / J9: future match day, keeping minimal match info from the league page
2026-10-02 00:38:30,529 INFO Girona / RTG PREFERENT / G1 / 1a Fase / J9: unchanged (6 matches, 0 played)
2026-10-02 00:38:30,535 INFO Girona / RTG PREFERENT / G1 / 1a Fase / J10: future match day, keeping minimal match info from the league page
2026-10-02 00:38:30,539 INFO Girona / RTG PREFERENT / G1 / 1a Fase / J10: unchanged (6 matches, 0 played)
2026-10-02 00:38:30,547 INFO Girona / RTG PREFERENT / G1 / 1a Fase / J11: future match day, keeping minimal match info from the league page
2026-10-02 00:38:30,551 INFO Girona / RTG PREFERENT / G1 / 1a Fase / J11: unchanged (6 matches, 0 played)
2026-10-02 00:38:30,558 INFO Girona / RTG PREFERENT / G1 / 1a Fase / J12: future match day, keeping minimal match info from the league page
2026-10-02 00:38:30,564 INFO Girona / RTG PREFERENT / G1 / 1a Fase / J12: unchanged (6 matches, 0 played)
2026-10-02 00:38:30,571 INFO Girona / RTG PREFERENT / G1 / 1a Fase / J13: future match day, keeping minimal match info from the league page
2026-10-02 00:38:30,576 INFO Girona / RTG PREFERENT / G1 / 1a Fase / J13: unchanged (6 matches, 0 played)
2026-10-02 00:38:30,581 INFO Girona / RTG PREFERENT / G1 / 1a Fase / J14: future match day, keeping minimal match info from the league page
2026-10-02 00:38:30,588 INFO Girona / RTG PREFERENT / G1 / 1a Fase / J14: unchanged (6 matches, 0 played)
2026-10-02 00:38:30,594 INFO Girona / RTG PREFERENT / G1 / 1a Fase / J15: future match day, keeping minimal match info from the league page
2026-10-02 00:38:30,599 INFO Girona / RTG PREFERENT / G1 / 1a Fase / J15: unchanged (6 matches, 0 played)
2026-10-02 00:38:30,606 INFO Girona / RTG PREFERENT / G1 / 1a Fase / J16: future match day, keeping minimal match info from the league page
2026-10-02 00:38:30,611 INFO Girona / RTG PREFERENT / G1 / 1a Fase / J16: unchanged (6 matches, 0 played)
2026-10-02 00:38:30,617 INFO Girona / RTG PREFERENT / G1 / 1a Fase / J17: future match day, keeping minimal match info from the league page
2026-10-02 00:38:30,621 INFO Girona / RTG PREFERENT / G1 / 1a Fase / J17: unchanged (6 matches, 0 played)
2026-10-02 00:38:30,628 INFO Girona / RTG PREFERENT / G1 / 1a Fase / J18: future match day, keeping minimal match info from the league page
2026-10-02 00:38:30,633 INFO Girona / RTG PREFERENT / G1 / 1a Fase / J18: unchanged (6 matches, 0 played)
2026-10-02 00:38:30,640 INFO Girona / RTG PREFERENT / G1 / 1a Fase / J19: future match day, keeping minimal match info from the league page
2026-10-02 00:38:30,647 INFO Girona / RTG PREFERENT / G1 / 1a Fase / J19: unchanged (6 matches, 0 played)
2026-10-02 00:38:30,654 INFO Girona / RTG PREFERENT / G1 / 1a Fase / J20: future match day, keeping minimal match info from the league page
2026-10-02 00:38:30,660 INFO Girona / RTG PREFERENT / G1 / 1a Fase / J20: unchanged (6 matches, 0 played)
2026-10-02 00:38:30,666 INFO Girona / RTG PREFERENT / G1 / 1a Fase / J21: future match day, keeping minimal match info from the league page
2026-10-02 00:38:30,673 INFO Girona / RTG PREFERENT / G1 / 1a Fase / J21: unchanged (6 matches, 0 played)
2026-10-02 00:38:30,680 INFO Girona / RTG PREFERENT / G1 / 1a Fase / J22: future match day, keeping minimal match info from the league page
2026-10-02 00:38:30,687 INFO Girona / RTG PREFERENT / G1 / 1a Fase / J22: unchanged (6 matches, 0 played)
2026-10-02 00:38:33,595 INFO Girona / RTG PRIMERA: 22 match day(s) -> C:\git\bcnesa-extract-2\resources\actas-incremental-content\2026-2027\RTG PRIMERA\G1\1a Fase
2026-10-02 00:38:33,632 INFO Girona / RTG PRIMERA / G1 / 1a Fase / J1: complete, skipped
2026-10-02 00:38:33,637 INFO Girona / RTG PRIMERA / G1 / 1a Fase / J2: future match day, keeping minimal match info from the league page
2026-10-02 00:38:33,642 INFO Girona / RTG PRIMERA / G1 / 1a Fase / J2: unchanged (6 matches, 0 played)
2026-10-02 00:38:33,647 INFO Girona / RTG PRIMERA / G1 / 1a Fase / J3: future match day, keeping minimal match info from the league page
2026-10-02 00:38:33,652 INFO Girona / RTG PRIMERA / G1 / 1a Fase / J3: unchanged (6 matches, 0 played)
2026-10-02 00:38:33,657 INFO Girona / RTG PRIMERA / G1 / 1a Fase / J4: future match day, keeping minimal match info from the league page
2026-10-02 00:38:33,662 INFO Girona / RTG PRIMERA / G1 / 1a Fase / J4: unchanged (6 matches, 0 played)
2026-10-02 00:38:33,667 INFO Girona / RTG PRIMERA / G1 / 1a Fase / J5: future match day, keeping minimal match info from the league page
2026-10-02 00:38:33,672 INFO Girona / RTG PRIMERA / G1 / 1a Fase / J5: unchanged (6 matches, 0 played)
2026-10-02 00:38:33,677 INFO Girona / RTG PRIMERA / G1 / 1a Fase / J6: future match day, keeping minimal match info from the league page
2026-10-02 00:38:33,682 INFO Girona / RTG PRIMERA / G1 / 1a Fase / J6: unchanged (6 matches, 0 played)
2026-10-02 00:38:33,688 INFO Girona / RTG PRIMERA / G1 / 1a Fase / J7: future match day, keeping minimal match info from the league page
2026-10-02 00:38:33,692 INFO Girona / RTG PRIMERA / G1 / 1a Fase / J7: unchanged (6 matches, 0 played)
2026-10-02 00:38:33,698 INFO Girona / RTG PRIMERA / G1 / 1a Fase / J8: future match day, keeping minimal match info from the league page
2026-10-02 00:38:33,702 INFO Girona / RTG PRIMERA / G1 / 1a Fase / J8: unchanged (6 matches, 0 played)
2026-10-02 00:38:33,708 INFO Girona / RTG PRIMERA / G1 / 1a Fase / J9: future match day, keeping minimal match info from the league page
2026-10-02 00:38:33,712 INFO Girona / RTG PRIMERA / G1 / 1a Fase / J9: unchanged (6 matches, 0 played)
2026-10-02 00:38:33,718 INFO Girona / RTG PRIMERA / G1 / 1a Fase / J10: future match day, keeping minimal match info from the league page
2026-10-02 00:38:33,724 INFO Girona / RTG PRIMERA / G1 / 1a Fase / J10: unchanged (6 matches, 0 played)
2026-10-02 00:38:33,730 INFO Girona / RTG PRIMERA / G1 / 1a Fase / J11: future match day, keeping minimal match info from the league page
2026-10-02 00:38:33,734 INFO Girona / RTG PRIMERA / G1 / 1a Fase / J11: unchanged (6 matches, 0 played)
2026-10-02 00:38:33,739 INFO Girona / RTG PRIMERA / G1 / 1a Fase / J12: future match day, keeping minimal match info from the league page
2026-10-02 00:38:33,744 INFO Girona / RTG PRIMERA / G1 / 1a Fase / J12: unchanged (6 matches, 0 played)
2026-10-02 00:38:33,750 INFO Girona / RTG PRIMERA / G1 / 1a Fase / J13: future match day, keeping minimal match info from the league page
2026-10-02 00:38:33,754 INFO Girona / RTG PRIMERA / G1 / 1a Fase / J13: unchanged (6 matches, 0 played)
2026-10-02 00:38:33,759 INFO Girona / RTG PRIMERA / G1 / 1a Fase / J14: future match day, keeping minimal match info from the league page
2026-10-02 00:38:33,764 INFO Girona / RTG PRIMERA / G1 / 1a Fase / J14: unchanged (6 matches, 0 played)
2026-10-02 00:38:33,769 INFO Girona / RTG PRIMERA / G1 / 1a Fase / J15: future match day, keeping minimal match info from the league page
2026-10-02 00:38:33,774 INFO Girona / RTG PRIMERA / G1 / 1a Fase / J15: unchanged (6 matches, 0 played)
2026-10-02 00:38:33,779 INFO Girona / RTG PRIMERA / G1 / 1a Fase / J16: future match day, keeping minimal match info from the league page
2026-10-02 00:38:33,784 INFO Girona / RTG PRIMERA / G1 / 1a Fase / J16: unchanged (6 matches, 0 played)
2026-10-02 00:38:33,789 INFO Girona / RTG PRIMERA / G1 / 1a Fase / J17: future match day, keeping minimal match info from the league page
2026-10-02 00:38:33,793 INFO Girona / RTG PRIMERA / G1 / 1a Fase / J17: unchanged (6 matches, 0 played)
2026-10-02 00:38:33,799 INFO Girona / RTG PRIMERA / G1 / 1a Fase / J18: future match day, keeping minimal match info from the league page
2026-10-02 00:38:33,806 INFO Girona / RTG PRIMERA / G1 / 1a Fase / J18: unchanged (6 matches, 0 played)
2026-10-02 00:38:33,811 INFO Girona / RTG PRIMERA / G1 / 1a Fase / J19: future match day, keeping minimal match info from the league page
2026-10-02 00:38:33,816 INFO Girona / RTG PRIMERA / G1 / 1a Fase / J19: unchanged (6 matches, 0 played)
2026-10-02 00:38:33,822 INFO Girona / RTG PRIMERA / G1 / 1a Fase / J20: future match day, keeping minimal match info from the league page
2026-10-02 00:38:33,828 INFO Girona / RTG PRIMERA / G1 / 1a Fase / J20: unchanged (6 matches, 0 played)
2026-10-02 00:38:33,833 INFO Girona / RTG PRIMERA / G1 / 1a Fase / J21: future match day, keeping minimal match info from the league page
2026-10-02 00:38:33,838 INFO Girona / RTG PRIMERA / G1 / 1a Fase / J21: unchanged (6 matches, 0 played)
2026-10-02 00:38:33,844 INFO Girona / RTG PRIMERA / G1 / 1a Fase / J22: future match day, keeping minimal match info from the league page
2026-10-02 00:38:33,848 INFO Girona / RTG PRIMERA / G1 / 1a Fase / J22: unchanged (6 matches, 0 played)
2026-10-02 00:38:36,121 WARNING Attempt 1/6 failed for https://fctt.cat/lligues/rtg-segona/ (page without the expected content (the site returned an empty page)); retrying in 3.1s
2026-10-02 00:38:41,396 WARNING Attempt 2/6 failed for https://fctt.cat/lligues/rtg-segona/ (page without the expected content (the site returned an empty page)); retrying in 4.7s
2026-10-02 00:38:48,272 WARNING Attempt 3/6 failed for https://fctt.cat/lligues/rtg-segona/ (page without the expected content (the site returned an empty page)); retrying in 9.9s
2026-10-02 00:39:00,999 INFO Girona / RTG SEGONA: 22 match day(s) -> C:\git\bcnesa-extract-2\resources\actas-incremental-content\2026-2027\RTG SEGONA\G1\1a Fase
2026-10-02 00:39:01,036 INFO Girona / RTG SEGONA / G1 / 1a Fase / J1: complete, skipped
2026-10-02 00:39:01,041 INFO Girona / RTG SEGONA / G1 / 1a Fase / J2: future match day, keeping minimal match info from the league page
2026-10-02 00:39:01,045 INFO Girona / RTG SEGONA / G1 / 1a Fase / J2: unchanged (6 matches, 0 played)
2026-10-02 00:39:01,051 INFO Girona / RTG SEGONA / G1 / 1a Fase / J3: future match day, keeping minimal match info from the league page
2026-10-02 00:39:01,056 INFO Girona / RTG SEGONA / G1 / 1a Fase / J3: unchanged (6 matches, 0 played)
2026-10-02 00:39:01,061 INFO Girona / RTG SEGONA / G1 / 1a Fase / J4: future match day, keeping minimal match info from the league page
2026-10-02 00:39:01,065 INFO Girona / RTG SEGONA / G1 / 1a Fase / J4: unchanged (6 matches, 0 played)
2026-10-02 00:39:01,070 INFO Girona / RTG SEGONA / G1 / 1a Fase / J5: future match day, keeping minimal match info from the league page
2026-10-02 00:39:01,075 INFO Girona / RTG SEGONA / G1 / 1a Fase / J5: unchanged (6 matches, 0 played)
2026-10-02 00:39:01,080 INFO Girona / RTG SEGONA / G1 / 1a Fase / J6: future match day, keeping minimal match info from the league page
2026-10-02 00:39:01,085 INFO Girona / RTG SEGONA / G1 / 1a Fase / J6: unchanged (6 matches, 0 played)
2026-10-02 00:39:01,091 INFO Girona / RTG SEGONA / G1 / 1a Fase / J7: future match day, keeping minimal match info from the league page
2026-10-02 00:39:01,095 INFO Girona / RTG SEGONA / G1 / 1a Fase / J7: unchanged (6 matches, 0 played)
2026-10-02 00:39:01,101 INFO Girona / RTG SEGONA / G1 / 1a Fase / J8: future match day, keeping minimal match info from the league page
2026-10-02 00:39:01,105 INFO Girona / RTG SEGONA / G1 / 1a Fase / J8: unchanged (6 matches, 0 played)
2026-10-02 00:39:01,111 INFO Girona / RTG SEGONA / G1 / 1a Fase / J9: future match day, keeping minimal match info from the league page
2026-10-02 00:39:01,115 INFO Girona / RTG SEGONA / G1 / 1a Fase / J9: unchanged (6 matches, 0 played)
2026-10-02 00:39:01,121 INFO Girona / RTG SEGONA / G1 / 1a Fase / J10: future match day, keeping minimal match info from the league page
2026-10-02 00:39:01,125 INFO Girona / RTG SEGONA / G1 / 1a Fase / J10: unchanged (6 matches, 0 played)
2026-10-02 00:39:01,130 INFO Girona / RTG SEGONA / G1 / 1a Fase / J11: future match day, keeping minimal match info from the league page
2026-10-02 00:39:01,135 INFO Girona / RTG SEGONA / G1 / 1a Fase / J11: unchanged (6 matches, 0 played)
2026-10-02 00:39:01,140 INFO Girona / RTG SEGONA / G1 / 1a Fase / J12: future match day, keeping minimal match info from the league page
2026-10-02 00:39:01,145 INFO Girona / RTG SEGONA / G1 / 1a Fase / J12: unchanged (6 matches, 0 played)
2026-10-02 00:39:01,151 INFO Girona / RTG SEGONA / G1 / 1a Fase / J13: future match day, keeping minimal match info from the league page
2026-10-02 00:39:01,156 INFO Girona / RTG SEGONA / G1 / 1a Fase / J13: unchanged (6 matches, 0 played)
2026-10-02 00:39:01,161 INFO Girona / RTG SEGONA / G1 / 1a Fase / J14: future match day, keeping minimal match info from the league page
2026-10-02 00:39:01,166 INFO Girona / RTG SEGONA / G1 / 1a Fase / J14: unchanged (6 matches, 0 played)
2026-10-02 00:39:01,173 INFO Girona / RTG SEGONA / G1 / 1a Fase / J15: future match day, keeping minimal match info from the league page
2026-10-02 00:39:01,178 INFO Girona / RTG SEGONA / G1 / 1a Fase / J15: unchanged (6 matches, 0 played)
2026-10-02 00:39:01,183 INFO Girona / RTG SEGONA / G1 / 1a Fase / J16: future match day, keeping minimal match info from the league page
2026-10-02 00:39:01,188 INFO Girona / RTG SEGONA / G1 / 1a Fase / J16: unchanged (6 matches, 0 played)
2026-10-02 00:39:01,193 INFO Girona / RTG SEGONA / G1 / 1a Fase / J17: future match day, keeping minimal match info from the league page
2026-10-02 00:39:01,197 INFO Girona / RTG SEGONA / G1 / 1a Fase / J17: unchanged (6 matches, 0 played)
2026-10-02 00:39:01,202 INFO Girona / RTG SEGONA / G1 / 1a Fase / J18: future match day, keeping minimal match info from the league page
2026-10-02 00:39:01,207 INFO Girona / RTG SEGONA / G1 / 1a Fase / J18: unchanged (6 matches, 0 played)
2026-10-02 00:39:01,213 INFO Girona / RTG SEGONA / G1 / 1a Fase / J19: future match day, keeping minimal match info from the league page
2026-10-02 00:39:01,217 INFO Girona / RTG SEGONA / G1 / 1a Fase / J19: unchanged (6 matches, 0 played)
2026-10-02 00:39:01,222 INFO Girona / RTG SEGONA / G1 / 1a Fase / J20: future match day, keeping minimal match info from the league page
2026-10-02 00:39:01,227 INFO Girona / RTG SEGONA / G1 / 1a Fase / J20: unchanged (6 matches, 0 played)
2026-10-02 00:39:01,232 INFO Girona / RTG SEGONA / G1 / 1a Fase / J21: future match day, keeping minimal match info from the league page
2026-10-02 00:39:01,237 INFO Girona / RTG SEGONA / G1 / 1a Fase / J21: unchanged (6 matches, 0 played)
2026-10-02 00:39:01,243 INFO Girona / RTG SEGONA / G1 / 1a Fase / J22: future match day, keeping minimal match info from the league page
2026-10-02 00:39:01,247 INFO Girona / RTG SEGONA / G1 / 1a Fase / J22: unchanged (6 matches, 0 played)
2026-10-02 00:39:04,482 INFO Girona / RTG TERCERA: 26 match day(s) -> C:\git\bcnesa-extract-2\resources\actas-incremental-content\2026-2027\RTG TERCERA\G1\1a Fase
2026-10-02 00:39:09,840 INFO Girona / RTG TERCERA / G1 / 1a Fase / J1: saved C:\git\bcnesa-extract-2\resources\actas-incremental-content\2026-2027\RTG TERCERA\G1\1a Fase\jornada_01.html (7 matches, 7 played, complete)
2026-10-02 00:39:09,851 INFO Girona / RTG TERCERA / G1 / 1a Fase / J2: future match day, keeping minimal match info from the league page
2026-10-02 00:39:09,859 INFO Girona / RTG TERCERA / G1 / 1a Fase / J2: unchanged (7 matches, 0 played)
2026-10-02 00:39:09,867 INFO Girona / RTG TERCERA / G1 / 1a Fase / J3: future match day, keeping minimal match info from the league page
2026-10-02 00:39:09,872 INFO Girona / RTG TERCERA / G1 / 1a Fase / J3: unchanged (7 matches, 0 played)
2026-10-02 00:39:09,878 INFO Girona / RTG TERCERA / G1 / 1a Fase / J4: future match day, keeping minimal match info from the league page
2026-10-02 00:39:09,883 INFO Girona / RTG TERCERA / G1 / 1a Fase / J4: unchanged (7 matches, 0 played)
2026-10-02 00:39:09,889 INFO Girona / RTG TERCERA / G1 / 1a Fase / J5: future match day, keeping minimal match info from the league page
2026-10-02 00:39:09,899 INFO Girona / RTG TERCERA / G1 / 1a Fase / J5: unchanged (7 matches, 0 played)
2026-10-02 00:39:09,905 INFO Girona / RTG TERCERA / G1 / 1a Fase / J6: future match day, keeping minimal match info from the league page
2026-10-02 00:39:09,911 INFO Girona / RTG TERCERA / G1 / 1a Fase / J6: unchanged (7 matches, 0 played)
2026-10-02 00:39:09,917 INFO Girona / RTG TERCERA / G1 / 1a Fase / J7: future match day, keeping minimal match info from the league page
2026-10-02 00:39:09,923 INFO Girona / RTG TERCERA / G1 / 1a Fase / J7: unchanged (7 matches, 0 played)
2026-10-02 00:39:09,931 INFO Girona / RTG TERCERA / G1 / 1a Fase / J8: future match day, keeping minimal match info from the league page
2026-10-02 00:39:09,936 INFO Girona / RTG TERCERA / G1 / 1a Fase / J8: unchanged (7 matches, 0 played)
2026-10-02 00:39:09,943 INFO Girona / RTG TERCERA / G1 / 1a Fase / J9: future match day, keeping minimal match info from the league page
2026-10-02 00:39:09,949 INFO Girona / RTG TERCERA / G1 / 1a Fase / J9: unchanged (7 matches, 0 played)
2026-10-02 00:39:09,954 INFO Girona / RTG TERCERA / G1 / 1a Fase / J10: future match day, keeping minimal match info from the league page
2026-10-02 00:39:09,960 INFO Girona / RTG TERCERA / G1 / 1a Fase / J10: unchanged (7 matches, 0 played)
2026-10-02 00:39:09,966 INFO Girona / RTG TERCERA / G1 / 1a Fase / J11: future match day, keeping minimal match info from the league page
2026-10-02 00:39:09,971 INFO Girona / RTG TERCERA / G1 / 1a Fase / J11: unchanged (7 matches, 0 played)
2026-10-02 00:39:09,980 INFO Girona / RTG TERCERA / G1 / 1a Fase / J12: future match day, keeping minimal match info from the league page
2026-10-02 00:39:09,985 INFO Girona / RTG TERCERA / G1 / 1a Fase / J12: unchanged (7 matches, 0 played)
2026-10-02 00:39:09,992 INFO Girona / RTG TERCERA / G1 / 1a Fase / J13: future match day, keeping minimal match info from the league page
2026-10-02 00:39:09,998 INFO Girona / RTG TERCERA / G1 / 1a Fase / J13: unchanged (7 matches, 0 played)
2026-10-02 00:39:10,005 INFO Girona / RTG TERCERA / G1 / 1a Fase / J14: future match day, keeping minimal match info from the league page
2026-10-02 00:39:10,013 INFO Girona / RTG TERCERA / G1 / 1a Fase / J14: unchanged (7 matches, 0 played)
2026-10-02 00:39:10,023 INFO Girona / RTG TERCERA / G1 / 1a Fase / J15: future match day, keeping minimal match info from the league page
2026-10-02 00:39:10,028 INFO Girona / RTG TERCERA / G1 / 1a Fase / J15: unchanged (7 matches, 0 played)
2026-10-02 00:39:10,034 INFO Girona / RTG TERCERA / G1 / 1a Fase / J16: future match day, keeping minimal match info from the league page
2026-10-02 00:39:10,040 INFO Girona / RTG TERCERA / G1 / 1a Fase / J16: unchanged (7 matches, 0 played)
2026-10-02 00:39:10,046 INFO Girona / RTG TERCERA / G1 / 1a Fase / J17: future match day, keeping minimal match info from the league page
2026-10-02 00:39:10,051 INFO Girona / RTG TERCERA / G1 / 1a Fase / J17: unchanged (7 matches, 0 played)
2026-10-02 00:39:10,115 INFO Girona / RTG TERCERA / G1 / 1a Fase / J18: future match day, keeping minimal match info from the league page
2026-10-02 00:39:10,121 INFO Girona / RTG TERCERA / G1 / 1a Fase / J18: unchanged (7 matches, 0 played)
2026-10-02 00:39:10,127 INFO Girona / RTG TERCERA / G1 / 1a Fase / J19: future match day, keeping minimal match info from the league page
2026-10-02 00:39:10,133 INFO Girona / RTG TERCERA / G1 / 1a Fase / J19: unchanged (7 matches, 0 played)
2026-10-02 00:39:10,139 INFO Girona / RTG TERCERA / G1 / 1a Fase / J20: future match day, keeping minimal match info from the league page
2026-10-02 00:39:10,144 INFO Girona / RTG TERCERA / G1 / 1a Fase / J20: unchanged (7 matches, 0 played)
2026-10-02 00:39:10,150 INFO Girona / RTG TERCERA / G1 / 1a Fase / J21: future match day, keeping minimal match info from the league page
2026-10-02 00:39:10,155 INFO Girona / RTG TERCERA / G1 / 1a Fase / J21: unchanged (7 matches, 0 played)
2026-10-02 00:39:10,161 INFO Girona / RTG TERCERA / G1 / 1a Fase / J22: future match day, keeping minimal match info from the league page
2026-10-02 00:39:10,166 INFO Girona / RTG TERCERA / G1 / 1a Fase / J22: unchanged (7 matches, 0 played)
2026-10-02 00:39:10,172 INFO Girona / RTG TERCERA / G1 / 1a Fase / J23: future match day, keeping minimal match info from the league page
2026-10-02 00:39:10,178 INFO Girona / RTG TERCERA / G1 / 1a Fase / J23: unchanged (7 matches, 0 played)
2026-10-02 00:39:10,183 INFO Girona / RTG TERCERA / G1 / 1a Fase / J24: future match day, keeping minimal match info from the league page
2026-10-02 00:39:10,188 INFO Girona / RTG TERCERA / G1 / 1a Fase / J24: unchanged (7 matches, 0 played)
2026-10-02 00:39:10,195 INFO Girona / RTG TERCERA / G1 / 1a Fase / J25: future match day, keeping minimal match info from the league page
2026-10-02 00:39:10,200 INFO Girona / RTG TERCERA / G1 / 1a Fase / J25: unchanged (7 matches, 0 played)
2026-10-02 00:39:10,205 INFO Girona / RTG TERCERA / G1 / 1a Fase / J26: future match day, keeping minimal match info from the league page
2026-10-02 00:39:10,212 INFO Girona / RTG TERCERA / G1 / 1a Fase / J26: unchanged (7 matches, 0 played)
2026-10-02 00:39:12,927 INFO Tarragona / RTT PREFERENT: 18 match day(s) -> C:\git\bcnesa-extract-2\resources\actas-incremental-content\2026-2027\RTT PREFERENT\G1\1a Fase
2026-10-02 00:39:12,932 INFO Tarragona / RTT PREFERENT / G1 / 1a Fase / J1: future match day, keeping minimal match info from the league page
2026-10-02 00:39:12,935 INFO Tarragona / RTT PREFERENT / G1 / 1a Fase / J1: unchanged (5 matches, 0 played)
2026-10-02 00:39:12,940 INFO Tarragona / RTT PREFERENT / G1 / 1a Fase / J2: future match day, keeping minimal match info from the league page
2026-10-02 00:39:12,944 INFO Tarragona / RTT PREFERENT / G1 / 1a Fase / J2: unchanged (5 matches, 0 played)
2026-10-02 00:39:12,949 INFO Tarragona / RTT PREFERENT / G1 / 1a Fase / J3: future match day, keeping minimal match info from the league page
2026-10-02 00:39:12,953 INFO Tarragona / RTT PREFERENT / G1 / 1a Fase / J3: unchanged (5 matches, 0 played)
2026-10-02 00:39:12,957 INFO Tarragona / RTT PREFERENT / G1 / 1a Fase / J4: future match day, keeping minimal match info from the league page
2026-10-02 00:39:12,961 INFO Tarragona / RTT PREFERENT / G1 / 1a Fase / J4: unchanged (5 matches, 0 played)
2026-10-02 00:39:12,966 INFO Tarragona / RTT PREFERENT / G1 / 1a Fase / J5: future match day, keeping minimal match info from the league page
2026-10-02 00:39:12,970 INFO Tarragona / RTT PREFERENT / G1 / 1a Fase / J5: unchanged (5 matches, 0 played)
2026-10-02 00:39:12,975 INFO Tarragona / RTT PREFERENT / G1 / 1a Fase / J6: future match day, keeping minimal match info from the league page
2026-10-02 00:39:12,979 INFO Tarragona / RTT PREFERENT / G1 / 1a Fase / J6: unchanged (5 matches, 0 played)
2026-10-02 00:39:12,984 INFO Tarragona / RTT PREFERENT / G1 / 1a Fase / J7: future match day, keeping minimal match info from the league page
2026-10-02 00:39:12,988 INFO Tarragona / RTT PREFERENT / G1 / 1a Fase / J7: unchanged (5 matches, 0 played)
2026-10-02 00:39:12,995 INFO Tarragona / RTT PREFERENT / G1 / 1a Fase / J8: future match day, keeping minimal match info from the league page
2026-10-02 00:39:12,998 INFO Tarragona / RTT PREFERENT / G1 / 1a Fase / J8: unchanged (5 matches, 0 played)
2026-10-02 00:39:13,003 INFO Tarragona / RTT PREFERENT / G1 / 1a Fase / J9: future match day, keeping minimal match info from the league page
2026-10-02 00:39:13,007 INFO Tarragona / RTT PREFERENT / G1 / 1a Fase / J9: unchanged (5 matches, 0 played)
2026-10-02 00:39:13,012 INFO Tarragona / RTT PREFERENT / G1 / 1a Fase / J10: future match day, keeping minimal match info from the league page
2026-10-02 00:39:13,015 INFO Tarragona / RTT PREFERENT / G1 / 1a Fase / J10: unchanged (5 matches, 0 played)
2026-10-02 00:39:13,021 INFO Tarragona / RTT PREFERENT / G1 / 1a Fase / J11: future match day, keeping minimal match info from the league page
2026-10-02 00:39:13,025 INFO Tarragona / RTT PREFERENT / G1 / 1a Fase / J11: unchanged (5 matches, 0 played)
2026-10-02 00:39:13,030 INFO Tarragona / RTT PREFERENT / G1 / 1a Fase / J12: future match day, keeping minimal match info from the league page
2026-10-02 00:39:13,034 INFO Tarragona / RTT PREFERENT / G1 / 1a Fase / J12: unchanged (5 matches, 0 played)
2026-10-02 00:39:13,039 INFO Tarragona / RTT PREFERENT / G1 / 1a Fase / J13: future match day, keeping minimal match info from the league page
2026-10-02 00:39:13,043 INFO Tarragona / RTT PREFERENT / G1 / 1a Fase / J13: unchanged (5 matches, 0 played)
2026-10-02 00:39:13,049 INFO Tarragona / RTT PREFERENT / G1 / 1a Fase / J14: future match day, keeping minimal match info from the league page
2026-10-02 00:39:13,053 INFO Tarragona / RTT PREFERENT / G1 / 1a Fase / J14: unchanged (5 matches, 0 played)
2026-10-02 00:39:13,058 INFO Tarragona / RTT PREFERENT / G1 / 1a Fase / J15: future match day, keeping minimal match info from the league page
2026-10-02 00:39:13,062 INFO Tarragona / RTT PREFERENT / G1 / 1a Fase / J15: unchanged (5 matches, 0 played)
2026-10-02 00:39:13,067 INFO Tarragona / RTT PREFERENT / G1 / 1a Fase / J16: future match day, keeping minimal match info from the league page
2026-10-02 00:39:13,071 INFO Tarragona / RTT PREFERENT / G1 / 1a Fase / J16: unchanged (5 matches, 0 played)
2026-10-02 00:39:13,075 INFO Tarragona / RTT PREFERENT / G1 / 1a Fase / J17: future match day, keeping minimal match info from the league page
2026-10-02 00:39:13,079 INFO Tarragona / RTT PREFERENT / G1 / 1a Fase / J17: unchanged (5 matches, 0 played)
2026-10-02 00:39:13,084 INFO Tarragona / RTT PREFERENT / G1 / 1a Fase / J18: future match day, keeping minimal match info from the league page
2026-10-02 00:39:13,088 INFO Tarragona / RTT PREFERENT / G1 / 1a Fase / J18: unchanged (5 matches, 0 played)
2026-10-02 00:39:15,820 INFO Tarragona / RTT PRIMERA: 18 match day(s) -> C:\git\bcnesa-extract-2\resources\actas-incremental-content\2026-2027\RTT PRIMERA\G1\1a Fase
2026-10-02 00:39:15,826 INFO Tarragona / RTT PRIMERA / G1 / 1a Fase / J1: future match day, keeping minimal match info from the league page
2026-10-02 00:39:15,831 INFO Tarragona / RTT PRIMERA / G1 / 1a Fase / J1: unchanged (5 matches, 0 played)
2026-10-02 00:39:15,836 INFO Tarragona / RTT PRIMERA / G1 / 1a Fase / J2: future match day, keeping minimal match info from the league page
2026-10-02 00:39:15,840 INFO Tarragona / RTT PRIMERA / G1 / 1a Fase / J2: unchanged (5 matches, 0 played)
2026-10-02 00:39:15,845 INFO Tarragona / RTT PRIMERA / G1 / 1a Fase / J3: future match day, keeping minimal match info from the league page
2026-10-02 00:39:15,849 INFO Tarragona / RTT PRIMERA / G1 / 1a Fase / J3: unchanged (5 matches, 0 played)
2026-10-02 00:39:15,854 INFO Tarragona / RTT PRIMERA / G1 / 1a Fase / J4: future match day, keeping minimal match info from the league page
2026-10-02 00:39:15,858 INFO Tarragona / RTT PRIMERA / G1 / 1a Fase / J4: unchanged (5 matches, 0 played)
2026-10-02 00:39:15,863 INFO Tarragona / RTT PRIMERA / G1 / 1a Fase / J5: future match day, keeping minimal match info from the league page
2026-10-02 00:39:15,867 INFO Tarragona / RTT PRIMERA / G1 / 1a Fase / J5: unchanged (5 matches, 0 played)
2026-10-02 00:39:15,874 INFO Tarragona / RTT PRIMERA / G1 / 1a Fase / J6: future match day, keeping minimal match info from the league page
2026-10-02 00:39:15,878 INFO Tarragona / RTT PRIMERA / G1 / 1a Fase / J6: unchanged (5 matches, 0 played)
2026-10-02 00:39:15,882 INFO Tarragona / RTT PRIMERA / G1 / 1a Fase / J7: future match day, keeping minimal match info from the league page
2026-10-02 00:39:15,886 INFO Tarragona / RTT PRIMERA / G1 / 1a Fase / J7: unchanged (5 matches, 0 played)
2026-10-02 00:39:15,891 INFO Tarragona / RTT PRIMERA / G1 / 1a Fase / J8: future match day, keeping minimal match info from the league page
2026-10-02 00:39:15,895 INFO Tarragona / RTT PRIMERA / G1 / 1a Fase / J8: unchanged (5 matches, 0 played)
2026-10-02 00:39:15,900 INFO Tarragona / RTT PRIMERA / G1 / 1a Fase / J9: future match day, keeping minimal match info from the league page
2026-10-02 00:39:15,904 INFO Tarragona / RTT PRIMERA / G1 / 1a Fase / J9: unchanged (5 matches, 0 played)
2026-10-02 00:39:15,912 INFO Tarragona / RTT PRIMERA / G1 / 1a Fase / J10: future match day, keeping minimal match info from the league page
2026-10-02 00:39:15,915 INFO Tarragona / RTT PRIMERA / G1 / 1a Fase / J10: unchanged (5 matches, 0 played)
2026-10-02 00:39:15,921 INFO Tarragona / RTT PRIMERA / G1 / 1a Fase / J11: future match day, keeping minimal match info from the league page
2026-10-02 00:39:15,924 INFO Tarragona / RTT PRIMERA / G1 / 1a Fase / J11: unchanged (5 matches, 0 played)
2026-10-02 00:39:15,929 INFO Tarragona / RTT PRIMERA / G1 / 1a Fase / J12: future match day, keeping minimal match info from the league page
2026-10-02 00:39:15,933 INFO Tarragona / RTT PRIMERA / G1 / 1a Fase / J12: unchanged (5 matches, 0 played)
2026-10-02 00:39:15,938 INFO Tarragona / RTT PRIMERA / G1 / 1a Fase / J13: future match day, keeping minimal match info from the league page
2026-10-02 00:39:15,942 INFO Tarragona / RTT PRIMERA / G1 / 1a Fase / J13: unchanged (5 matches, 0 played)
2026-10-02 00:39:15,947 INFO Tarragona / RTT PRIMERA / G1 / 1a Fase / J14: future match day, keeping minimal match info from the league page
2026-10-02 00:39:15,951 INFO Tarragona / RTT PRIMERA / G1 / 1a Fase / J14: unchanged (5 matches, 0 played)
2026-10-02 00:39:15,956 INFO Tarragona / RTT PRIMERA / G1 / 1a Fase / J15: future match day, keeping minimal match info from the league page
2026-10-02 00:39:15,959 INFO Tarragona / RTT PRIMERA / G1 / 1a Fase / J15: unchanged (5 matches, 0 played)
2026-10-02 00:39:15,964 INFO Tarragona / RTT PRIMERA / G1 / 1a Fase / J16: future match day, keeping minimal match info from the league page
2026-10-02 00:39:15,968 INFO Tarragona / RTT PRIMERA / G1 / 1a Fase / J16: unchanged (5 matches, 0 played)
2026-10-02 00:39:15,973 INFO Tarragona / RTT PRIMERA / G1 / 1a Fase / J17: future match day, keeping minimal match info from the league page
2026-10-02 00:39:15,977 INFO Tarragona / RTT PRIMERA / G1 / 1a Fase / J17: unchanged (5 matches, 0 played)
2026-10-02 00:39:15,981 INFO Tarragona / RTT PRIMERA / G1 / 1a Fase / J18: future match day, keeping minimal match info from the league page
2026-10-02 00:39:15,985 INFO Tarragona / RTT PRIMERA / G1 / 1a Fase / J18: unchanged (5 matches, 0 played)
2026-10-02 00:39:18,666 INFO Tarragona / RTT SEGONA: 18 match day(s) -> C:\git\bcnesa-extract-2\resources\actas-incremental-content\2026-2027\RTT SEGONA\G1\1a Fase
2026-10-02 00:39:18,671 INFO Tarragona / RTT SEGONA / G1 / 1a Fase / J1: future match day, keeping minimal match info from the league page
2026-10-02 00:39:18,675 INFO Tarragona / RTT SEGONA / G1 / 1a Fase / J1: unchanged (5 matches, 0 played)
2026-10-02 00:39:18,679 INFO Tarragona / RTT SEGONA / G1 / 1a Fase / J2: future match day, keeping minimal match info from the league page
2026-10-02 00:39:18,683 INFO Tarragona / RTT SEGONA / G1 / 1a Fase / J2: unchanged (5 matches, 0 played)
2026-10-02 00:39:18,688 INFO Tarragona / RTT SEGONA / G1 / 1a Fase / J3: future match day, keeping minimal match info from the league page
2026-10-02 00:39:18,692 INFO Tarragona / RTT SEGONA / G1 / 1a Fase / J3: unchanged (5 matches, 0 played)
2026-10-02 00:39:18,697 INFO Tarragona / RTT SEGONA / G1 / 1a Fase / J4: future match day, keeping minimal match info from the league page
2026-10-02 00:39:18,703 INFO Tarragona / RTT SEGONA / G1 / 1a Fase / J4: unchanged (5 matches, 0 played)
2026-10-02 00:39:18,707 INFO Tarragona / RTT SEGONA / G1 / 1a Fase / J5: future match day, keeping minimal match info from the league page
2026-10-02 00:39:18,711 INFO Tarragona / RTT SEGONA / G1 / 1a Fase / J5: unchanged (5 matches, 0 played)
2026-10-02 00:39:18,716 INFO Tarragona / RTT SEGONA / G1 / 1a Fase / J6: future match day, keeping minimal match info from the league page
2026-10-02 00:39:18,720 INFO Tarragona / RTT SEGONA / G1 / 1a Fase / J6: unchanged (5 matches, 0 played)
2026-10-02 00:39:18,725 INFO Tarragona / RTT SEGONA / G1 / 1a Fase / J7: future match day, keeping minimal match info from the league page
2026-10-02 00:39:18,728 INFO Tarragona / RTT SEGONA / G1 / 1a Fase / J7: unchanged (5 matches, 0 played)
2026-10-02 00:39:18,734 INFO Tarragona / RTT SEGONA / G1 / 1a Fase / J8: future match day, keeping minimal match info from the league page
2026-10-02 00:39:18,737 INFO Tarragona / RTT SEGONA / G1 / 1a Fase / J8: unchanged (5 matches, 0 played)
2026-10-02 00:39:18,742 INFO Tarragona / RTT SEGONA / G1 / 1a Fase / J9: future match day, keeping minimal match info from the league page
2026-10-02 00:39:18,747 INFO Tarragona / RTT SEGONA / G1 / 1a Fase / J9: unchanged (5 matches, 0 played)
2026-10-02 00:39:18,752 INFO Tarragona / RTT SEGONA / G1 / 1a Fase / J10: future match day, keeping minimal match info from the league page
2026-10-02 00:39:18,756 INFO Tarragona / RTT SEGONA / G1 / 1a Fase / J10: unchanged (5 matches, 0 played)
2026-10-02 00:39:18,763 INFO Tarragona / RTT SEGONA / G1 / 1a Fase / J11: future match day, keeping minimal match info from the league page
2026-10-02 00:39:18,767 INFO Tarragona / RTT SEGONA / G1 / 1a Fase / J11: unchanged (5 matches, 0 played)
2026-10-02 00:39:18,772 INFO Tarragona / RTT SEGONA / G1 / 1a Fase / J12: future match day, keeping minimal match info from the league page
2026-10-02 00:39:18,776 INFO Tarragona / RTT SEGONA / G1 / 1a Fase / J12: unchanged (5 matches, 0 played)
2026-10-02 00:39:18,781 INFO Tarragona / RTT SEGONA / G1 / 1a Fase / J13: future match day, keeping minimal match info from the league page
2026-10-02 00:39:18,785 INFO Tarragona / RTT SEGONA / G1 / 1a Fase / J13: unchanged (5 matches, 0 played)
2026-10-02 00:39:18,790 INFO Tarragona / RTT SEGONA / G1 / 1a Fase / J14: future match day, keeping minimal match info from the league page
2026-10-02 00:39:18,794 INFO Tarragona / RTT SEGONA / G1 / 1a Fase / J14: unchanged (5 matches, 0 played)
2026-10-02 00:39:18,800 INFO Tarragona / RTT SEGONA / G1 / 1a Fase / J15: future match day, keeping minimal match info from the league page
2026-10-02 00:39:18,804 INFO Tarragona / RTT SEGONA / G1 / 1a Fase / J15: unchanged (5 matches, 0 played)
2026-10-02 00:39:18,810 INFO Tarragona / RTT SEGONA / G1 / 1a Fase / J16: future match day, keeping minimal match info from the league page
2026-10-02 00:39:18,814 INFO Tarragona / RTT SEGONA / G1 / 1a Fase / J16: unchanged (5 matches, 0 played)
2026-10-02 00:39:18,819 INFO Tarragona / RTT SEGONA / G1 / 1a Fase / J17: future match day, keeping minimal match info from the league page
2026-10-02 00:39:18,823 INFO Tarragona / RTT SEGONA / G1 / 1a Fase / J17: unchanged (5 matches, 0 played)
2026-10-02 00:39:18,829 INFO Tarragona / RTT SEGONA / G1 / 1a Fase / J18: future match day, keeping minimal match info from the league page
2026-10-02 00:39:18,833 INFO Tarragona / RTT SEGONA / G1 / 1a Fase / J18: unchanged (5 matches, 0 played)
2026-10-02 00:39:21,582 INFO Tarragona / RTT TERCERA: 18 match day(s) -> C:\git\bcnesa-extract-2\resources\actas-incremental-content\2026-2027\RTT TERCERA\G1\1a Fase
2026-10-02 00:39:21,587 INFO Tarragona / RTT TERCERA / G1 / 1a Fase / J1: future match day, keeping minimal match info from the league page
2026-10-02 00:39:21,591 INFO Tarragona / RTT TERCERA / G1 / 1a Fase / J1: unchanged (5 matches, 0 played)
2026-10-02 00:39:21,596 INFO Tarragona / RTT TERCERA / G1 / 1a Fase / J2: future match day, keeping minimal match info from the league page
2026-10-02 00:39:21,600 INFO Tarragona / RTT TERCERA / G1 / 1a Fase / J2: unchanged (5 matches, 0 played)
2026-10-02 00:39:21,605 INFO Tarragona / RTT TERCERA / G1 / 1a Fase / J3: future match day, keeping minimal match info from the league page
2026-10-02 00:39:21,609 INFO Tarragona / RTT TERCERA / G1 / 1a Fase / J3: unchanged (5 matches, 0 played)
2026-10-02 00:39:21,613 INFO Tarragona / RTT TERCERA / G1 / 1a Fase / J4: future match day, keeping minimal match info from the league page
2026-10-02 00:39:21,618 INFO Tarragona / RTT TERCERA / G1 / 1a Fase / J4: unchanged (5 matches, 0 played)
2026-10-02 00:39:21,623 INFO Tarragona / RTT TERCERA / G1 / 1a Fase / J5: future match day, keeping minimal match info from the league page
2026-10-02 00:39:21,627 INFO Tarragona / RTT TERCERA / G1 / 1a Fase / J5: unchanged (5 matches, 0 played)
2026-10-02 00:39:21,633 INFO Tarragona / RTT TERCERA / G1 / 1a Fase / J6: future match day, keeping minimal match info from the league page
2026-10-02 00:39:21,636 INFO Tarragona / RTT TERCERA / G1 / 1a Fase / J6: unchanged (5 matches, 0 played)
2026-10-02 00:39:21,641 INFO Tarragona / RTT TERCERA / G1 / 1a Fase / J7: future match day, keeping minimal match info from the league page
2026-10-02 00:39:21,645 INFO Tarragona / RTT TERCERA / G1 / 1a Fase / J7: unchanged (5 matches, 0 played)
2026-10-02 00:39:21,650 INFO Tarragona / RTT TERCERA / G1 / 1a Fase / J8: future match day, keeping minimal match info from the league page
2026-10-02 00:39:21,654 INFO Tarragona / RTT TERCERA / G1 / 1a Fase / J8: unchanged (5 matches, 0 played)
2026-10-02 00:39:21,659 INFO Tarragona / RTT TERCERA / G1 / 1a Fase / J9: future match day, keeping minimal match info from the league page
2026-10-02 00:39:21,664 INFO Tarragona / RTT TERCERA / G1 / 1a Fase / J9: unchanged (5 matches, 0 played)
2026-10-02 00:39:21,668 INFO Tarragona / RTT TERCERA / G1 / 1a Fase / J10: future match day, keeping minimal match info from the league page
2026-10-02 00:39:21,672 INFO Tarragona / RTT TERCERA / G1 / 1a Fase / J10: unchanged (5 matches, 0 played)
2026-10-02 00:39:21,677 INFO Tarragona / RTT TERCERA / G1 / 1a Fase / J11: future match day, keeping minimal match info from the league page
2026-10-02 00:39:21,681 INFO Tarragona / RTT TERCERA / G1 / 1a Fase / J11: unchanged (5 matches, 0 played)
2026-10-02 00:39:21,686 INFO Tarragona / RTT TERCERA / G1 / 1a Fase / J12: future match day, keeping minimal match info from the league page
2026-10-02 00:39:21,690 INFO Tarragona / RTT TERCERA / G1 / 1a Fase / J12: unchanged (5 matches, 0 played)
2026-10-02 00:39:21,697 INFO Tarragona / RTT TERCERA / G1 / 1a Fase / J13: future match day, keeping minimal match info from the league page
2026-10-02 00:39:21,701 INFO Tarragona / RTT TERCERA / G1 / 1a Fase / J13: unchanged (5 matches, 0 played)
2026-10-02 00:39:21,706 INFO Tarragona / RTT TERCERA / G1 / 1a Fase / J14: future match day, keeping minimal match info from the league page
2026-10-02 00:39:21,710 INFO Tarragona / RTT TERCERA / G1 / 1a Fase / J14: unchanged (5 matches, 0 played)
2026-10-02 00:39:21,715 INFO Tarragona / RTT TERCERA / G1 / 1a Fase / J15: future match day, keeping minimal match info from the league page
2026-10-02 00:39:21,718 INFO Tarragona / RTT TERCERA / G1 / 1a Fase / J15: unchanged (5 matches, 0 played)
2026-10-02 00:39:21,723 INFO Tarragona / RTT TERCERA / G1 / 1a Fase / J16: future match day, keeping minimal match info from the league page
2026-10-02 00:39:21,727 INFO Tarragona / RTT TERCERA / G1 / 1a Fase / J16: unchanged (5 matches, 0 played)
2026-10-02 00:39:21,733 INFO Tarragona / RTT TERCERA / G1 / 1a Fase / J17: future match day, keeping minimal match info from the league page
2026-10-02 00:39:21,736 INFO Tarragona / RTT TERCERA / G1 / 1a Fase / J17: unchanged (5 matches, 0 played)
2026-10-02 00:39:21,741 INFO Tarragona / RTT TERCERA / G1 / 1a Fase / J18: future match day, keeping minimal match info from the league page
2026-10-02 00:39:21,745 INFO Tarragona / RTT TERCERA / G1 / 1a Fase / J18: unchanged (5 matches, 0 played)
2026-10-02 00:39:24,538 INFO Tarragona / RTT QUARTA: 18 match day(s) -> C:\git\bcnesa-extract-2\resources\actas-incremental-content\2026-2027\RTT QUARTA\G1\1a Fase
2026-10-02 00:39:24,543 INFO Tarragona / RTT QUARTA / G1 / 1a Fase / J1: future match day, keeping minimal match info from the league page
2026-10-02 00:39:24,547 INFO Tarragona / RTT QUARTA / G1 / 1a Fase / J1: unchanged (5 matches, 0 played)
2026-10-02 00:39:24,553 INFO Tarragona / RTT QUARTA / G1 / 1a Fase / J2: future match day, keeping minimal match info from the league page
2026-10-02 00:39:24,558 INFO Tarragona / RTT QUARTA / G1 / 1a Fase / J2: unchanged (5 matches, 0 played)
2026-10-02 00:39:24,563 INFO Tarragona / RTT QUARTA / G1 / 1a Fase / J3: future match day, keeping minimal match info from the league page
2026-10-02 00:39:24,567 INFO Tarragona / RTT QUARTA / G1 / 1a Fase / J3: unchanged (5 matches, 0 played)
2026-10-02 00:39:24,572 INFO Tarragona / RTT QUARTA / G1 / 1a Fase / J4: future match day, keeping minimal match info from the league page
2026-10-02 00:39:24,576 INFO Tarragona / RTT QUARTA / G1 / 1a Fase / J4: unchanged (5 matches, 0 played)
2026-10-02 00:39:24,581 INFO Tarragona / RTT QUARTA / G1 / 1a Fase / J5: future match day, keeping minimal match info from the league page
2026-10-02 00:39:24,585 INFO Tarragona / RTT QUARTA / G1 / 1a Fase / J5: unchanged (5 matches, 0 played)
2026-10-02 00:39:24,590 INFO Tarragona / RTT QUARTA / G1 / 1a Fase / J6: future match day, keeping minimal match info from the league page
2026-10-02 00:39:24,594 INFO Tarragona / RTT QUARTA / G1 / 1a Fase / J6: unchanged (5 matches, 0 played)
2026-10-02 00:39:24,599 INFO Tarragona / RTT QUARTA / G1 / 1a Fase / J7: future match day, keeping minimal match info from the league page
2026-10-02 00:39:24,603 INFO Tarragona / RTT QUARTA / G1 / 1a Fase / J7: unchanged (5 matches, 0 played)
2026-10-02 00:39:24,607 INFO Tarragona / RTT QUARTA / G1 / 1a Fase / J8: future match day, keeping minimal match info from the league page
2026-10-02 00:39:24,611 INFO Tarragona / RTT QUARTA / G1 / 1a Fase / J8: unchanged (5 matches, 0 played)
2026-10-02 00:39:24,616 INFO Tarragona / RTT QUARTA / G1 / 1a Fase / J9: future match day, keeping minimal match info from the league page
2026-10-02 00:39:24,620 INFO Tarragona / RTT QUARTA / G1 / 1a Fase / J9: unchanged (5 matches, 0 played)
2026-10-02 00:39:24,625 INFO Tarragona / RTT QUARTA / G1 / 1a Fase / J10: future match day, keeping minimal match info from the league page
2026-10-02 00:39:24,629 INFO Tarragona / RTT QUARTA / G1 / 1a Fase / J10: unchanged (5 matches, 0 played)
2026-10-02 00:39:24,634 INFO Tarragona / RTT QUARTA / G1 / 1a Fase / J11: future match day, keeping minimal match info from the league page
2026-10-02 00:39:24,637 INFO Tarragona / RTT QUARTA / G1 / 1a Fase / J11: unchanged (5 matches, 0 played)
2026-10-02 00:39:24,642 INFO Tarragona / RTT QUARTA / G1 / 1a Fase / J12: future match day, keeping minimal match info from the league page
2026-10-02 00:39:24,648 INFO Tarragona / RTT QUARTA / G1 / 1a Fase / J12: unchanged (5 matches, 0 played)
2026-10-02 00:39:24,659 INFO Tarragona / RTT QUARTA / G1 / 1a Fase / J13: future match day, keeping minimal match info from the league page
2026-10-02 00:39:24,668 INFO Tarragona / RTT QUARTA / G1 / 1a Fase / J13: unchanged (5 matches, 0 played)
2026-10-02 00:39:24,682 INFO Tarragona / RTT QUARTA / G1 / 1a Fase / J14: future match day, keeping minimal match info from the league page
2026-10-02 00:39:24,692 INFO Tarragona / RTT QUARTA / G1 / 1a Fase / J14: unchanged (5 matches, 0 played)
2026-10-02 00:39:24,702 INFO Tarragona / RTT QUARTA / G1 / 1a Fase / J15: future match day, keeping minimal match info from the league page
2026-10-02 00:39:24,711 INFO Tarragona / RTT QUARTA / G1 / 1a Fase / J15: unchanged (5 matches, 0 played)
2026-10-02 00:39:24,721 INFO Tarragona / RTT QUARTA / G1 / 1a Fase / J16: future match day, keeping minimal match info from the league page
2026-10-02 00:39:24,728 INFO Tarragona / RTT QUARTA / G1 / 1a Fase / J16: unchanged (5 matches, 0 played)
2026-10-02 00:39:24,738 INFO Tarragona / RTT QUARTA / G1 / 1a Fase / J17: future match day, keeping minimal match info from the league page
2026-10-02 00:39:24,748 INFO Tarragona / RTT QUARTA / G1 / 1a Fase / J17: unchanged (5 matches, 0 played)
2026-10-02 00:39:24,760 INFO Tarragona / RTT QUARTA / G1 / 1a Fase / J18: future match day, keeping minimal match info from the league page
2026-10-02 00:39:24,768 INFO Tarragona / RTT QUARTA / G1 / 1a Fase / J18: unchanged (5 matches, 0 played)
2026-10-02 00:39:27,483 INFO Lleida / RTL PREFERENT: 18 match day(s) -> C:\git\bcnesa-extract-2\resources\actas-incremental-content\2026-2027\RTL PREFERENT\G1\1a Fase
2026-10-02 00:39:31,203 WARNING Attempt 1/6 failed for https://fctt.cat/lligues/preferent-rtl/?jornada=1 (incomplete content: match 11244 game 1 left: player 'XIA, NIDE' has no player link (+25 more)); retrying in 3.3s
2026-10-02 00:39:36,730 WARNING Attempt 2/6 failed for https://fctt.cat/lligues/preferent-rtl/?jornada=1 (page without matches (the site returned an empty page)); retrying in 4.4s
2026-10-02 00:39:43,407 WARNING Attempt 3/6 failed for https://fctt.cat/lligues/preferent-rtl/?jornada=1 (page without matches (the site returned an empty page)); retrying in 9.4s
2026-10-02 00:39:55,071 WARNING Attempt 4/6 failed for https://fctt.cat/lligues/preferent-rtl/?jornada=1 (page without matches (the site returned an empty page)); retrying in 16.7s
2026-10-02 00:40:15,714 INFO Lleida / RTL PREFERENT / G1 / 1a Fase / J1: unchanged (4 matches, 3 played)
2026-10-02 00:40:15,719 INFO Lleida / RTL PREFERENT / G1 / 1a Fase / J2: future match day, keeping minimal match info from the league page
2026-10-02 00:40:15,723 INFO Lleida / RTL PREFERENT / G1 / 1a Fase / J2: unchanged (4 matches, 0 played)
2026-10-02 00:40:15,728 INFO Lleida / RTL PREFERENT / G1 / 1a Fase / J3: future match day, keeping minimal match info from the league page
2026-10-02 00:40:15,731 INFO Lleida / RTL PREFERENT / G1 / 1a Fase / J3: unchanged (4 matches, 0 played)
2026-10-02 00:40:15,736 INFO Lleida / RTL PREFERENT / G1 / 1a Fase / J4: future match day, keeping minimal match info from the league page
2026-10-02 00:40:15,742 INFO Lleida / RTL PREFERENT / G1 / 1a Fase / J4: unchanged (4 matches, 0 played)
2026-10-02 00:40:15,747 INFO Lleida / RTL PREFERENT / G1 / 1a Fase / J5: future match day, keeping minimal match info from the league page
2026-10-02 00:40:15,751 INFO Lleida / RTL PREFERENT / G1 / 1a Fase / J5: unchanged (4 matches, 0 played)
2026-10-02 00:40:15,756 INFO Lleida / RTL PREFERENT / G1 / 1a Fase / J6: future match day, keeping minimal match info from the league page
2026-10-02 00:40:15,759 INFO Lleida / RTL PREFERENT / G1 / 1a Fase / J6: unchanged (4 matches, 0 played)
2026-10-02 00:40:15,764 INFO Lleida / RTL PREFERENT / G1 / 1a Fase / J7: future match day, keeping minimal match info from the league page
2026-10-02 00:40:15,767 INFO Lleida / RTL PREFERENT / G1 / 1a Fase / J7: unchanged (4 matches, 0 played)
2026-10-02 00:40:15,772 INFO Lleida / RTL PREFERENT / G1 / 1a Fase / J8: future match day, keeping minimal match info from the league page
2026-10-02 00:40:15,776 INFO Lleida / RTL PREFERENT / G1 / 1a Fase / J8: unchanged (4 matches, 0 played)
2026-10-02 00:40:15,781 INFO Lleida / RTL PREFERENT / G1 / 1a Fase / J9: future match day, keeping minimal match info from the league page
2026-10-02 00:40:15,785 INFO Lleida / RTL PREFERENT / G1 / 1a Fase / J9: unchanged (4 matches, 0 played)
2026-10-02 00:40:15,791 INFO Lleida / RTL PREFERENT / G1 / 1a Fase / J10: future match day, keeping minimal match info from the league page
2026-10-02 00:40:15,794 INFO Lleida / RTL PREFERENT / G1 / 1a Fase / J10: unchanged (4 matches, 0 played)
2026-10-02 00:40:15,799 INFO Lleida / RTL PREFERENT / G1 / 1a Fase / J11: future match day, keeping minimal match info from the league page
2026-10-02 00:40:15,802 INFO Lleida / RTL PREFERENT / G1 / 1a Fase / J11: unchanged (4 matches, 0 played)
2026-10-02 00:40:15,807 INFO Lleida / RTL PREFERENT / G1 / 1a Fase / J12: future match day, keeping minimal match info from the league page
2026-10-02 00:40:15,811 INFO Lleida / RTL PREFERENT / G1 / 1a Fase / J12: unchanged (4 matches, 0 played)
2026-10-02 00:40:15,816 INFO Lleida / RTL PREFERENT / G1 / 1a Fase / J13: future match day, keeping minimal match info from the league page
2026-10-02 00:40:15,820 INFO Lleida / RTL PREFERENT / G1 / 1a Fase / J13: unchanged (4 matches, 0 played)
2026-10-02 00:40:15,825 INFO Lleida / RTL PREFERENT / G1 / 1a Fase / J14: future match day, keeping minimal match info from the league page
2026-10-02 00:40:15,828 INFO Lleida / RTL PREFERENT / G1 / 1a Fase / J14: unchanged (4 matches, 0 played)
2026-10-02 00:40:15,833 INFO Lleida / RTL PREFERENT / G1 / 1a Fase / J15: future match day, keeping minimal match info from the league page
2026-10-02 00:40:15,836 INFO Lleida / RTL PREFERENT / G1 / 1a Fase / J15: unchanged (4 matches, 0 played)
2026-10-02 00:40:15,841 INFO Lleida / RTL PREFERENT / G1 / 1a Fase / J16: future match day, keeping minimal match info from the league page
2026-10-02 00:40:15,845 INFO Lleida / RTL PREFERENT / G1 / 1a Fase / J16: unchanged (4 matches, 0 played)
2026-10-02 00:40:15,849 INFO Lleida / RTL PREFERENT / G1 / 1a Fase / J17: future match day, keeping minimal match info from the league page
2026-10-02 00:40:15,853 INFO Lleida / RTL PREFERENT / G1 / 1a Fase / J17: unchanged (4 matches, 0 played)
2026-10-02 00:40:15,857 INFO Lleida / RTL PREFERENT / G1 / 1a Fase / J18: future match day, keeping minimal match info from the league page
2026-10-02 00:40:15,861 INFO Lleida / RTL PREFERENT / G1 / 1a Fase / J18: unchanged (4 matches, 0 played)
2026-10-02 00:40:18,587 INFO Lleida / RTL PRIMERA: 18 match day(s) -> C:\git\bcnesa-extract-2\resources\actas-incremental-content\2026-2027\RTL PRIMERA\G1\1a Fase
2026-10-02 00:40:18,620 INFO Lleida / RTL PRIMERA / G1 / 1a Fase / J1: complete, skipped
2026-10-02 00:40:18,624 INFO Lleida / RTL PRIMERA / G1 / 1a Fase / J2: future match day, keeping minimal match info from the league page
2026-10-02 00:40:18,628 INFO Lleida / RTL PRIMERA / G1 / 1a Fase / J2: unchanged (5 matches, 0 played)
2026-10-02 00:40:18,633 INFO Lleida / RTL PRIMERA / G1 / 1a Fase / J3: future match day, keeping minimal match info from the league page
2026-10-02 00:40:18,637 INFO Lleida / RTL PRIMERA / G1 / 1a Fase / J3: unchanged (5 matches, 0 played)
2026-10-02 00:40:18,642 INFO Lleida / RTL PRIMERA / G1 / 1a Fase / J4: future match day, keeping minimal match info from the league page
2026-10-02 00:40:18,646 INFO Lleida / RTL PRIMERA / G1 / 1a Fase / J4: unchanged (5 matches, 0 played)
2026-10-02 00:40:18,651 INFO Lleida / RTL PRIMERA / G1 / 1a Fase / J5: future match day, keeping minimal match info from the league page
2026-10-02 00:40:18,655 INFO Lleida / RTL PRIMERA / G1 / 1a Fase / J5: unchanged (5 matches, 0 played)
2026-10-02 00:40:18,659 INFO Lleida / RTL PRIMERA / G1 / 1a Fase / J6: future match day, keeping minimal match info from the league page
2026-10-02 00:40:18,663 INFO Lleida / RTL PRIMERA / G1 / 1a Fase / J6: unchanged (5 matches, 0 played)
2026-10-02 00:40:18,669 INFO Lleida / RTL PRIMERA / G1 / 1a Fase / J7: future match day, keeping minimal match info from the league page
2026-10-02 00:40:18,673 INFO Lleida / RTL PRIMERA / G1 / 1a Fase / J7: unchanged (5 matches, 0 played)
2026-10-02 00:40:18,678 INFO Lleida / RTL PRIMERA / G1 / 1a Fase / J8: future match day, keeping minimal match info from the league page
2026-10-02 00:40:18,682 INFO Lleida / RTL PRIMERA / G1 / 1a Fase / J8: unchanged (5 matches, 0 played)
2026-10-02 00:40:18,687 INFO Lleida / RTL PRIMERA / G1 / 1a Fase / J9: future match day, keeping minimal match info from the league page
2026-10-02 00:40:18,691 INFO Lleida / RTL PRIMERA / G1 / 1a Fase / J9: unchanged (5 matches, 0 played)
2026-10-02 00:40:18,696 INFO Lleida / RTL PRIMERA / G1 / 1a Fase / J10: future match day, keeping minimal match info from the league page
2026-10-02 00:40:18,700 INFO Lleida / RTL PRIMERA / G1 / 1a Fase / J10: unchanged (5 matches, 0 played)
2026-10-02 00:40:18,705 INFO Lleida / RTL PRIMERA / G1 / 1a Fase / J11: future match day, keeping minimal match info from the league page
2026-10-02 00:40:18,709 INFO Lleida / RTL PRIMERA / G1 / 1a Fase / J11: unchanged (5 matches, 0 played)
2026-10-02 00:40:18,716 INFO Lleida / RTL PRIMERA / G1 / 1a Fase / J12: future match day, keeping minimal match info from the league page
2026-10-02 00:40:18,721 INFO Lleida / RTL PRIMERA / G1 / 1a Fase / J12: unchanged (5 matches, 0 played)
2026-10-02 00:40:18,727 INFO Lleida / RTL PRIMERA / G1 / 1a Fase / J13: future match day, keeping minimal match info from the league page
2026-10-02 00:40:18,731 INFO Lleida / RTL PRIMERA / G1 / 1a Fase / J13: unchanged (5 matches, 0 played)
2026-10-02 00:40:18,736 INFO Lleida / RTL PRIMERA / G1 / 1a Fase / J14: future match day, keeping minimal match info from the league page
2026-10-02 00:40:18,740 INFO Lleida / RTL PRIMERA / G1 / 1a Fase / J14: unchanged (5 matches, 0 played)
2026-10-02 00:40:18,745 INFO Lleida / RTL PRIMERA / G1 / 1a Fase / J15: future match day, keeping minimal match info from the league page
2026-10-02 00:40:18,749 INFO Lleida / RTL PRIMERA / G1 / 1a Fase / J15: unchanged (5 matches, 0 played)
2026-10-02 00:40:18,754 INFO Lleida / RTL PRIMERA / G1 / 1a Fase / J16: future match day, keeping minimal match info from the league page
2026-10-02 00:40:18,761 INFO Lleida / RTL PRIMERA / G1 / 1a Fase / J16: unchanged (5 matches, 0 played)
2026-10-02 00:40:18,766 INFO Lleida / RTL PRIMERA / G1 / 1a Fase / J17: future match day, keeping minimal match info from the league page
2026-10-02 00:40:18,770 INFO Lleida / RTL PRIMERA / G1 / 1a Fase / J17: unchanged (5 matches, 0 played)
2026-10-02 00:40:18,775 INFO Lleida / RTL PRIMERA / G1 / 1a Fase / J18: future match day, keeping minimal match info from the league page
2026-10-02 00:40:18,780 INFO Lleida / RTL PRIMERA / G1 / 1a Fase / J18: unchanged (5 matches, 0 played)
2026-10-02 00:40:21,819 INFO Lleida / RTL SEGONA: 22 match day(s) -> C:\git\bcnesa-extract-2\resources\actas-incremental-content\2026-2027\RTL SEGONA\G1\1a Fase
2026-10-02 00:40:21,859 INFO Lleida / RTL SEGONA / G1 / 1a Fase / J1: complete, skipped
2026-10-02 00:40:21,864 INFO Lleida / RTL SEGONA / G1 / 1a Fase / J2: future match day, keeping minimal match info from the league page
2026-10-02 00:40:21,869 INFO Lleida / RTL SEGONA / G1 / 1a Fase / J2: unchanged (6 matches, 0 played)
2026-10-02 00:40:21,874 INFO Lleida / RTL SEGONA / G1 / 1a Fase / J3: future match day, keeping minimal match info from the league page
2026-10-02 00:40:21,879 INFO Lleida / RTL SEGONA / G1 / 1a Fase / J3: unchanged (6 matches, 0 played)
2026-10-02 00:40:21,884 INFO Lleida / RTL SEGONA / G1 / 1a Fase / J4: future match day, keeping minimal match info from the league page
2026-10-02 00:40:21,889 INFO Lleida / RTL SEGONA / G1 / 1a Fase / J4: unchanged (6 matches, 0 played)
2026-10-02 00:40:21,894 INFO Lleida / RTL SEGONA / G1 / 1a Fase / J5: future match day, keeping minimal match info from the league page
2026-10-02 00:40:21,898 INFO Lleida / RTL SEGONA / G1 / 1a Fase / J5: unchanged (6 matches, 0 played)
2026-10-02 00:40:21,904 INFO Lleida / RTL SEGONA / G1 / 1a Fase / J6: future match day, keeping minimal match info from the league page
2026-10-02 00:40:21,908 INFO Lleida / RTL SEGONA / G1 / 1a Fase / J6: unchanged (6 matches, 0 played)
2026-10-02 00:40:21,913 INFO Lleida / RTL SEGONA / G1 / 1a Fase / J7: future match day, keeping minimal match info from the league page
2026-10-02 00:40:21,918 INFO Lleida / RTL SEGONA / G1 / 1a Fase / J7: unchanged (6 matches, 0 played)
2026-10-02 00:40:21,923 INFO Lleida / RTL SEGONA / G1 / 1a Fase / J8: future match day, keeping minimal match info from the league page
2026-10-02 00:40:21,927 INFO Lleida / RTL SEGONA / G1 / 1a Fase / J8: unchanged (6 matches, 0 played)
2026-10-02 00:40:21,932 INFO Lleida / RTL SEGONA / G1 / 1a Fase / J9: future match day, keeping minimal match info from the league page
2026-10-02 00:40:21,937 INFO Lleida / RTL SEGONA / G1 / 1a Fase / J9: unchanged (6 matches, 0 played)
2026-10-02 00:40:21,942 INFO Lleida / RTL SEGONA / G1 / 1a Fase / J10: future match day, keeping minimal match info from the league page
2026-10-02 00:40:21,947 INFO Lleida / RTL SEGONA / G1 / 1a Fase / J10: unchanged (6 matches, 0 played)
2026-10-02 00:40:21,952 INFO Lleida / RTL SEGONA / G1 / 1a Fase / J11: future match day, keeping minimal match info from the league page
2026-10-02 00:40:21,956 INFO Lleida / RTL SEGONA / G1 / 1a Fase / J11: unchanged (6 matches, 0 played)
2026-10-02 00:40:21,961 INFO Lleida / RTL SEGONA / G1 / 1a Fase / J12: future match day, keeping minimal match info from the league page
2026-10-02 00:40:21,966 INFO Lleida / RTL SEGONA / G1 / 1a Fase / J12: unchanged (6 matches, 0 played)
2026-10-02 00:40:21,971 INFO Lleida / RTL SEGONA / G1 / 1a Fase / J13: future match day, keeping minimal match info from the league page
2026-10-02 00:40:21,976 INFO Lleida / RTL SEGONA / G1 / 1a Fase / J13: unchanged (6 matches, 0 played)
2026-10-02 00:40:21,981 INFO Lleida / RTL SEGONA / G1 / 1a Fase / J14: future match day, keeping minimal match info from the league page
2026-10-02 00:40:21,985 INFO Lleida / RTL SEGONA / G1 / 1a Fase / J14: unchanged (6 matches, 0 played)
2026-10-02 00:40:21,990 INFO Lleida / RTL SEGONA / G1 / 1a Fase / J15: future match day, keeping minimal match info from the league page
2026-10-02 00:40:21,995 INFO Lleida / RTL SEGONA / G1 / 1a Fase / J15: unchanged (6 matches, 0 played)
2026-10-02 00:40:22,000 INFO Lleida / RTL SEGONA / G1 / 1a Fase / J16: future match day, keeping minimal match info from the league page
2026-10-02 00:40:22,005 INFO Lleida / RTL SEGONA / G1 / 1a Fase / J16: unchanged (6 matches, 0 played)
2026-10-02 00:40:22,010 INFO Lleida / RTL SEGONA / G1 / 1a Fase / J17: future match day, keeping minimal match info from the league page
2026-10-02 00:40:22,014 INFO Lleida / RTL SEGONA / G1 / 1a Fase / J17: unchanged (6 matches, 0 played)
2026-10-02 00:40:22,020 INFO Lleida / RTL SEGONA / G1 / 1a Fase / J18: future match day, keeping minimal match info from the league page
2026-10-02 00:40:22,024 INFO Lleida / RTL SEGONA / G1 / 1a Fase / J18: unchanged (6 matches, 0 played)
2026-10-02 00:40:22,030 INFO Lleida / RTL SEGONA / G1 / 1a Fase / J19: future match day, keeping minimal match info from the league page
2026-10-02 00:40:22,035 INFO Lleida / RTL SEGONA / G1 / 1a Fase / J19: unchanged (6 matches, 0 played)
2026-10-02 00:40:22,041 INFO Lleida / RTL SEGONA / G1 / 1a Fase / J20: future match day, keeping minimal match info from the league page
2026-10-02 00:40:22,045 INFO Lleida / RTL SEGONA / G1 / 1a Fase / J20: unchanged (6 matches, 0 played)
2026-10-02 00:40:22,051 INFO Lleida / RTL SEGONA / G1 / 1a Fase / J21: future match day, keeping minimal match info from the league page
2026-10-02 00:40:22,058 INFO Lleida / RTL SEGONA / G1 / 1a Fase / J21: unchanged (6 matches, 0 played)
2026-10-02 00:40:22,064 INFO Lleida / RTL SEGONA / G1 / 1a Fase / J22: future match day, keeping minimal match info from the league page
2026-10-02 00:40:22,068 INFO Lleida / RTL SEGONA / G1 / 1a Fase / J22: unchanged (6 matches, 0 played)
2026-10-02 00:40:22,069 INFO Summary: 52 leagues processed, 845 match days future, 11 match days new, 34 match days skipped, 2 match days unchanged; 66 request(s), 24 retry(ies)
2026-10-02 00:40:22,077 INFO Metrics saved to C:\git\bcnesa-extract-2\metrics\download_actas_content_incremental_metrics.json
2026-10-02 00:41:06,424 INFO Adaptive retries for league pages: 5 (34% of 41 past retries succeeded)
2026-10-02 00:41:06,424 INFO Adaptive retries for jornada pages: 5 (13% of 46 past retries succeeded)
2026-10-02 00:41:06,424 INFO Known problem: league:https://fctt.cat/lligues/rtb-prim-2/: 1/2 failed (0 in a row), last error: page without the expected content (the site returned an empty page)
2026-10-02 00:41:06,424 INFO Known problem: jornada:2026-2027/RTB SEGONA A/G2/1a Fase/J1: 1/2 failed (0 in a row), last error: page without matches (the site returned an empty page)
2026-10-02 00:41:06,424 INFO Known problem: jornada:2026-2027/RTB SEGONA B/G3/1a Fase/J1: 1/2 failed (0 in a row), last error: page without matches (the site returned an empty page)
2026-10-02 00:41:06,424 INFO Known problem: jornada:2026-2027/RTB TERCERA A/G3/1a Fase/J1: 1/2 failed (0 in a row), last error: page without matches (the site returned an empty page)
2026-10-02 00:41:06,425 INFO Known problem: jornada:2026-2027/RTB 1a COMARCAL/G2/1a Fase/J1: 1/2 failed (0 in a row), last error: page without matches (the site returned an empty page)
2026-10-02 00:41:06,425 INFO Known problem: 2026-2027/RTB SEGONA A/G2/1a Fase/J1: 1 failed, 0 incomplete, 7 retries; last: new
2026-10-02 00:41:06,425 INFO Known problem: 2026-2027/RTB SEGONA B/G3/1a Fase/J1: 1 failed, 0 incomplete, 3 retries; last: new
2026-10-02 00:41:06,425 INFO Known problem: 2026-2027/RTB TERCERA A/G3/1a Fase/J1: 1 failed, 0 incomplete, 3 retries; last: new
2026-10-02 00:41:06,425 INFO Known problem: 2026-2027/RTB 1a COMARCAL/G2/1a Fase/J1: 1 failed, 0 incomplete, 3 retries; last: new
2026-10-02 00:41:06,425 INFO Known problem: 2026-2027/RTB VETERANS 2aA/G2/1a Fase/J1: 1 failed, 0 incomplete, 3 retries; last: new
2026-10-02 00:41:06,425 INFO Downloading actas content for season 2026-2027 (format=both, skip_pdf=True, force=False)
2026-10-02 00:41:10,890 INFO Found 40 league(s) to process
2026-10-02 00:41:14,002 INFO Barcelona / RTB PREFERENT G1: 1 match day(s) -> C:\git\bcnesa-extract-2\resources\actas-incremental-content\2026-2027\RTB PREFERENT\G1\1a Fase
2026-10-02 00:41:14,033 INFO Barcelona / RTB PREFERENT / G1 / 1a Fase / J1: complete, skipped
2026-10-02 00:41:17,002 INFO Barcelona / RTB PREFERENT G2: 1 match day(s) -> C:\git\bcnesa-extract-2\resources\actas-incremental-content\2026-2027\RTB PREFERENT\G2\1a Fase
2026-10-02 00:41:17,038 INFO Barcelona / RTB PREFERENT / G2 / 1a Fase / J1: complete, skipped
2026-10-02 00:41:20,070 INFO Barcelona / RTB PREFERENT G3: 1 match day(s) -> C:\git\bcnesa-extract-2\resources\actas-incremental-content\2026-2027\RTB PREFERENT\G3\1a Fase
2026-10-02 00:41:20,104 INFO Barcelona / RTB PREFERENT / G3 / 1a Fase / J1: complete, skipped
2026-10-02 00:41:22,862 INFO Barcelona / RTB PRIMERA G1: 1 match day(s) -> C:\git\bcnesa-extract-2\resources\actas-incremental-content\2026-2027\RTB PRIMERA\G1\1a Fase
2026-10-02 00:41:22,898 INFO Barcelona / RTB PRIMERA / G1 / 1a Fase / J1: complete, skipped
2026-10-02 00:41:25,639 INFO Barcelona / RTB PRIMERA G2: 1 match day(s) -> C:\git\bcnesa-extract-2\resources\actas-incremental-content\2026-2027\RTB PRIMERA\G2\1a Fase
2026-10-02 00:41:25,673 INFO Barcelona / RTB PRIMERA / G2 / 1a Fase / J1: complete, skipped
2026-10-02 00:41:28,530 INFO Barcelona / RTB PRIMERA G3: 1 match day(s) -> C:\git\bcnesa-extract-2\resources\actas-incremental-content\2026-2027\RTB PRIMERA\G3\1a Fase
2026-10-02 00:41:28,562 INFO Barcelona / RTB PRIMERA / G3 / 1a Fase / J1: complete, skipped
2026-10-02 00:41:31,473 INFO Barcelona / RTB SEGONA A G1: 1 match day(s) -> C:\git\bcnesa-extract-2\resources\actas-incremental-content\2026-2027\RTB SEGONA A\G1\1a Fase
2026-10-02 00:41:31,505 INFO Barcelona / RTB SEGONA A / G1 / 1a Fase / J1: complete, skipped
2026-10-02 00:41:34,251 INFO Barcelona / RTB SEGONA A G2: 1 match day(s) -> C:\git\bcnesa-extract-2\resources\actas-incremental-content\2026-2027\RTB SEGONA A\G2\1a Fase
2026-10-02 00:41:34,283 INFO Barcelona / RTB SEGONA A / G2 / 1a Fase / J1: complete, skipped
2026-10-02 00:41:36,976 INFO Barcelona / RTB SEGONA A G3: 1 match day(s) -> C:\git\bcnesa-extract-2\resources\actas-incremental-content\2026-2027\RTB SEGONA A\G3\1a Fase
2026-10-02 00:41:37,009 INFO Barcelona / RTB SEGONA A / G3 / 1a Fase / J1: complete, skipped
2026-10-02 00:41:39,785 INFO Barcelona / RTB SEGONA B G1: 1 match day(s) -> C:\git\bcnesa-extract-2\resources\actas-incremental-content\2026-2027\RTB SEGONA B\G1\1a Fase
2026-10-02 00:41:39,816 INFO Barcelona / RTB SEGONA B / G1 / 1a Fase / J1: complete, skipped
2026-10-02 00:41:42,772 INFO Barcelona / RTB SEGONA B G2: 1 match day(s) -> C:\git\bcnesa-extract-2\resources\actas-incremental-content\2026-2027\RTB SEGONA B\G2\1a Fase
2026-10-02 00:41:42,846 INFO Barcelona / RTB SEGONA B / G2 / 1a Fase / J1: complete, skipped
2026-10-02 00:41:45,519 INFO Barcelona / RTB SEGONA B G3: 1 match day(s) -> C:\git\bcnesa-extract-2\resources\actas-incremental-content\2026-2027\RTB SEGONA B\G3\1a Fase
2026-10-02 00:41:45,555 INFO Barcelona / RTB SEGONA B / G3 / 1a Fase / J1: complete, skipped
2026-10-02 00:41:48,258 INFO Barcelona / RTB TERCERA A G1: 1 match day(s) -> C:\git\bcnesa-extract-2\resources\actas-incremental-content\2026-2027\RTB TERCERA A\G1\1a Fase
2026-10-02 00:41:48,290 INFO Barcelona / RTB TERCERA A / G1 / 1a Fase / J1: complete, skipped
2026-10-02 00:41:50,956 INFO Barcelona / RTB TERCERA A G2: 1 match day(s) -> C:\git\bcnesa-extract-2\resources\actas-incremental-content\2026-2027\RTB TERCERA A\G2\1a Fase
2026-10-02 00:41:50,993 INFO Barcelona / RTB TERCERA A / G2 / 1a Fase / J1: complete, skipped
2026-10-02 00:41:53,751 INFO Barcelona / RTB TERCERA A G3: 1 match day(s) -> C:\git\bcnesa-extract-2\resources\actas-incremental-content\2026-2027\RTB TERCERA A\G3\1a Fase
2026-10-02 00:41:53,783 INFO Barcelona / RTB TERCERA A / G3 / 1a Fase / J1: complete, skipped
2026-10-02 00:41:56,468 INFO Barcelona / RTB TERCERA B G1: 1 match day(s) -> C:\git\bcnesa-extract-2\resources\actas-incremental-content\2026-2027\RTB TERCERA B\G1\1a Fase
2026-10-02 00:41:56,495 INFO Barcelona / RTB TERCERA B / G1 / 1a Fase / J1: complete, skipped
2026-10-02 00:41:58,821 WARNING Attempt 1/6 failed for https://fctt.cat/lligues/rtb-ter-b-2/ (page without the expected content (the site returned an empty page)); retrying in 2.8s
2026-10-02 00:42:04,097 WARNING Attempt 2/6 failed for https://fctt.cat/lligues/rtb-ter-b-2/ (page without the expected content (the site returned an empty page)); retrying in 5.1s
2026-10-02 00:42:11,941 WARNING Attempt 3/6 failed for https://fctt.cat/lligues/rtb-ter-b-2/ (page without the expected content (the site returned an empty page)); retrying in 8.6s
2026-10-02 00:42:23,459 INFO Barcelona / RTB TERCERA B G2: 1 match day(s) -> C:\git\bcnesa-extract-2\resources\actas-incremental-content\2026-2027\RTB TERCERA B\G2\1a Fase
2026-10-02 00:42:23,510 INFO Barcelona / RTB TERCERA B / G2 / 1a Fase / J1: complete, skipped
2026-10-02 00:42:26,437 INFO Barcelona / RTB TERCERA B G3: 1 match day(s) -> C:\git\bcnesa-extract-2\resources\actas-incremental-content\2026-2027\RTB TERCERA B\G3\1a Fase
2026-10-02 00:42:26,470 INFO Barcelona / RTB TERCERA B / G3 / 1a Fase / J1: complete, skipped
2026-10-02 00:42:29,331 INFO Barcelona / RTB 1a COMARCAL G1: 1 match day(s) -> C:\git\bcnesa-extract-2\resources\actas-incremental-content\2026-2027\RTB 1a COMARCAL\G1\1a Fase
2026-10-02 00:42:29,356 INFO Barcelona / RTB 1a COMARCAL / G1 / 1a Fase / J1: complete, skipped
2026-10-02 00:42:32,325 INFO Barcelona / RTB 1a COMARCAL G2: 1 match day(s) -> C:\git\bcnesa-extract-2\resources\actas-incremental-content\2026-2027\RTB 1a COMARCAL\G2\1a Fase
2026-10-02 00:42:32,353 INFO Barcelona / RTB 1a COMARCAL / G2 / 1a Fase / J1: complete, skipped
2026-10-02 00:42:35,237 INFO Barcelona / RTB 1a COMARCAL G3: 1 match day(s) -> C:\git\bcnesa-extract-2\resources\actas-incremental-content\2026-2027\RTB 1a COMARCAL\G3\1a Fase
2026-10-02 00:42:35,263 INFO Barcelona / RTB 1a COMARCAL / G3 / 1a Fase / J1: complete, skipped
2026-10-02 00:42:38,050 INFO Barcelona / RTB 2a COMARCAL G1: 1 match day(s) -> C:\git\bcnesa-extract-2\resources\actas-incremental-content\2026-2027\RTB 2a COMARCAL\G1\1a Fase
2026-10-02 00:42:38,088 INFO Barcelona / RTB 2a COMARCAL / G1 / 1a Fase / J1: complete, skipped
2026-10-02 00:42:40,652 INFO Barcelona / RTB 2a COMARCAL G2: 1 match day(s) -> C:\git\bcnesa-extract-2\resources\actas-incremental-content\2026-2027\RTB 2a COMARCAL\G2\1a Fase
2026-10-02 00:42:40,681 INFO Barcelona / RTB 2a COMARCAL / G2 / 1a Fase / J1: complete, skipped
2026-10-02 00:42:43,863 INFO Barcelona / RTB VETERANS 1a G1: 1 match day(s) -> C:\git\bcnesa-extract-2\resources\actas-incremental-content\2026-2027\RTB VETERANS 1a\G1\1a Fase
2026-10-02 00:42:43,890 INFO Barcelona / RTB VETERANS 1a / G1 / 1a Fase / J1: complete, skipped
2026-10-02 00:42:47,090 INFO Barcelona / RTB VETERANS 1a G2: 1 match day(s) -> C:\git\bcnesa-extract-2\resources\actas-incremental-content\2026-2027\RTB VETERANS 1a\G2\1a Fase
2026-10-02 00:42:47,799 INFO Barcelona / RTB VETERANS 1a / G2 / 1a Fase / J1: complete, skipped
2026-10-02 00:42:50,587 INFO Barcelona / RTB VETERANS 2aA G1: 1 match day(s) -> C:\git\bcnesa-extract-2\resources\actas-incremental-content\2026-2027\RTB VETERANS 2aA\G1\1a Fase
2026-10-02 00:42:50,613 INFO Barcelona / RTB VETERANS 2aA / G1 / 1a Fase / J1: complete, skipped
2026-10-02 00:42:53,294 INFO Barcelona / RTB VETERANS 2aA G2: 1 match day(s) -> C:\git\bcnesa-extract-2\resources\actas-incremental-content\2026-2027\RTB VETERANS 2aA\G2\1a Fase
2026-10-02 00:42:53,323 INFO Barcelona / RTB VETERANS 2aA / G2 / 1a Fase / J1: complete, skipped
2026-10-02 00:42:55,879 INFO Barcelona / RTB VETERANS 2aB G1: 1 match day(s) -> C:\git\bcnesa-extract-2\resources\actas-incremental-content\2026-2027\RTB VETERANS 2aB\G1\1a Fase
2026-10-02 00:42:59,614 INFO Barcelona / RTB VETERANS 2aB / G1 / 1a Fase / J1: unchanged (4 matches, 3 played)
2026-10-02 00:43:02,787 INFO Barcelona / RTB VETERANS 2aB G2: 1 match day(s) -> C:\git\bcnesa-extract-2\resources\actas-incremental-content\2026-2027\RTB VETERANS 2aB\G2\1a Fase
2026-10-02 00:43:02,813 INFO Barcelona / RTB VETERANS 2aB / G2 / 1a Fase / J1: complete, skipped
2026-10-02 00:43:05,823 INFO Barcelona / RTB VETERANS 3a A G1: 1 match day(s) -> C:\git\bcnesa-extract-2\resources\actas-incremental-content\2026-2027\RTB VETERANS 3a A\G1\1a Fase
2026-10-02 00:43:05,851 INFO Barcelona / RTB VETERANS 3a A / G1 / 1a Fase / J1: complete, skipped
2026-10-02 00:43:08,509 INFO Barcelona / RTB VETERANS 3a A G2: 1 match day(s) -> C:\git\bcnesa-extract-2\resources\actas-incremental-content\2026-2027\RTB VETERANS 3a A\G2\1a Fase
2026-10-02 00:43:08,536 INFO Barcelona / RTB VETERANS 3a A / G2 / 1a Fase / J1: complete, skipped
2026-10-02 00:43:11,202 INFO Barcelona / RTB VETERANS 3a B G1: 1 match day(s) -> C:\git\bcnesa-extract-2\resources\actas-incremental-content\2026-2027\RTB VETERANS 3a B\G1\1a Fase
2026-10-02 00:43:13,534 WARNING Attempt 1/6 failed for https://fctt.cat/lligues/rtb-vet-3ab-2/?jornada=1 (page without matches (the site returned an empty page)); retrying in 2.7s
2026-10-02 00:43:19,895 INFO Barcelona / RTB VETERANS 3a B / G1 / 1a Fase / J1: unchanged (4 matches, 3 played)
2026-10-02 00:43:22,740 INFO Barcelona / RTB VETERANS 3a B G2: 1 match day(s) -> C:\git\bcnesa-extract-2\resources\actas-incremental-content\2026-2027\RTB VETERANS 3a B\G2\1a Fase
2026-10-02 00:43:22,766 INFO Barcelona / RTB VETERANS 3a B / G2 / 1a Fase / J1: complete, skipped
2026-10-02 00:43:25,821 INFO Barcelona / RTB VETERANS 4a A G1: 1 match day(s) -> C:\git\bcnesa-extract-2\resources\actas-incremental-content\2026-2027\RTB VETERANS 4a A\G1\1a Fase
2026-10-02 00:43:25,847 INFO Barcelona / RTB VETERANS 4a A / G1 / 1a Fase / J1: complete, skipped
2026-10-02 00:43:29,571 INFO Barcelona / RTB VETERANS 4a A G2: 1 match day(s) -> C:\git\bcnesa-extract-2\resources\actas-incremental-content\2026-2027\RTB VETERANS 4a A\G2\1a Fase
2026-10-02 00:43:29,597 INFO Barcelona / RTB VETERANS 4a A / G2 / 1a Fase / J1: complete, skipped
2026-10-02 00:43:32,410 INFO Barcelona / RTB VETERANS 4a B G1: 1 match day(s) -> C:\git\bcnesa-extract-2\resources\actas-incremental-content\2026-2027\RTB VETERANS 4a B\G1\1a Fase
2026-10-02 00:43:32,444 INFO Barcelona / RTB VETERANS 4a B / G1 / 1a Fase / J1: complete, skipped
2026-10-02 00:43:35,084 INFO Barcelona / RTB VETERANS 4a B G2: 1 match day(s) -> C:\git\bcnesa-extract-2\resources\actas-incremental-content\2026-2027\RTB VETERANS 4a B\G2\1a Fase
2026-10-02 00:43:35,121 INFO Barcelona / RTB VETERANS 4a B / G2 / 1a Fase / J1: complete, skipped
2026-10-02 00:43:37,722 INFO Barcelona / RTB VETERANS 4a C G1: 1 match day(s) -> C:\git\bcnesa-extract-2\resources\actas-incremental-content\2026-2027\RTB VETERANS 4a C\G1\1a Fase
2026-10-02 00:43:37,746 INFO Barcelona / RTB VETERANS 4a C / G1 / 1a Fase / J1: complete, skipped
2026-10-02 00:43:40,515 INFO Barcelona / RTB VETERANS 4a C G2: 1 match day(s) -> C:\git\bcnesa-extract-2\resources\actas-incremental-content\2026-2027\RTB VETERANS 4a C\G2\1a Fase
2026-10-02 00:43:40,544 INFO Barcelona / RTB VETERANS 4a C / G2 / 1a Fase / J1: complete, skipped
2026-10-02 00:43:43,362 INFO Barcelona / RTB VETERANS 4a C G3: 1 match day(s) -> C:\git\bcnesa-extract-2\resources\actas-incremental-content\2026-2027\RTB VETERANS 4a C\G3\1a Fase
2026-10-02 00:43:43,394 INFO Barcelona / RTB VETERANS 4a C / G3 / 1a Fase / J1: complete, skipped
2026-10-02 00:43:43,394 INFO Summary: 40 leagues processed, 38 match days skipped, 2 match days unchanged; 43 request(s), 4 retry(ies)
2026-10-02 00:43:43,402 INFO Metrics saved to C:\git\bcnesa-extract-2\metrics\download_actas_content_incremental_metrics.json
