2026-10-01 08:27:26,101 INFO Parsing 80 jornada file(s) for season 2026-2027 (force=False)
2026-10-01 08:27:26,156 INFO 2026-2027\RTB 1a COMARCAL\G1\1a Fase\jornada_01.html -> 2026-2027\rtb-1a-comarcal\G1\1a Fase\jornada_01.json (complete, 4/4 published)
2026-10-01 08:27:26,167 INFO 2026-2027\RTB 1a COMARCAL\G1\1a Fase\jornada_02.html -> 2026-2027\rtb-1a-comarcal\G1\1a Fase\jornada_02.json (partial, 0/4 published)
2026-10-01 08:27:26,212 ERROR 2026-2027\RTB 1a COMARCAL\G2\1a Fase\jornada_01.html: match 3: schema validation failed: dobles: {'local': [{'nombre': 'GONZALEZ SERRANO, JAIME PAINO PRAT, BIEL', 'licencia': '0'}], 'visitante': [{'nombre': 'CILLERO VIVERO, DELIA MARANGI, VALENTINA', 'licencia': '0'}]} is not valid under any of the given schemas; partidos/6/local/jugadores: [{'nombre': 'GONZALEZ SERRANO, JAIME PAINO PRAT, BIEL', 'licencia': '0'}] is not valid under any of the given schemas; partidos/6/visitante/jugadores: [{'nombre': 'CILLERO VIVERO, DELIA MARANGI, VALENTINA', 'licencia': '0'}] is not valid under any of the given schemas
2026-10-01 08:27:26,215 INFO 2026-2027\RTB 1a COMARCAL\G2\1a Fase\jornada_01.html -> 2026-2027\rtb-1a-comarcal\G2\1a Fase\jornada_01.json (complete, 3/4 published)
2026-10-01 08:27:26,226 INFO 2026-2027\RTB 1a COMARCAL\G2\1a Fase\jornada_02.html -> 2026-2027\rtb-1a-comarcal\G2\1a Fase\jornada_02.json (partial, 0/4 published)
2026-10-01 08:27:26,274 INFO 2026-2027\RTB 1a COMARCAL\G3\1a Fase\jornada_01.html -> 2026-2027\rtb-1a-comarcal\G3\1a Fase\jornada_01.json (complete, 4/4 published)
2026-10-01 08:27:26,284 INFO 2026-2027\RTB 1a COMARCAL\G3\1a Fase\jornada_02.html -> 2026-2027\rtb-1a-comarcal\G3\1a Fase\jornada_02.json (partial, 0/4 published)
2026-10-01 08:27:26,322 INFO 2026-2027\RTB 2a COMARCAL\G1\1a Fase\jornada_01.html -> 2026-2027\rtb-2a-comarcal\G1\1a Fase\jornada_01.json (complete, 3/3 published)
2026-10-01 08:27:26,331 INFO 2026-2027\RTB 2a COMARCAL\G1\1a Fase\jornada_02.html -> 2026-2027\rtb-2a-comarcal\G1\1a Fase\jornada_02.json (partial, 0/3 published)
2026-10-01 08:27:26,379 INFO 2026-2027\RTB 2a COMARCAL\G2\1a Fase\jornada_01.html -> 2026-2027\rtb-2a-comarcal\G2\1a Fase\jornada_01.json (complete, 4/4 published)
2026-10-01 08:27:26,388 INFO 2026-2027\RTB 2a COMARCAL\G2\1a Fase\jornada_02.html -> 2026-2027\rtb-2a-comarcal\G2\1a Fase\jornada_02.json (partial, 0/3 published)
2026-10-01 08:27:26,447 INFO 2026-2027\RTB PREFERENT\G1\1a Fase\jornada_01.html -> 2026-2027\rtb-preferent\G1\1a Fase\jornada_01.json (complete, 5/5 published)
2026-10-01 08:27:26,459 INFO 2026-2027\RTB PREFERENT\G1\1a Fase\jornada_02.html -> 2026-2027\rtb-preferent\G1\1a Fase\jornada_02.json (partial, 0/5 published)
2026-10-01 08:27:26,516 INFO 2026-2027\RTB PREFERENT\G2\1a Fase\jornada_01.html -> 2026-2027\rtb-preferent\G2\1a Fase\jornada_01.json (complete, 5/5 published)
2026-10-01 08:27:26,528 INFO 2026-2027\RTB PREFERENT\G2\1a Fase\jornada_02.html -> 2026-2027\rtb-preferent\G2\1a Fase\jornada_02.json (partial, 0/5 published)
2026-10-01 08:27:26,590 INFO 2026-2027\RTB PREFERENT\G3\1a Fase\jornada_01.html -> 2026-2027\rtb-preferent\G3\1a Fase\jornada_01.json (complete, 5/5 published)
2026-10-01 08:27:26,601 INFO 2026-2027\RTB PREFERENT\G3\1a Fase\jornada_02.html -> 2026-2027\rtb-preferent\G3\1a Fase\jornada_02.json (partial, 0/5 published)
2026-10-01 08:27:26,659 INFO 2026-2027\RTB PRIMERA\G1\1a Fase\jornada_01.html -> 2026-2027\rtb-primera\G1\1a Fase\jornada_01.json (complete, 5/5 published)
2026-10-01 08:27:26,671 INFO 2026-2027\RTB PRIMERA\G1\1a Fase\jornada_02.html -> 2026-2027\rtb-primera\G1\1a Fase\jornada_02.json (partial, 0/5 published)
2026-10-01 08:27:26,735 INFO 2026-2027\RTB PRIMERA\G2\1a Fase\jornada_01.html -> 2026-2027\rtb-primera\G2\1a Fase\jornada_01.json (complete, 5/5 published)
2026-10-01 08:27:26,747 INFO 2026-2027\RTB PRIMERA\G2\1a Fase\jornada_02.html -> 2026-2027\rtb-primera\G2\1a Fase\jornada_02.json (partial, 0/5 published)
2026-10-01 08:27:26,806 INFO 2026-2027\RTB PRIMERA\G3\1a Fase\jornada_01.html -> 2026-2027\rtb-primera\G3\1a Fase\jornada_01.json (complete, 5/5 published)
2026-10-01 08:27:26,818 INFO 2026-2027\RTB PRIMERA\G3\1a Fase\jornada_02.html -> 2026-2027\rtb-primera\G3\1a Fase\jornada_02.json (partial, 0/5 published)
2026-10-01 08:27:26,872 INFO 2026-2027\RTB SEGONA A\G1\1a Fase\jornada_01.html -> 2026-2027\rtb-segona-a\G1\1a Fase\jornada_01.json (complete, 5/5 published)
2026-10-01 08:27:26,884 INFO 2026-2027\RTB SEGONA A\G1\1a Fase\jornada_02.html -> 2026-2027\rtb-segona-a\G1\1a Fase\jornada_02.json (partial, 0/5 published)
2026-10-01 08:27:26,940 INFO 2026-2027\RTB SEGONA A\G2\1a Fase\jornada_01.html -> 2026-2027\rtb-segona-a\G2\1a Fase\jornada_01.json (complete, 5/5 published)
2026-10-01 08:27:26,952 INFO 2026-2027\RTB SEGONA A\G2\1a Fase\jornada_02.html -> 2026-2027\rtb-segona-a\G2\1a Fase\jornada_02.json (partial, 0/5 published)
2026-10-01 08:27:27,012 INFO 2026-2027\RTB SEGONA A\G3\1a Fase\jornada_01.html -> 2026-2027\rtb-segona-a\G3\1a Fase\jornada_01.json (complete, 5/5 published)
2026-10-01 08:27:27,024 INFO 2026-2027\RTB SEGONA A\G3\1a Fase\jornada_02.html -> 2026-2027\rtb-segona-a\G3\1a Fase\jornada_02.json (partial, 0/5 published)
2026-10-01 08:27:27,084 INFO 2026-2027\RTB SEGONA B\G1\1a Fase\jornada_01.html -> 2026-2027\rtb-segona-b\G1\1a Fase\jornada_01.json (complete, 5/5 published)
2026-10-01 08:27:27,096 INFO 2026-2027\RTB SEGONA B\G1\1a Fase\jornada_02.html -> 2026-2027\rtb-segona-b\G1\1a Fase\jornada_02.json (partial, 0/5 published)
2026-10-01 08:27:27,150 INFO 2026-2027\RTB SEGONA B\G2\1a Fase\jornada_01.html -> 2026-2027\rtb-segona-b\G2\1a Fase\jornada_01.json (complete, 5/5 published)
2026-10-01 08:27:27,162 INFO 2026-2027\RTB SEGONA B\G2\1a Fase\jornada_02.html -> 2026-2027\rtb-segona-b\G2\1a Fase\jornada_02.json (partial, 0/5 published)
2026-10-01 08:27:27,224 INFO 2026-2027\RTB SEGONA B\G3\1a Fase\jornada_01.html -> 2026-2027\rtb-segona-b\G3\1a Fase\jornada_01.json (complete, 5/5 published)
2026-10-01 08:27:27,235 INFO 2026-2027\RTB SEGONA B\G3\1a Fase\jornada_02.html -> 2026-2027\rtb-segona-b\G3\1a Fase\jornada_02.json (partial, 0/5 published)
2026-10-01 08:27:27,297 INFO 2026-2027\RTB TERCERA A\G1\1a Fase\jornada_01.html -> 2026-2027\rtb-tercera-a\G1\1a Fase\jornada_01.json (complete, 5/5 published)
2026-10-01 08:27:27,309 INFO 2026-2027\RTB TERCERA A\G1\1a Fase\jornada_02.html -> 2026-2027\rtb-tercera-a\G1\1a Fase\jornada_02.json (partial, 0/5 published)
2026-10-01 08:27:27,372 INFO 2026-2027\RTB TERCERA A\G2\1a Fase\jornada_01.html -> 2026-2027\rtb-tercera-a\G2\1a Fase\jornada_01.json (complete, 5/5 published)
2026-10-01 08:27:27,386 INFO 2026-2027\RTB TERCERA A\G2\1a Fase\jornada_02.html -> 2026-2027\rtb-tercera-a\G2\1a Fase\jornada_02.json (partial, 0/5 published)
2026-10-01 08:27:27,446 INFO 2026-2027\RTB TERCERA A\G3\1a Fase\jornada_01.html -> 2026-2027\rtb-tercera-a\G3\1a Fase\jornada_01.json (complete, 5/5 published)
2026-10-01 08:27:27,458 INFO 2026-2027\RTB TERCERA A\G3\1a Fase\jornada_02.html -> 2026-2027\rtb-tercera-a\G3\1a Fase\jornada_02.json (partial, 0/5 published)
2026-10-01 08:27:27,508 ERROR 2026-2027\RTB TERCERA B\G1\1a Fase\jornada_01.html: match 4: schema validation failed: dobles: {'local': [{'nombre': 'VILA GADEA, ROGER ALGABA OJEDA, MARC', 'licencia': '0'}], 'visitante': [{'nombre': 'RIBA MARTÍ, LAURA PUIG VIDAL, SALVADOR', 'licencia': '0'}]} is not valid under any of the given schemas; partidos/6/local/jugadores: [{'nombre': 'VILA GADEA, ROGER ALGABA OJEDA, MARC', 'licencia': '0'}] is not valid under any of the given schemas; partidos/6/visitante/jugadores: [{'nombre': 'RIBA MARTÍ, LAURA PUIG VIDAL, SALVADOR', 'licencia': '0'}] is not valid under any of the given schemas
2026-10-01 08:27:27,512 INFO 2026-2027\RTB TERCERA B\G1\1a Fase\jornada_01.html -> 2026-2027\rtb-tercera-b\G1\1a Fase\jornada_01.json (complete, 3/4 published)
2026-10-01 08:27:27,524 INFO 2026-2027\RTB TERCERA B\G1\1a Fase\jornada_02.html -> 2026-2027\rtb-tercera-b\G1\1a Fase\jornada_02.json (partial, 0/4 published)
2026-10-01 08:27:27,585 INFO 2026-2027\RTB TERCERA B\G2\1a Fase\jornada_01.html -> 2026-2027\rtb-tercera-b\G2\1a Fase\jornada_01.json (partial, 4/5 published)
2026-10-01 08:27:27,598 INFO 2026-2027\RTB TERCERA B\G2\1a Fase\jornada_02.html -> 2026-2027\rtb-tercera-b\G2\1a Fase\jornada_02.json (partial, 0/5 published)
2026-10-01 08:27:27,663 INFO 2026-2027\RTB TERCERA B\G3\1a Fase\jornada_01.html -> 2026-2027\rtb-tercera-b\G3\1a Fase\jornada_01.json (complete, 5/5 published)
2026-10-01 08:27:27,674 INFO 2026-2027\RTB TERCERA B\G3\1a Fase\jornada_02.html -> 2026-2027\rtb-tercera-b\G3\1a Fase\jornada_02.json (partial, 0/5 published)
2026-10-01 08:27:27,723 INFO 2026-2027\RTB VETERANS 1a\G1\1a Fase\jornada_01.html -> 2026-2027\rtb-veterans-1a\G1\1a Fase\jornada_01.json (complete, 4/4 published)
2026-10-01 08:27:27,734 INFO 2026-2027\RTB VETERANS 1a\G1\1a Fase\jornada_02.html -> 2026-2027\rtb-veterans-1a\G1\1a Fase\jornada_02.json (partial, 0/4 published)
2026-10-01 08:27:27,784 INFO 2026-2027\RTB VETERANS 1a\G2\1a Fase\jornada_01.html -> 2026-2027\rtb-veterans-1a\G2\1a Fase\jornada_01.json (complete, 4/4 published)
2026-10-01 08:27:27,794 INFO 2026-2027\RTB VETERANS 1a\G2\1a Fase\jornada_02.html -> 2026-2027\rtb-veterans-1a\G2\1a Fase\jornada_02.json (partial, 0/4 published)
2026-10-01 08:27:27,840 INFO 2026-2027\RTB VETERANS 2aA\G1\1a Fase\jornada_01.html -> 2026-2027\rtb-veterans-2aa\G1\1a Fase\jornada_01.json (partial, 3/4 published)
2026-10-01 08:27:27,858 INFO 2026-2027\RTB VETERANS 2aA\G1\1a Fase\jornada_02.html -> 2026-2027\rtb-veterans-2aa\G1\1a Fase\jornada_02.json (partial, 0/4 published)
2026-10-01 08:27:27,912 INFO 2026-2027\RTB VETERANS 2aA\G2\1a Fase\jornada_01.html -> 2026-2027\rtb-veterans-2aa\G2\1a Fase\jornada_01.json (complete, 4/4 published)
2026-10-01 08:27:27,922 INFO 2026-2027\RTB VETERANS 2aA\G2\1a Fase\jornada_02.html -> 2026-2027\rtb-veterans-2aa\G2\1a Fase\jornada_02.json (partial, 0/4 published)
2026-10-01 08:27:27,955 INFO 2026-2027\RTB VETERANS 2aB\G1\1a Fase\jornada_01.html -> 2026-2027\rtb-veterans-2ab\G1\1a Fase\jornada_01.json (partial, 2/4 published)
2026-10-01 08:27:27,965 INFO 2026-2027\RTB VETERANS 2aB\G1\1a Fase\jornada_02.html -> 2026-2027\rtb-veterans-2ab\G1\1a Fase\jornada_02.json (partial, 0/4 published)
2026-10-01 08:27:28,015 INFO 2026-2027\RTB VETERANS 2aB\G2\1a Fase\jornada_01.html -> 2026-2027\rtb-veterans-2ab\G2\1a Fase\jornada_01.json (complete, 4/4 published)
2026-10-01 08:27:28,026 INFO 2026-2027\RTB VETERANS 2aB\G2\1a Fase\jornada_02.html -> 2026-2027\rtb-veterans-2ab\G2\1a Fase\jornada_02.json (partial, 0/4 published)
2026-10-01 08:27:28,072 ERROR 2026-2027\RTB VETERANS 3a A\G1\1a Fase\jornada_01.html: match 3: schema validation failed: dobles: {'local': [{'nombre': 'MERCADER LLOREDA, LUIS MORILLAS RUBIO, PERE', 'licencia': '0'}], 'visitante': [{'nombre': 'MOMPART FERNANDEZ, JORDI', 'licencia': '3468', 'id': '3468'}, {'nombre': 'LOPEZ MARTIN, MANOLO', 'licencia': '674', 'id': '674'}]} is not valid under any of the given schemas; partidos/6/local/jugadores: [{'nombre': 'MERCADER LLOREDA, LUIS MORILLAS RUBIO, PERE', 'licencia': '0'}] is not valid under any of the given schemas
2026-10-01 08:27:28,075 INFO 2026-2027\RTB VETERANS 3a A\G1\1a Fase\jornada_01.html -> 2026-2027\rtb-veterans-3a-a\G1\1a Fase\jornada_01.json (complete, 3/4 published)
2026-10-01 08:27:28,085 INFO 2026-2027\RTB VETERANS 3a A\G1\1a Fase\jornada_02.html -> 2026-2027\rtb-veterans-3a-a\G1\1a Fase\jornada_02.json (partial, 0/4 published)
2026-10-01 08:27:28,122 INFO 2026-2027\RTB VETERANS 3a A\G2\1a Fase\jornada_01.html -> 2026-2027\rtb-veterans-3a-a\G2\1a Fase\jornada_01.json (partial, 3/4 published)
2026-10-01 08:27:28,133 INFO 2026-2027\RTB VETERANS 3a A\G2\1a Fase\jornada_02.html -> 2026-2027\rtb-veterans-3a-a\G2\1a Fase\jornada_02.json (partial, 0/4 published)
2026-10-01 08:27:28,171 INFO 2026-2027\RTB VETERANS 3a B\G1\1a Fase\jornada_01.html -> 2026-2027\rtb-veterans-3a-b\G1\1a Fase\jornada_01.json (partial, 3/4 published)
2026-10-01 08:27:28,181 INFO 2026-2027\RTB VETERANS 3a B\G1\1a Fase\jornada_02.html -> 2026-2027\rtb-veterans-3a-b\G1\1a Fase\jornada_02.json (partial, 0/4 published)
2026-10-01 08:27:28,230 INFO 2026-2027\RTB VETERANS 3a B\G2\1a Fase\jornada_01.html -> 2026-2027\rtb-veterans-3a-b\G2\1a Fase\jornada_01.json (complete, 4/4 published)
2026-10-01 08:27:28,240 INFO 2026-2027\RTB VETERANS 3a B\G2\1a Fase\jornada_02.html -> 2026-2027\rtb-veterans-3a-b\G2\1a Fase\jornada_02.json (partial, 0/4 published)
2026-10-01 08:27:28,280 INFO 2026-2027\RTB VETERANS 4a A\G1\1a Fase\jornada_01.html -> 2026-2027\rtb-veterans-4a-a\G1\1a Fase\jornada_01.json (partial, 3/4 published)
2026-10-01 08:27:28,290 INFO 2026-2027\RTB VETERANS 4a A\G1\1a Fase\jornada_02.html -> 2026-2027\rtb-veterans-4a-a\G1\1a Fase\jornada_02.json (partial, 0/4 published)
2026-10-01 08:27:28,336 INFO 2026-2027\RTB VETERANS 4a A\G2\1a Fase\jornada_01.html -> 2026-2027\rtb-veterans-4a-a\G2\1a Fase\jornada_01.json (complete, 4/4 published)
2026-10-01 08:27:28,346 INFO 2026-2027\RTB VETERANS 4a A\G2\1a Fase\jornada_02.html -> 2026-2027\rtb-veterans-4a-a\G2\1a Fase\jornada_02.json (partial, 0/4 published)
2026-10-01 08:27:28,400 INFO 2026-2027\RTB VETERANS 4a B\G1\1a Fase\jornada_01.html -> 2026-2027\rtb-veterans-4a-b\G1\1a Fase\jornada_01.json (complete, 4/4 published)
2026-10-01 08:27:28,410 INFO 2026-2027\RTB VETERANS 4a B\G1\1a Fase\jornada_02.html -> 2026-2027\rtb-veterans-4a-b\G1\1a Fase\jornada_02.json (partial, 0/4 published)
2026-10-01 08:27:28,456 INFO 2026-2027\RTB VETERANS 4a B\G2\1a Fase\jornada_01.html -> 2026-2027\rtb-veterans-4a-b\G2\1a Fase\jornada_01.json (complete, 4/4 published)
2026-10-01 08:27:28,466 INFO 2026-2027\RTB VETERANS 4a B\G2\1a Fase\jornada_02.html -> 2026-2027\rtb-veterans-4a-b\G2\1a Fase\jornada_02.json (partial, 0/4 published)
2026-10-01 08:27:28,512 INFO 2026-2027\RTB VETERANS 4a C\G1\1a Fase\jornada_01.html -> 2026-2027\rtb-veterans-4a-c\G1\1a Fase\jornada_01.json (complete, 4/4 published)
2026-10-01 08:27:28,523 INFO 2026-2027\RTB VETERANS 4a C\G1\1a Fase\jornada_02.html -> 2026-2027\rtb-veterans-4a-c\G1\1a Fase\jornada_02.json (partial, 0/4 published)
2026-10-01 08:27:28,572 INFO 2026-2027\RTB VETERANS 4a C\G2\1a Fase\jornada_01.html -> 2026-2027\rtb-veterans-4a-c\G2\1a Fase\jornada_01.json (complete, 4/4 published)
2026-10-01 08:27:28,582 INFO 2026-2027\RTB VETERANS 4a C\G2\1a Fase\jornada_02.html -> 2026-2027\rtb-veterans-4a-c\G2\1a Fase\jornada_02.json (partial, 0/4 published)
2026-10-01 08:27:28,662 INFO 2026-2027\RTB VETERANS 4a C\G3\1a Fase\jornada_01.html -> 2026-2027\rtb-veterans-4a-c\G3\1a Fase\jornada_01.json (complete, 4/4 published)
2026-10-01 08:27:28,682 INFO 2026-2027\RTB VETERANS 4a C\G3\1a Fase\jornada_02.html -> 2026-2027\rtb-veterans-4a-c\G3\1a Fase\jornada_02.json (partial, 0/4 published)
2026-10-01 08:27:28,682 INFO Summary: 80 jornadas written, 3 matches failed, 182 matches not published, 166 matches published
2026-10-01 08:27:31,299 INFO Parsing 2 jornada file(s) for season 2026-2027 (force=False)
2026-10-01 08:27:31,327 INFO Summary: 2 jornadas skipped (up to date)
2026-10-01 08:27:47,950 INFO Parsing 80 jornada file(s) for season 2026-2027 (force=True)
2026-10-01 08:27:48,007 INFO 2026-2027\RTB 1a COMARCAL\G1\1a Fase\jornada_01.html -> 2026-2027\rtb-1a-comarcal\G1\1a Fase\jornada_01.json (complete, 4/4 published)
2026-10-01 08:27:48,017 INFO 2026-2027\RTB 1a COMARCAL\G1\1a Fase\jornada_02.html -> 2026-2027\rtb-1a-comarcal\G1\1a Fase\jornada_02.json (partial, 0/4 published)
2026-10-01 08:27:48,068 INFO 2026-2027\RTB 1a COMARCAL\G2\1a Fase\jornada_01.html -> 2026-2027\rtb-1a-comarcal\G2\1a Fase\jornada_01.json (complete, 4/4 published)
2026-10-01 08:27:48,079 INFO 2026-2027\RTB 1a COMARCAL\G2\1a Fase\jornada_02.html -> 2026-2027\rtb-1a-comarcal\G2\1a Fase\jornada_02.json (partial, 0/4 published)
2026-10-01 08:27:48,126 INFO 2026-2027\RTB 1a COMARCAL\G3\1a Fase\jornada_01.html -> 2026-2027\rtb-1a-comarcal\G3\1a Fase\jornada_01.json (complete, 4/4 published)
2026-10-01 08:27:48,136 INFO 2026-2027\RTB 1a COMARCAL\G3\1a Fase\jornada_02.html -> 2026-2027\rtb-1a-comarcal\G3\1a Fase\jornada_02.json (partial, 0/4 published)
2026-10-01 08:27:48,174 INFO 2026-2027\RTB 2a COMARCAL\G1\1a Fase\jornada_01.html -> 2026-2027\rtb-2a-comarcal\G1\1a Fase\jornada_01.json (complete, 3/3 published)
2026-10-01 08:27:48,183 INFO 2026-2027\RTB 2a COMARCAL\G1\1a Fase\jornada_02.html -> 2026-2027\rtb-2a-comarcal\G1\1a Fase\jornada_02.json (partial, 0/3 published)
2026-10-01 08:27:48,231 INFO 2026-2027\RTB 2a COMARCAL\G2\1a Fase\jornada_01.html -> 2026-2027\rtb-2a-comarcal\G2\1a Fase\jornada_01.json (complete, 4/4 published)
2026-10-01 08:27:48,240 INFO 2026-2027\RTB 2a COMARCAL\G2\1a Fase\jornada_02.html -> 2026-2027\rtb-2a-comarcal\G2\1a Fase\jornada_02.json (partial, 0/3 published)
2026-10-01 08:27:48,300 INFO 2026-2027\RTB PREFERENT\G1\1a Fase\jornada_01.html -> 2026-2027\rtb-preferent\G1\1a Fase\jornada_01.json (complete, 5/5 published)
2026-10-01 08:27:48,313 INFO 2026-2027\RTB PREFERENT\G1\1a Fase\jornada_02.html -> 2026-2027\rtb-preferent\G1\1a Fase\jornada_02.json (partial, 0/5 published)
2026-10-01 08:27:48,383 INFO 2026-2027\RTB PREFERENT\G2\1a Fase\jornada_01.html -> 2026-2027\rtb-preferent\G2\1a Fase\jornada_01.json (complete, 5/5 published)
2026-10-01 08:27:48,400 INFO 2026-2027\RTB PREFERENT\G2\1a Fase\jornada_02.html -> 2026-2027\rtb-preferent\G2\1a Fase\jornada_02.json (partial, 0/5 published)
2026-10-01 08:27:48,462 INFO 2026-2027\RTB PREFERENT\G3\1a Fase\jornada_01.html -> 2026-2027\rtb-preferent\G3\1a Fase\jornada_01.json (complete, 5/5 published)
2026-10-01 08:27:48,476 INFO 2026-2027\RTB PREFERENT\G3\1a Fase\jornada_02.html -> 2026-2027\rtb-preferent\G3\1a Fase\jornada_02.json (partial, 0/5 published)
2026-10-01 08:27:48,534 INFO 2026-2027\RTB PRIMERA\G1\1a Fase\jornada_01.html -> 2026-2027\rtb-primera\G1\1a Fase\jornada_01.json (complete, 5/5 published)
2026-10-01 08:27:48,546 INFO 2026-2027\RTB PRIMERA\G1\1a Fase\jornada_02.html -> 2026-2027\rtb-primera\G1\1a Fase\jornada_02.json (partial, 0/5 published)
2026-10-01 08:27:48,610 INFO 2026-2027\RTB PRIMERA\G2\1a Fase\jornada_01.html -> 2026-2027\rtb-primera\G2\1a Fase\jornada_01.json (complete, 5/5 published)
2026-10-01 08:27:48,622 INFO 2026-2027\RTB PRIMERA\G2\1a Fase\jornada_02.html -> 2026-2027\rtb-primera\G2\1a Fase\jornada_02.json (partial, 0/5 published)
2026-10-01 08:27:48,693 INFO 2026-2027\RTB PRIMERA\G3\1a Fase\jornada_01.html -> 2026-2027\rtb-primera\G3\1a Fase\jornada_01.json (complete, 5/5 published)
2026-10-01 08:27:48,705 INFO 2026-2027\RTB PRIMERA\G3\1a Fase\jornada_02.html -> 2026-2027\rtb-primera\G3\1a Fase\jornada_02.json (partial, 0/5 published)
2026-10-01 08:27:48,765 INFO 2026-2027\RTB SEGONA A\G1\1a Fase\jornada_01.html -> 2026-2027\rtb-segona-a\G1\1a Fase\jornada_01.json (complete, 5/5 published)
2026-10-01 08:27:48,777 INFO 2026-2027\RTB SEGONA A\G1\1a Fase\jornada_02.html -> 2026-2027\rtb-segona-a\G1\1a Fase\jornada_02.json (partial, 0/5 published)
2026-10-01 08:27:48,836 INFO 2026-2027\RTB SEGONA A\G2\1a Fase\jornada_01.html -> 2026-2027\rtb-segona-a\G2\1a Fase\jornada_01.json (complete, 5/5 published)
2026-10-01 08:27:48,847 INFO 2026-2027\RTB SEGONA A\G2\1a Fase\jornada_02.html -> 2026-2027\rtb-segona-a\G2\1a Fase\jornada_02.json (partial, 0/5 published)
2026-10-01 08:27:48,909 INFO 2026-2027\RTB SEGONA A\G3\1a Fase\jornada_01.html -> 2026-2027\rtb-segona-a\G3\1a Fase\jornada_01.json (complete, 5/5 published)
2026-10-01 08:27:48,921 INFO 2026-2027\RTB SEGONA A\G3\1a Fase\jornada_02.html -> 2026-2027\rtb-segona-a\G3\1a Fase\jornada_02.json (partial, 0/5 published)
2026-10-01 08:27:49,014 INFO 2026-2027\RTB SEGONA B\G1\1a Fase\jornada_01.html -> 2026-2027\rtb-segona-b\G1\1a Fase\jornada_01.json (complete, 5/5 published)
2026-10-01 08:27:49,027 INFO 2026-2027\RTB SEGONA B\G1\1a Fase\jornada_02.html -> 2026-2027\rtb-segona-b\G1\1a Fase\jornada_02.json (partial, 0/5 published)
2026-10-01 08:27:49,083 INFO 2026-2027\RTB SEGONA B\G2\1a Fase\jornada_01.html -> 2026-2027\rtb-segona-b\G2\1a Fase\jornada_01.json (complete, 5/5 published)
2026-10-01 08:27:49,102 INFO 2026-2027\RTB SEGONA B\G2\1a Fase\jornada_02.html -> 2026-2027\rtb-segona-b\G2\1a Fase\jornada_02.json (partial, 0/5 published)
2026-10-01 08:27:49,171 INFO 2026-2027\RTB SEGONA B\G3\1a Fase\jornada_01.html -> 2026-2027\rtb-segona-b\G3\1a Fase\jornada_01.json (complete, 5/5 published)
2026-10-01 08:27:49,185 INFO 2026-2027\RTB SEGONA B\G3\1a Fase\jornada_02.html -> 2026-2027\rtb-segona-b\G3\1a Fase\jornada_02.json (partial, 0/5 published)
2026-10-01 08:27:49,249 INFO 2026-2027\RTB TERCERA A\G1\1a Fase\jornada_01.html -> 2026-2027\rtb-tercera-a\G1\1a Fase\jornada_01.json (complete, 5/5 published)
2026-10-01 08:27:49,261 INFO 2026-2027\RTB TERCERA A\G1\1a Fase\jornada_02.html -> 2026-2027\rtb-tercera-a\G1\1a Fase\jornada_02.json (partial, 0/5 published)
2026-10-01 08:27:49,327 INFO 2026-2027\RTB TERCERA A\G2\1a Fase\jornada_01.html -> 2026-2027\rtb-tercera-a\G2\1a Fase\jornada_01.json (complete, 5/5 published)
2026-10-01 08:27:49,339 INFO 2026-2027\RTB TERCERA A\G2\1a Fase\jornada_02.html -> 2026-2027\rtb-tercera-a\G2\1a Fase\jornada_02.json (partial, 0/5 published)
2026-10-01 08:27:49,397 INFO 2026-2027\RTB TERCERA A\G3\1a Fase\jornada_01.html -> 2026-2027\rtb-tercera-a\G3\1a Fase\jornada_01.json (complete, 5/5 published)
2026-10-01 08:27:49,411 INFO 2026-2027\RTB TERCERA A\G3\1a Fase\jornada_02.html -> 2026-2027\rtb-tercera-a\G3\1a Fase\jornada_02.json (partial, 0/5 published)
2026-10-01 08:27:49,459 INFO 2026-2027\RTB TERCERA B\G1\1a Fase\jornada_01.html -> 2026-2027\rtb-tercera-b\G1\1a Fase\jornada_01.json (complete, 4/4 published)
2026-10-01 08:27:49,469 INFO 2026-2027\RTB TERCERA B\G1\1a Fase\jornada_02.html -> 2026-2027\rtb-tercera-b\G1\1a Fase\jornada_02.json (partial, 0/4 published)
2026-10-01 08:27:49,528 INFO 2026-2027\RTB TERCERA B\G2\1a Fase\jornada_01.html -> 2026-2027\rtb-tercera-b\G2\1a Fase\jornada_01.json (partial, 4/5 published)
2026-10-01 08:27:49,539 INFO 2026-2027\RTB TERCERA B\G2\1a Fase\jornada_02.html -> 2026-2027\rtb-tercera-b\G2\1a Fase\jornada_02.json (partial, 0/5 published)
2026-10-01 08:27:49,599 INFO 2026-2027\RTB TERCERA B\G3\1a Fase\jornada_01.html -> 2026-2027\rtb-tercera-b\G3\1a Fase\jornada_01.json (complete, 5/5 published)
2026-10-01 08:27:49,611 INFO 2026-2027\RTB TERCERA B\G3\1a Fase\jornada_02.html -> 2026-2027\rtb-tercera-b\G3\1a Fase\jornada_02.json (partial, 0/5 published)
2026-10-01 08:27:49,658 INFO 2026-2027\RTB VETERANS 1a\G1\1a Fase\jornada_01.html -> 2026-2027\rtb-veterans-1a\G1\1a Fase\jornada_01.json (complete, 4/4 published)
2026-10-01 08:27:49,668 INFO 2026-2027\RTB VETERANS 1a\G1\1a Fase\jornada_02.html -> 2026-2027\rtb-veterans-1a\G1\1a Fase\jornada_02.json (partial, 0/4 published)
2026-10-01 08:27:49,718 INFO 2026-2027\RTB VETERANS 1a\G2\1a Fase\jornada_01.html -> 2026-2027\rtb-veterans-1a\G2\1a Fase\jornada_01.json (complete, 4/4 published)
2026-10-01 08:27:49,729 INFO 2026-2027\RTB VETERANS 1a\G2\1a Fase\jornada_02.html -> 2026-2027\rtb-veterans-1a\G2\1a Fase\jornada_02.json (partial, 0/4 published)
2026-10-01 08:27:49,768 INFO 2026-2027\RTB VETERANS 2aA\G1\1a Fase\jornada_01.html -> 2026-2027\rtb-veterans-2aa\G1\1a Fase\jornada_01.json (partial, 3/4 published)
2026-10-01 08:27:49,779 INFO 2026-2027\RTB VETERANS 2aA\G1\1a Fase\jornada_02.html -> 2026-2027\rtb-veterans-2aa\G1\1a Fase\jornada_02.json (partial, 0/4 published)
2026-10-01 08:27:49,826 INFO 2026-2027\RTB VETERANS 2aA\G2\1a Fase\jornada_01.html -> 2026-2027\rtb-veterans-2aa\G2\1a Fase\jornada_01.json (complete, 4/4 published)
2026-10-01 08:27:49,837 INFO 2026-2027\RTB VETERANS 2aA\G2\1a Fase\jornada_02.html -> 2026-2027\rtb-veterans-2aa\G2\1a Fase\jornada_02.json (partial, 0/4 published)
2026-10-01 08:27:49,868 INFO 2026-2027\RTB VETERANS 2aB\G1\1a Fase\jornada_01.html -> 2026-2027\rtb-veterans-2ab\G1\1a Fase\jornada_01.json (partial, 2/4 published)
2026-10-01 08:27:49,878 INFO 2026-2027\RTB VETERANS 2aB\G1\1a Fase\jornada_02.html -> 2026-2027\rtb-veterans-2ab\G1\1a Fase\jornada_02.json (partial, 0/4 published)
2026-10-01 08:27:49,926 INFO 2026-2027\RTB VETERANS 2aB\G2\1a Fase\jornada_01.html -> 2026-2027\rtb-veterans-2ab\G2\1a Fase\jornada_01.json (complete, 4/4 published)
2026-10-01 08:27:49,937 INFO 2026-2027\RTB VETERANS 2aB\G2\1a Fase\jornada_02.html -> 2026-2027\rtb-veterans-2ab\G2\1a Fase\jornada_02.json (partial, 0/4 published)
2026-10-01 08:27:49,988 INFO 2026-2027\RTB VETERANS 3a A\G1\1a Fase\jornada_01.html -> 2026-2027\rtb-veterans-3a-a\G1\1a Fase\jornada_01.json (complete, 4/4 published)
2026-10-01 08:27:49,998 INFO 2026-2027\RTB VETERANS 3a A\G1\1a Fase\jornada_02.html -> 2026-2027\rtb-veterans-3a-a\G1\1a Fase\jornada_02.json (partial, 0/4 published)
2026-10-01 08:27:50,035 INFO 2026-2027\RTB VETERANS 3a A\G2\1a Fase\jornada_01.html -> 2026-2027\rtb-veterans-3a-a\G2\1a Fase\jornada_01.json (partial, 3/4 published)
2026-10-01 08:27:50,045 INFO 2026-2027\RTB VETERANS 3a A\G2\1a Fase\jornada_02.html -> 2026-2027\rtb-veterans-3a-a\G2\1a Fase\jornada_02.json (partial, 0/4 published)
2026-10-01 08:27:50,082 INFO 2026-2027\RTB VETERANS 3a B\G1\1a Fase\jornada_01.html -> 2026-2027\rtb-veterans-3a-b\G1\1a Fase\jornada_01.json (partial, 3/4 published)
2026-10-01 08:27:50,092 INFO 2026-2027\RTB VETERANS 3a B\G1\1a Fase\jornada_02.html -> 2026-2027\rtb-veterans-3a-b\G1\1a Fase\jornada_02.json (partial, 0/4 published)
2026-10-01 08:27:50,144 INFO 2026-2027\RTB VETERANS 3a B\G2\1a Fase\jornada_01.html -> 2026-2027\rtb-veterans-3a-b\G2\1a Fase\jornada_01.json (complete, 4/4 published)
2026-10-01 08:27:50,155 INFO 2026-2027\RTB VETERANS 3a B\G2\1a Fase\jornada_02.html -> 2026-2027\rtb-veterans-3a-b\G2\1a Fase\jornada_02.json (partial, 0/4 published)
2026-10-01 08:27:50,195 INFO 2026-2027\RTB VETERANS 4a A\G1\1a Fase\jornada_01.html -> 2026-2027\rtb-veterans-4a-a\G1\1a Fase\jornada_01.json (partial, 3/4 published)
2026-10-01 08:27:50,205 INFO 2026-2027\RTB VETERANS 4a A\G1\1a Fase\jornada_02.html -> 2026-2027\rtb-veterans-4a-a\G1\1a Fase\jornada_02.json (partial, 0/4 published)
2026-10-01 08:27:50,251 INFO 2026-2027\RTB VETERANS 4a A\G2\1a Fase\jornada_01.html -> 2026-2027\rtb-veterans-4a-a\G2\1a Fase\jornada_01.json (complete, 4/4 published)
2026-10-01 08:27:50,262 INFO 2026-2027\RTB VETERANS 4a A\G2\1a Fase\jornada_02.html -> 2026-2027\rtb-veterans-4a-a\G2\1a Fase\jornada_02.json (partial, 0/4 published)
2026-10-01 08:27:50,320 INFO 2026-2027\RTB VETERANS 4a B\G1\1a Fase\jornada_01.html -> 2026-2027\rtb-veterans-4a-b\G1\1a Fase\jornada_01.json (complete, 4/4 published)
2026-10-01 08:27:50,331 INFO 2026-2027\RTB VETERANS 4a B\G1\1a Fase\jornada_02.html -> 2026-2027\rtb-veterans-4a-b\G1\1a Fase\jornada_02.json (partial, 0/4 published)
2026-10-01 08:27:50,382 INFO 2026-2027\RTB VETERANS 4a B\G2\1a Fase\jornada_01.html -> 2026-2027\rtb-veterans-4a-b\G2\1a Fase\jornada_01.json (complete, 4/4 published)
2026-10-01 08:27:50,392 INFO 2026-2027\RTB VETERANS 4a B\G2\1a Fase\jornada_02.html -> 2026-2027\rtb-veterans-4a-b\G2\1a Fase\jornada_02.json (partial, 0/4 published)
2026-10-01 08:27:50,442 INFO 2026-2027\RTB VETERANS 4a C\G1\1a Fase\jornada_01.html -> 2026-2027\rtb-veterans-4a-c\G1\1a Fase\jornada_01.json (complete, 4/4 published)
2026-10-01 08:27:50,454 INFO 2026-2027\RTB VETERANS 4a C\G1\1a Fase\jornada_02.html -> 2026-2027\rtb-veterans-4a-c\G1\1a Fase\jornada_02.json (partial, 0/4 published)
2026-10-01 08:27:50,504 INFO 2026-2027\RTB VETERANS 4a C\G2\1a Fase\jornada_01.html -> 2026-2027\rtb-veterans-4a-c\G2\1a Fase\jornada_01.json (complete, 4/4 published)
2026-10-01 08:27:50,515 INFO 2026-2027\RTB VETERANS 4a C\G2\1a Fase\jornada_02.html -> 2026-2027\rtb-veterans-4a-c\G2\1a Fase\jornada_02.json (partial, 0/4 published)
2026-10-01 08:27:50,568 INFO 2026-2027\RTB VETERANS 4a C\G3\1a Fase\jornada_01.html -> 2026-2027\rtb-veterans-4a-c\G3\1a Fase\jornada_01.json (complete, 4/4 published)
2026-10-01 08:27:50,579 INFO 2026-2027\RTB VETERANS 4a C\G3\1a Fase\jornada_02.html -> 2026-2027\rtb-veterans-4a-c\G3\1a Fase\jornada_02.json (partial, 0/4 published)
2026-10-01 08:27:50,579 INFO Summary: 80 jornadas written, 0 matches failed, 182 matches not published, 169 matches published
2026-10-01 08:35:44,976 INFO Parsing 80 jornada file(s) for season 2026-2027 (force=False)
2026-10-01 08:35:45,831 INFO Summary: 80 jornadas skipped (up to date)
2026-10-01 08:40:32,567 INFO Parsing 80 jornada file(s) for season 2026-2027 (force=False)
2026-10-01 08:40:32,634 INFO 2026-2027\RTB 1a COMARCAL\G1\1a Fase\jornada_01.html (complete) -> 2026-2027\rtb-1a-comarcal\G1\1a Fase\jornada_01: 4 new
2026-10-01 08:40:32,652 INFO 2026-2027\RTB 1a COMARCAL\G1\1a Fase\jornada_02.html (partial) -> 2026-2027\rtb-1a-comarcal\G1\1a Fase\jornada_02: 4 new
2026-10-01 08:40:32,709 INFO 2026-2027\RTB 1a COMARCAL\G2\1a Fase\jornada_01.html (complete) -> 2026-2027\rtb-1a-comarcal\G2\1a Fase\jornada_01: 4 new
2026-10-01 08:40:32,725 INFO 2026-2027\RTB 1a COMARCAL\G2\1a Fase\jornada_02.html (partial) -> 2026-2027\rtb-1a-comarcal\G2\1a Fase\jornada_02: 4 new
2026-10-01 08:40:32,784 INFO 2026-2027\RTB 1a COMARCAL\G3\1a Fase\jornada_01.html (complete) -> 2026-2027\rtb-1a-comarcal\G3\1a Fase\jornada_01: 4 new
2026-10-01 08:40:32,801 INFO 2026-2027\RTB 1a COMARCAL\G3\1a Fase\jornada_02.html (partial) -> 2026-2027\rtb-1a-comarcal\G3\1a Fase\jornada_02: 4 new
2026-10-01 08:40:32,846 INFO 2026-2027\RTB 2a COMARCAL\G1\1a Fase\jornada_01.html (complete) -> 2026-2027\rtb-2a-comarcal\G1\1a Fase\jornada_01: 3 new
2026-10-01 08:40:32,859 INFO 2026-2027\RTB 2a COMARCAL\G1\1a Fase\jornada_02.html (partial) -> 2026-2027\rtb-2a-comarcal\G1\1a Fase\jornada_02: 3 new
2026-10-01 08:40:32,914 INFO 2026-2027\RTB 2a COMARCAL\G2\1a Fase\jornada_01.html (complete) -> 2026-2027\rtb-2a-comarcal\G2\1a Fase\jornada_01: 4 new
2026-10-01 08:40:32,927 INFO 2026-2027\RTB 2a COMARCAL\G2\1a Fase\jornada_02.html (partial) -> 2026-2027\rtb-2a-comarcal\G2\1a Fase\jornada_02: 3 new
2026-10-01 08:40:32,999 INFO 2026-2027\RTB PREFERENT\G1\1a Fase\jornada_01.html (complete) -> 2026-2027\rtb-preferent\G1\1a Fase\jornada_01: 5 new
2026-10-01 08:40:33,019 INFO 2026-2027\RTB PREFERENT\G1\1a Fase\jornada_02.html (partial) -> 2026-2027\rtb-preferent\G1\1a Fase\jornada_02: 5 new
2026-10-01 08:40:33,089 INFO 2026-2027\RTB PREFERENT\G2\1a Fase\jornada_01.html (complete) -> 2026-2027\rtb-preferent\G2\1a Fase\jornada_01: 5 new
2026-10-01 08:40:33,111 INFO 2026-2027\RTB PREFERENT\G2\1a Fase\jornada_02.html (partial) -> 2026-2027\rtb-preferent\G2\1a Fase\jornada_02: 5 new
2026-10-01 08:40:33,181 INFO 2026-2027\RTB PREFERENT\G3\1a Fase\jornada_01.html (complete) -> 2026-2027\rtb-preferent\G3\1a Fase\jornada_01: 5 new
2026-10-01 08:40:33,202 INFO 2026-2027\RTB PREFERENT\G3\1a Fase\jornada_02.html (partial) -> 2026-2027\rtb-preferent\G3\1a Fase\jornada_02: 5 new
2026-10-01 08:40:33,276 INFO 2026-2027\RTB PRIMERA\G1\1a Fase\jornada_01.html (complete) -> 2026-2027\rtb-primera\G1\1a Fase\jornada_01: 5 new
2026-10-01 08:40:33,297 INFO 2026-2027\RTB PRIMERA\G1\1a Fase\jornada_02.html (partial) -> 2026-2027\rtb-primera\G1\1a Fase\jornada_02: 5 new
2026-10-01 08:40:33,372 INFO 2026-2027\RTB PRIMERA\G2\1a Fase\jornada_01.html (complete) -> 2026-2027\rtb-primera\G2\1a Fase\jornada_01: 5 new
2026-10-01 08:40:33,393 INFO 2026-2027\RTB PRIMERA\G2\1a Fase\jornada_02.html (partial) -> 2026-2027\rtb-primera\G2\1a Fase\jornada_02: 5 new
2026-10-01 08:40:33,461 INFO 2026-2027\RTB PRIMERA\G3\1a Fase\jornada_01.html (complete) -> 2026-2027\rtb-primera\G3\1a Fase\jornada_01: 5 new
2026-10-01 08:40:33,483 INFO 2026-2027\RTB PRIMERA\G3\1a Fase\jornada_02.html (partial) -> 2026-2027\rtb-primera\G3\1a Fase\jornada_02: 5 new
2026-10-01 08:40:33,551 INFO 2026-2027\RTB SEGONA A\G1\1a Fase\jornada_01.html (complete) -> 2026-2027\rtb-segona-a\G1\1a Fase\jornada_01: 5 new
2026-10-01 08:40:33,572 INFO 2026-2027\RTB SEGONA A\G1\1a Fase\jornada_02.html (partial) -> 2026-2027\rtb-segona-a\G1\1a Fase\jornada_02: 5 new
2026-10-01 08:40:33,640 INFO 2026-2027\RTB SEGONA A\G2\1a Fase\jornada_01.html (complete) -> 2026-2027\rtb-segona-a\G2\1a Fase\jornada_01: 5 new
2026-10-01 08:40:33,666 INFO 2026-2027\RTB SEGONA A\G2\1a Fase\jornada_02.html (partial) -> 2026-2027\rtb-segona-a\G2\1a Fase\jornada_02: 5 new
2026-10-01 08:40:33,766 INFO 2026-2027\RTB SEGONA A\G3\1a Fase\jornada_01.html (complete) -> 2026-2027\rtb-segona-a\G3\1a Fase\jornada_01: 5 new
2026-10-01 08:40:33,794 INFO 2026-2027\RTB SEGONA A\G3\1a Fase\jornada_02.html (partial) -> 2026-2027\rtb-segona-a\G3\1a Fase\jornada_02: 5 new
2026-10-01 08:40:33,924 INFO 2026-2027\RTB SEGONA B\G1\1a Fase\jornada_01.html (complete) -> 2026-2027\rtb-segona-b\G1\1a Fase\jornada_01: 5 new
2026-10-01 08:40:34,010 INFO 2026-2027\RTB SEGONA B\G1\1a Fase\jornada_02.html (partial) -> 2026-2027\rtb-segona-b\G1\1a Fase\jornada_02: 5 new
2026-10-01 08:40:34,105 INFO 2026-2027\RTB SEGONA B\G2\1a Fase\jornada_01.html (complete) -> 2026-2027\rtb-segona-b\G2\1a Fase\jornada_01: 5 new
2026-10-01 08:40:34,134 INFO 2026-2027\RTB SEGONA B\G2\1a Fase\jornada_02.html (partial) -> 2026-2027\rtb-segona-b\G2\1a Fase\jornada_02: 5 new
2026-10-01 08:40:34,233 INFO 2026-2027\RTB SEGONA B\G3\1a Fase\jornada_01.html (complete) -> 2026-2027\rtb-segona-b\G3\1a Fase\jornada_01: 5 new
2026-10-01 08:40:34,261 INFO 2026-2027\RTB SEGONA B\G3\1a Fase\jornada_02.html (partial) -> 2026-2027\rtb-segona-b\G3\1a Fase\jornada_02: 5 new
2026-10-01 08:40:34,353 INFO 2026-2027\RTB TERCERA A\G1\1a Fase\jornada_01.html (complete) -> 2026-2027\rtb-tercera-a\G1\1a Fase\jornada_01: 5 new
2026-10-01 08:40:34,378 INFO 2026-2027\RTB TERCERA A\G1\1a Fase\jornada_02.html (partial) -> 2026-2027\rtb-tercera-a\G1\1a Fase\jornada_02: 5 new
2026-10-01 08:40:34,506 INFO 2026-2027\RTB TERCERA A\G2\1a Fase\jornada_01.html (complete) -> 2026-2027\rtb-tercera-a\G2\1a Fase\jornada_01: 5 new
2026-10-01 08:40:34,533 INFO 2026-2027\RTB TERCERA A\G2\1a Fase\jornada_02.html (partial) -> 2026-2027\rtb-tercera-a\G2\1a Fase\jornada_02: 5 new
2026-10-01 08:40:34,605 INFO 2026-2027\RTB TERCERA A\G3\1a Fase\jornada_01.html (complete) -> 2026-2027\rtb-tercera-a\G3\1a Fase\jornada_01: 5 new
2026-10-01 08:40:34,627 INFO 2026-2027\RTB TERCERA A\G3\1a Fase\jornada_02.html (partial) -> 2026-2027\rtb-tercera-a\G3\1a Fase\jornada_02: 5 new
2026-10-01 08:40:34,683 INFO 2026-2027\RTB TERCERA B\G1\1a Fase\jornada_01.html (complete) -> 2026-2027\rtb-tercera-b\G1\1a Fase\jornada_01: 4 new
2026-10-01 08:40:34,704 INFO 2026-2027\RTB TERCERA B\G1\1a Fase\jornada_02.html (partial) -> 2026-2027\rtb-tercera-b\G1\1a Fase\jornada_02: 4 new
2026-10-01 08:40:34,771 INFO 2026-2027\RTB TERCERA B\G2\1a Fase\jornada_01.html (partial) -> 2026-2027\rtb-tercera-b\G2\1a Fase\jornada_01: 5 new
2026-10-01 08:40:34,794 INFO 2026-2027\RTB TERCERA B\G2\1a Fase\jornada_02.html (partial) -> 2026-2027\rtb-tercera-b\G2\1a Fase\jornada_02: 5 new
2026-10-01 08:40:34,869 INFO 2026-2027\RTB TERCERA B\G3\1a Fase\jornada_01.html (complete) -> 2026-2027\rtb-tercera-b\G3\1a Fase\jornada_01: 5 new
2026-10-01 08:40:34,891 INFO 2026-2027\RTB TERCERA B\G3\1a Fase\jornada_02.html (partial) -> 2026-2027\rtb-tercera-b\G3\1a Fase\jornada_02: 5 new
2026-10-01 08:40:34,947 INFO 2026-2027\RTB VETERANS 1a\G1\1a Fase\jornada_01.html (complete) -> 2026-2027\rtb-veterans-1a\G1\1a Fase\jornada_01: 4 new
2026-10-01 08:40:34,964 INFO 2026-2027\RTB VETERANS 1a\G1\1a Fase\jornada_02.html (partial) -> 2026-2027\rtb-veterans-1a\G1\1a Fase\jornada_02: 4 new
2026-10-01 08:40:35,018 INFO 2026-2027\RTB VETERANS 1a\G2\1a Fase\jornada_01.html (complete) -> 2026-2027\rtb-veterans-1a\G2\1a Fase\jornada_01: 4 new
2026-10-01 08:40:35,034 INFO 2026-2027\RTB VETERANS 1a\G2\1a Fase\jornada_02.html (partial) -> 2026-2027\rtb-veterans-1a\G2\1a Fase\jornada_02: 4 new
2026-10-01 08:40:35,081 INFO 2026-2027\RTB VETERANS 2aA\G1\1a Fase\jornada_01.html (partial) -> 2026-2027\rtb-veterans-2aa\G1\1a Fase\jornada_01: 4 new
2026-10-01 08:40:35,098 INFO 2026-2027\RTB VETERANS 2aA\G1\1a Fase\jornada_02.html (partial) -> 2026-2027\rtb-veterans-2aa\G1\1a Fase\jornada_02: 4 new
2026-10-01 08:40:35,153 INFO 2026-2027\RTB VETERANS 2aA\G2\1a Fase\jornada_01.html (complete) -> 2026-2027\rtb-veterans-2aa\G2\1a Fase\jornada_01: 4 new
2026-10-01 08:40:35,170 INFO 2026-2027\RTB VETERANS 2aA\G2\1a Fase\jornada_02.html (partial) -> 2026-2027\rtb-veterans-2aa\G2\1a Fase\jornada_02: 4 new
2026-10-01 08:40:35,209 INFO 2026-2027\RTB VETERANS 2aB\G1\1a Fase\jornada_01.html (partial) -> 2026-2027\rtb-veterans-2ab\G1\1a Fase\jornada_01: 4 new
2026-10-01 08:40:35,225 INFO 2026-2027\RTB VETERANS 2aB\G1\1a Fase\jornada_02.html (partial) -> 2026-2027\rtb-veterans-2ab\G1\1a Fase\jornada_02: 4 new
2026-10-01 08:40:35,282 INFO 2026-2027\RTB VETERANS 2aB\G2\1a Fase\jornada_01.html (complete) -> 2026-2027\rtb-veterans-2ab\G2\1a Fase\jornada_01: 4 new
2026-10-01 08:40:35,300 INFO 2026-2027\RTB VETERANS 2aB\G2\1a Fase\jornada_02.html (partial) -> 2026-2027\rtb-veterans-2ab\G2\1a Fase\jornada_02: 4 new
2026-10-01 08:40:35,356 INFO 2026-2027\RTB VETERANS 3a A\G1\1a Fase\jornada_01.html (complete) -> 2026-2027\rtb-veterans-3a-a\G1\1a Fase\jornada_01: 4 new
2026-10-01 08:40:35,373 INFO 2026-2027\RTB VETERANS 3a A\G1\1a Fase\jornada_02.html (partial) -> 2026-2027\rtb-veterans-3a-a\G1\1a Fase\jornada_02: 4 new
2026-10-01 08:40:35,419 INFO 2026-2027\RTB VETERANS 3a A\G2\1a Fase\jornada_01.html (partial) -> 2026-2027\rtb-veterans-3a-a\G2\1a Fase\jornada_01: 4 new
2026-10-01 08:40:35,437 INFO 2026-2027\RTB VETERANS 3a A\G2\1a Fase\jornada_02.html (partial) -> 2026-2027\rtb-veterans-3a-a\G2\1a Fase\jornada_02: 4 new
2026-10-01 08:40:35,483 INFO 2026-2027\RTB VETERANS 3a B\G1\1a Fase\jornada_01.html (partial) -> 2026-2027\rtb-veterans-3a-b\G1\1a Fase\jornada_01: 4 new
2026-10-01 08:40:35,500 INFO 2026-2027\RTB VETERANS 3a B\G1\1a Fase\jornada_02.html (partial) -> 2026-2027\rtb-veterans-3a-b\G1\1a Fase\jornada_02: 4 new
2026-10-01 08:40:35,558 INFO 2026-2027\RTB VETERANS 3a B\G2\1a Fase\jornada_01.html (complete) -> 2026-2027\rtb-veterans-3a-b\G2\1a Fase\jornada_01: 4 new
2026-10-01 08:40:35,575 INFO 2026-2027\RTB VETERANS 3a B\G2\1a Fase\jornada_02.html (partial) -> 2026-2027\rtb-veterans-3a-b\G2\1a Fase\jornada_02: 4 new
2026-10-01 08:40:35,624 INFO 2026-2027\RTB VETERANS 4a A\G1\1a Fase\jornada_01.html (partial) -> 2026-2027\rtb-veterans-4a-a\G1\1a Fase\jornada_01: 4 new
2026-10-01 08:40:35,642 INFO 2026-2027\RTB VETERANS 4a A\G1\1a Fase\jornada_02.html (partial) -> 2026-2027\rtb-veterans-4a-a\G1\1a Fase\jornada_02: 4 new
2026-10-01 08:40:35,697 INFO 2026-2027\RTB VETERANS 4a A\G2\1a Fase\jornada_01.html (complete) -> 2026-2027\rtb-veterans-4a-a\G2\1a Fase\jornada_01: 4 new
2026-10-01 08:40:35,713 INFO 2026-2027\RTB VETERANS 4a A\G2\1a Fase\jornada_02.html (partial) -> 2026-2027\rtb-veterans-4a-a\G2\1a Fase\jornada_02: 4 new
2026-10-01 08:40:35,773 INFO 2026-2027\RTB VETERANS 4a B\G1\1a Fase\jornada_01.html (complete) -> 2026-2027\rtb-veterans-4a-b\G1\1a Fase\jornada_01: 4 new
2026-10-01 08:40:35,790 INFO 2026-2027\RTB VETERANS 4a B\G1\1a Fase\jornada_02.html (partial) -> 2026-2027\rtb-veterans-4a-b\G1\1a Fase\jornada_02: 4 new
2026-10-01 08:40:35,845 INFO 2026-2027\RTB VETERANS 4a B\G2\1a Fase\jornada_01.html (complete) -> 2026-2027\rtb-veterans-4a-b\G2\1a Fase\jornada_01: 4 new
2026-10-01 08:40:35,864 INFO 2026-2027\RTB VETERANS 4a B\G2\1a Fase\jornada_02.html (partial) -> 2026-2027\rtb-veterans-4a-b\G2\1a Fase\jornada_02: 4 new
2026-10-01 08:40:35,918 INFO 2026-2027\RTB VETERANS 4a C\G1\1a Fase\jornada_01.html (complete) -> 2026-2027\rtb-veterans-4a-c\G1\1a Fase\jornada_01: 4 new
2026-10-01 08:40:35,935 INFO 2026-2027\RTB VETERANS 4a C\G1\1a Fase\jornada_02.html (partial) -> 2026-2027\rtb-veterans-4a-c\G1\1a Fase\jornada_02: 4 new
2026-10-01 08:40:35,993 INFO 2026-2027\RTB VETERANS 4a C\G2\1a Fase\jornada_01.html (complete) -> 2026-2027\rtb-veterans-4a-c\G2\1a Fase\jornada_01: 4 new
2026-10-01 08:40:36,010 INFO 2026-2027\RTB VETERANS 4a C\G2\1a Fase\jornada_02.html (partial) -> 2026-2027\rtb-veterans-4a-c\G2\1a Fase\jornada_02: 4 new
2026-10-01 08:40:36,068 INFO 2026-2027\RTB VETERANS 4a C\G3\1a Fase\jornada_01.html (complete) -> 2026-2027\rtb-veterans-4a-c\G3\1a Fase\jornada_01: 4 new
2026-10-01 08:40:36,085 INFO 2026-2027\RTB VETERANS 4a C\G3\1a Fase\jornada_02.html (partial) -> 2026-2027\rtb-veterans-4a-c\G3\1a Fase\jornada_02: 4 new
2026-10-01 08:40:36,086 INFO Summary: 80 jornadas parsed, 351 matches new, 182 matches not published, 169 matches published
2026-10-01 08:40:37,812 INFO Parsing 80 jornada file(s) for season 2026-2027 (force=False)
2026-10-01 08:40:37,871 INFO 2026-2027\RTB 1a COMARCAL\G1\1a Fase\jornada_01.html (complete) -> 2026-2027\rtb-1a-comarcal\G1\1a Fase\jornada_01: 4 unchanged
2026-10-01 08:40:37,881 INFO 2026-2027\RTB 1a COMARCAL\G1\1a Fase\jornada_02.html (partial) -> 2026-2027\rtb-1a-comarcal\G1\1a Fase\jornada_02: 4 unchanged
2026-10-01 08:40:37,928 INFO 2026-2027\RTB 1a COMARCAL\G2\1a Fase\jornada_01.html (complete) -> 2026-2027\rtb-1a-comarcal\G2\1a Fase\jornada_01: 4 unchanged
2026-10-01 08:40:37,937 INFO 2026-2027\RTB 1a COMARCAL\G2\1a Fase\jornada_02.html (partial) -> 2026-2027\rtb-1a-comarcal\G2\1a Fase\jornada_02: 4 unchanged
2026-10-01 08:40:37,984 INFO 2026-2027\RTB 1a COMARCAL\G3\1a Fase\jornada_01.html (complete) -> 2026-2027\rtb-1a-comarcal\G3\1a Fase\jornada_01: 4 unchanged
2026-10-01 08:40:37,993 INFO 2026-2027\RTB 1a COMARCAL\G3\1a Fase\jornada_02.html (partial) -> 2026-2027\rtb-1a-comarcal\G3\1a Fase\jornada_02: 4 unchanged
2026-10-01 08:40:38,029 INFO 2026-2027\RTB 2a COMARCAL\G1\1a Fase\jornada_01.html (complete) -> 2026-2027\rtb-2a-comarcal\G1\1a Fase\jornada_01: 3 unchanged
2026-10-01 08:40:38,036 INFO 2026-2027\RTB 2a COMARCAL\G1\1a Fase\jornada_02.html (partial) -> 2026-2027\rtb-2a-comarcal\G1\1a Fase\jornada_02: 3 unchanged
2026-10-01 08:40:38,082 INFO 2026-2027\RTB 2a COMARCAL\G2\1a Fase\jornada_01.html (complete) -> 2026-2027\rtb-2a-comarcal\G2\1a Fase\jornada_01: 4 unchanged
2026-10-01 08:40:38,090 INFO 2026-2027\RTB 2a COMARCAL\G2\1a Fase\jornada_02.html (partial) -> 2026-2027\rtb-2a-comarcal\G2\1a Fase\jornada_02: 3 unchanged
2026-10-01 08:40:38,148 INFO 2026-2027\RTB PREFERENT\G1\1a Fase\jornada_01.html (complete) -> 2026-2027\rtb-preferent\G1\1a Fase\jornada_01: 5 unchanged
2026-10-01 08:40:38,160 INFO 2026-2027\RTB PREFERENT\G1\1a Fase\jornada_02.html (partial) -> 2026-2027\rtb-preferent\G1\1a Fase\jornada_02: 5 unchanged
2026-10-01 08:40:38,217 INFO 2026-2027\RTB PREFERENT\G2\1a Fase\jornada_01.html (complete) -> 2026-2027\rtb-preferent\G2\1a Fase\jornada_01: 5 unchanged
2026-10-01 08:40:38,230 INFO 2026-2027\RTB PREFERENT\G2\1a Fase\jornada_02.html (partial) -> 2026-2027\rtb-preferent\G2\1a Fase\jornada_02: 5 unchanged
2026-10-01 08:40:38,295 INFO 2026-2027\RTB PREFERENT\G3\1a Fase\jornada_01.html (complete) -> 2026-2027\rtb-preferent\G3\1a Fase\jornada_01: 5 unchanged
2026-10-01 08:40:38,307 INFO 2026-2027\RTB PREFERENT\G3\1a Fase\jornada_02.html (partial) -> 2026-2027\rtb-preferent\G3\1a Fase\jornada_02: 5 unchanged
2026-10-01 08:40:38,366 INFO 2026-2027\RTB PRIMERA\G1\1a Fase\jornada_01.html (complete) -> 2026-2027\rtb-primera\G1\1a Fase\jornada_01: 5 unchanged
2026-10-01 08:40:38,380 INFO 2026-2027\RTB PRIMERA\G1\1a Fase\jornada_02.html (partial) -> 2026-2027\rtb-primera\G1\1a Fase\jornada_02: 5 unchanged
2026-10-01 08:40:38,451 INFO 2026-2027\RTB PRIMERA\G2\1a Fase\jornada_01.html (complete) -> 2026-2027\rtb-primera\G2\1a Fase\jornada_01: 5 unchanged
2026-10-01 08:40:38,463 INFO 2026-2027\RTB PRIMERA\G2\1a Fase\jornada_02.html (partial) -> 2026-2027\rtb-primera\G2\1a Fase\jornada_02: 5 unchanged
2026-10-01 08:40:38,524 INFO 2026-2027\RTB PRIMERA\G3\1a Fase\jornada_01.html (complete) -> 2026-2027\rtb-primera\G3\1a Fase\jornada_01: 5 unchanged
2026-10-01 08:40:38,536 INFO 2026-2027\RTB PRIMERA\G3\1a Fase\jornada_02.html (partial) -> 2026-2027\rtb-primera\G3\1a Fase\jornada_02: 5 unchanged
2026-10-01 08:40:38,593 INFO 2026-2027\RTB SEGONA A\G1\1a Fase\jornada_01.html (complete) -> 2026-2027\rtb-segona-a\G1\1a Fase\jornada_01: 5 unchanged
2026-10-01 08:40:38,605 INFO 2026-2027\RTB SEGONA A\G1\1a Fase\jornada_02.html (partial) -> 2026-2027\rtb-segona-a\G1\1a Fase\jornada_02: 5 unchanged
2026-10-01 08:40:38,661 INFO 2026-2027\RTB SEGONA A\G2\1a Fase\jornada_01.html (complete) -> 2026-2027\rtb-segona-a\G2\1a Fase\jornada_01: 5 unchanged
2026-10-01 08:40:38,673 INFO 2026-2027\RTB SEGONA A\G2\1a Fase\jornada_02.html (partial) -> 2026-2027\rtb-segona-a\G2\1a Fase\jornada_02: 5 unchanged
2026-10-01 08:40:38,735 INFO 2026-2027\RTB SEGONA A\G3\1a Fase\jornada_01.html (complete) -> 2026-2027\rtb-segona-a\G3\1a Fase\jornada_01: 5 unchanged
2026-10-01 08:40:38,747 INFO 2026-2027\RTB SEGONA A\G3\1a Fase\jornada_02.html (partial) -> 2026-2027\rtb-segona-a\G3\1a Fase\jornada_02: 5 unchanged
2026-10-01 08:40:38,810 INFO 2026-2027\RTB SEGONA B\G1\1a Fase\jornada_01.html (complete) -> 2026-2027\rtb-segona-b\G1\1a Fase\jornada_01: 5 unchanged
2026-10-01 08:40:38,823 INFO 2026-2027\RTB SEGONA B\G1\1a Fase\jornada_02.html (partial) -> 2026-2027\rtb-segona-b\G1\1a Fase\jornada_02: 5 unchanged
2026-10-01 08:40:38,878 INFO 2026-2027\RTB SEGONA B\G2\1a Fase\jornada_01.html (complete) -> 2026-2027\rtb-segona-b\G2\1a Fase\jornada_01: 5 unchanged
2026-10-01 08:40:38,891 INFO 2026-2027\RTB SEGONA B\G2\1a Fase\jornada_02.html (partial) -> 2026-2027\rtb-segona-b\G2\1a Fase\jornada_02: 5 unchanged
2026-10-01 08:40:38,951 INFO 2026-2027\RTB SEGONA B\G3\1a Fase\jornada_01.html (complete) -> 2026-2027\rtb-segona-b\G3\1a Fase\jornada_01: 5 unchanged
2026-10-01 08:40:38,963 INFO 2026-2027\RTB SEGONA B\G3\1a Fase\jornada_02.html (partial) -> 2026-2027\rtb-segona-b\G3\1a Fase\jornada_02: 5 unchanged
2026-10-01 08:40:39,025 INFO 2026-2027\RTB TERCERA A\G1\1a Fase\jornada_01.html (complete) -> 2026-2027\rtb-tercera-a\G1\1a Fase\jornada_01: 5 unchanged
2026-10-01 08:40:39,037 INFO 2026-2027\RTB TERCERA A\G1\1a Fase\jornada_02.html (partial) -> 2026-2027\rtb-tercera-a\G1\1a Fase\jornada_02: 5 unchanged
2026-10-01 08:40:39,101 INFO 2026-2027\RTB TERCERA A\G2\1a Fase\jornada_01.html (complete) -> 2026-2027\rtb-tercera-a\G2\1a Fase\jornada_01: 5 unchanged
2026-10-01 08:40:39,113 INFO 2026-2027\RTB TERCERA A\G2\1a Fase\jornada_02.html (partial) -> 2026-2027\rtb-tercera-a\G2\1a Fase\jornada_02: 5 unchanged
2026-10-01 08:40:39,172 INFO 2026-2027\RTB TERCERA A\G3\1a Fase\jornada_01.html (complete) -> 2026-2027\rtb-tercera-a\G3\1a Fase\jornada_01: 5 unchanged
2026-10-01 08:40:39,185 INFO 2026-2027\RTB TERCERA A\G3\1a Fase\jornada_02.html (partial) -> 2026-2027\rtb-tercera-a\G3\1a Fase\jornada_02: 5 unchanged
2026-10-01 08:40:39,230 INFO 2026-2027\RTB TERCERA B\G1\1a Fase\jornada_01.html (complete) -> 2026-2027\rtb-tercera-b\G1\1a Fase\jornada_01: 4 unchanged
2026-10-01 08:40:39,240 INFO 2026-2027\RTB TERCERA B\G1\1a Fase\jornada_02.html (partial) -> 2026-2027\rtb-tercera-b\G1\1a Fase\jornada_02: 4 unchanged
2026-10-01 08:40:39,293 INFO 2026-2027\RTB TERCERA B\G2\1a Fase\jornada_01.html (partial) -> 2026-2027\rtb-tercera-b\G2\1a Fase\jornada_01: 5 unchanged
2026-10-01 08:40:39,306 INFO 2026-2027\RTB TERCERA B\G2\1a Fase\jornada_02.html (partial) -> 2026-2027\rtb-tercera-b\G2\1a Fase\jornada_02: 5 unchanged
2026-10-01 08:40:39,366 INFO 2026-2027\RTB TERCERA B\G3\1a Fase\jornada_01.html (complete) -> 2026-2027\rtb-tercera-b\G3\1a Fase\jornada_01: 5 unchanged
2026-10-01 08:40:39,378 INFO 2026-2027\RTB TERCERA B\G3\1a Fase\jornada_02.html (partial) -> 2026-2027\rtb-tercera-b\G3\1a Fase\jornada_02: 5 unchanged
2026-10-01 08:40:39,425 INFO 2026-2027\RTB VETERANS 1a\G1\1a Fase\jornada_01.html (complete) -> 2026-2027\rtb-veterans-1a\G1\1a Fase\jornada_01: 4 unchanged
2026-10-01 08:40:39,435 INFO 2026-2027\RTB VETERANS 1a\G1\1a Fase\jornada_02.html (partial) -> 2026-2027\rtb-veterans-1a\G1\1a Fase\jornada_02: 4 unchanged
2026-10-01 08:40:39,485 INFO 2026-2027\RTB VETERANS 1a\G2\1a Fase\jornada_01.html (complete) -> 2026-2027\rtb-veterans-1a\G2\1a Fase\jornada_01: 4 unchanged
2026-10-01 08:40:39,495 INFO 2026-2027\RTB VETERANS 1a\G2\1a Fase\jornada_02.html (partial) -> 2026-2027\rtb-veterans-1a\G2\1a Fase\jornada_02: 4 unchanged
2026-10-01 08:40:39,535 INFO 2026-2027\RTB VETERANS 2aA\G1\1a Fase\jornada_01.html (partial) -> 2026-2027\rtb-veterans-2aa\G1\1a Fase\jornada_01: 4 unchanged
2026-10-01 08:40:39,546 INFO 2026-2027\RTB VETERANS 2aA\G1\1a Fase\jornada_02.html (partial) -> 2026-2027\rtb-veterans-2aa\G1\1a Fase\jornada_02: 4 unchanged
2026-10-01 08:40:39,593 INFO 2026-2027\RTB VETERANS 2aA\G2\1a Fase\jornada_01.html (complete) -> 2026-2027\rtb-veterans-2aa\G2\1a Fase\jornada_01: 4 unchanged
2026-10-01 08:40:39,603 INFO 2026-2027\RTB VETERANS 2aA\G2\1a Fase\jornada_02.html (partial) -> 2026-2027\rtb-veterans-2aa\G2\1a Fase\jornada_02: 4 unchanged
2026-10-01 08:40:39,633 INFO 2026-2027\RTB VETERANS 2aB\G1\1a Fase\jornada_01.html (partial) -> 2026-2027\rtb-veterans-2ab\G1\1a Fase\jornada_01: 4 unchanged
2026-10-01 08:40:39,643 INFO 2026-2027\RTB VETERANS 2aB\G1\1a Fase\jornada_02.html (partial) -> 2026-2027\rtb-veterans-2ab\G1\1a Fase\jornada_02: 4 unchanged
2026-10-01 08:40:39,693 INFO 2026-2027\RTB VETERANS 2aB\G2\1a Fase\jornada_01.html (complete) -> 2026-2027\rtb-veterans-2ab\G2\1a Fase\jornada_01: 4 unchanged
2026-10-01 08:40:39,703 INFO 2026-2027\RTB VETERANS 2aB\G2\1a Fase\jornada_02.html (partial) -> 2026-2027\rtb-veterans-2ab\G2\1a Fase\jornada_02: 4 unchanged
2026-10-01 08:40:39,752 INFO 2026-2027\RTB VETERANS 3a A\G1\1a Fase\jornada_01.html (complete) -> 2026-2027\rtb-veterans-3a-a\G1\1a Fase\jornada_01: 4 unchanged
2026-10-01 08:40:39,762 INFO 2026-2027\RTB VETERANS 3a A\G1\1a Fase\jornada_02.html (partial) -> 2026-2027\rtb-veterans-3a-a\G1\1a Fase\jornada_02: 4 unchanged
2026-10-01 08:40:39,802 INFO 2026-2027\RTB VETERANS 3a A\G2\1a Fase\jornada_01.html (partial) -> 2026-2027\rtb-veterans-3a-a\G2\1a Fase\jornada_01: 4 unchanged
2026-10-01 08:40:39,812 INFO 2026-2027\RTB VETERANS 3a A\G2\1a Fase\jornada_02.html (partial) -> 2026-2027\rtb-veterans-3a-a\G2\1a Fase\jornada_02: 4 unchanged
2026-10-01 08:40:39,849 INFO 2026-2027\RTB VETERANS 3a B\G1\1a Fase\jornada_01.html (partial) -> 2026-2027\rtb-veterans-3a-b\G1\1a Fase\jornada_01: 4 unchanged
2026-10-01 08:40:39,859 INFO 2026-2027\RTB VETERANS 3a B\G1\1a Fase\jornada_02.html (partial) -> 2026-2027\rtb-veterans-3a-b\G1\1a Fase\jornada_02: 4 unchanged
2026-10-01 08:40:39,908 INFO 2026-2027\RTB VETERANS 3a B\G2\1a Fase\jornada_01.html (complete) -> 2026-2027\rtb-veterans-3a-b\G2\1a Fase\jornada_01: 4 unchanged
2026-10-01 08:40:39,919 INFO 2026-2027\RTB VETERANS 3a B\G2\1a Fase\jornada_02.html (partial) -> 2026-2027\rtb-veterans-3a-b\G2\1a Fase\jornada_02: 4 unchanged
2026-10-01 08:40:39,958 INFO 2026-2027\RTB VETERANS 4a A\G1\1a Fase\jornada_01.html (partial) -> 2026-2027\rtb-veterans-4a-a\G1\1a Fase\jornada_01: 4 unchanged
2026-10-01 08:40:39,968 INFO 2026-2027\RTB VETERANS 4a A\G1\1a Fase\jornada_02.html (partial) -> 2026-2027\rtb-veterans-4a-a\G1\1a Fase\jornada_02: 4 unchanged
2026-10-01 08:40:40,014 INFO 2026-2027\RTB VETERANS 4a A\G2\1a Fase\jornada_01.html (complete) -> 2026-2027\rtb-veterans-4a-a\G2\1a Fase\jornada_01: 4 unchanged
2026-10-01 08:40:40,025 INFO 2026-2027\RTB VETERANS 4a A\G2\1a Fase\jornada_02.html (partial) -> 2026-2027\rtb-veterans-4a-a\G2\1a Fase\jornada_02: 4 unchanged
2026-10-01 08:40:40,080 INFO 2026-2027\RTB VETERANS 4a B\G1\1a Fase\jornada_01.html (complete) -> 2026-2027\rtb-veterans-4a-b\G1\1a Fase\jornada_01: 4 unchanged
2026-10-01 08:40:40,091 INFO 2026-2027\RTB VETERANS 4a B\G1\1a Fase\jornada_02.html (partial) -> 2026-2027\rtb-veterans-4a-b\G1\1a Fase\jornada_02: 4 unchanged
2026-10-01 08:40:40,137 INFO 2026-2027\RTB VETERANS 4a B\G2\1a Fase\jornada_01.html (complete) -> 2026-2027\rtb-veterans-4a-b\G2\1a Fase\jornada_01: 4 unchanged
2026-10-01 08:40:40,148 INFO 2026-2027\RTB VETERANS 4a B\G2\1a Fase\jornada_02.html (partial) -> 2026-2027\rtb-veterans-4a-b\G2\1a Fase\jornada_02: 4 unchanged
2026-10-01 08:40:40,194 INFO 2026-2027\RTB VETERANS 4a C\G1\1a Fase\jornada_01.html (complete) -> 2026-2027\rtb-veterans-4a-c\G1\1a Fase\jornada_01: 4 unchanged
2026-10-01 08:40:40,205 INFO 2026-2027\RTB VETERANS 4a C\G1\1a Fase\jornada_02.html (partial) -> 2026-2027\rtb-veterans-4a-c\G1\1a Fase\jornada_02: 4 unchanged
2026-10-01 08:40:40,252 INFO 2026-2027\RTB VETERANS 4a C\G2\1a Fase\jornada_01.html (complete) -> 2026-2027\rtb-veterans-4a-c\G2\1a Fase\jornada_01: 4 unchanged
2026-10-01 08:40:40,263 INFO 2026-2027\RTB VETERANS 4a C\G2\1a Fase\jornada_02.html (partial) -> 2026-2027\rtb-veterans-4a-c\G2\1a Fase\jornada_02: 4 unchanged
2026-10-01 08:40:40,310 INFO 2026-2027\RTB VETERANS 4a C\G3\1a Fase\jornada_01.html (complete) -> 2026-2027\rtb-veterans-4a-c\G3\1a Fase\jornada_01: 4 unchanged
2026-10-01 08:40:40,320 INFO 2026-2027\RTB VETERANS 4a C\G3\1a Fase\jornada_02.html (partial) -> 2026-2027\rtb-veterans-4a-c\G3\1a Fase\jornada_02: 4 unchanged
2026-10-01 08:40:40,320 INFO Summary: 80 jornadas parsed, 182 matches not published, 169 matches published, 351 matches unchanged
2026-10-01 18:10:25,056 INFO Parsing 80 jornada file(s) for season 2026-2027 (force=False)
2026-10-01 18:10:25,169 INFO 2026-2027\RTB 1a COMARCAL\G1\1a Fase\jornada_01.html (complete) -> 2026-2027\rtb-1a-comarcal\G1\1a Fase: 4 new
2026-10-01 18:10:25,191 INFO 2026-2027\RTB 1a COMARCAL\G1\1a Fase\jornada_02.html (partial) -> 2026-2027\rtb-1a-comarcal\G1\1a Fase: 4 new
2026-10-01 18:10:25,294 INFO 2026-2027\RTB 1a COMARCAL\G2\1a Fase\jornada_01.html (complete) -> 2026-2027\rtb-1a-comarcal\G2\1a Fase: 4 new
2026-10-01 18:10:25,324 INFO 2026-2027\RTB 1a COMARCAL\G2\1a Fase\jornada_02.html (partial) -> 2026-2027\rtb-1a-comarcal\G2\1a Fase: 4 new
2026-10-01 18:10:25,431 INFO 2026-2027\RTB 1a COMARCAL\G3\1a Fase\jornada_01.html (complete) -> 2026-2027\rtb-1a-comarcal\G3\1a Fase: 4 new
2026-10-01 18:10:25,454 INFO 2026-2027\RTB 1a COMARCAL\G3\1a Fase\jornada_02.html (partial) -> 2026-2027\rtb-1a-comarcal\G3\1a Fase: 4 new
2026-10-01 18:10:25,522 INFO 2026-2027\RTB 2a COMARCAL\G1\1a Fase\jornada_01.html (complete) -> 2026-2027\rtb-2a-comarcal\G1\1a Fase: 3 new
2026-10-01 18:10:25,547 INFO 2026-2027\RTB 2a COMARCAL\G1\1a Fase\jornada_02.html (partial) -> 2026-2027\rtb-2a-comarcal\G1\1a Fase: 3 new
2026-10-01 18:10:25,689 INFO 2026-2027\RTB 2a COMARCAL\G2\1a Fase\jornada_01.html (complete) -> 2026-2027\rtb-2a-comarcal\G2\1a Fase: 4 new
2026-10-01 18:10:25,704 INFO 2026-2027\RTB 2a COMARCAL\G2\1a Fase\jornada_02.html (partial) -> 2026-2027\rtb-2a-comarcal\G2\1a Fase: 3 new
2026-10-01 18:10:25,794 INFO 2026-2027\RTB PREFERENT\G1\1a Fase\jornada_01.html (complete) -> 2026-2027\rtb-preferent\G1\1a Fase: 5 new
2026-10-01 18:10:25,814 INFO 2026-2027\RTB PREFERENT\G1\1a Fase\jornada_02.html (partial) -> 2026-2027\rtb-preferent\G1\1a Fase: 5 new
2026-10-01 18:10:25,898 INFO 2026-2027\RTB PREFERENT\G2\1a Fase\jornada_01.html (complete) -> 2026-2027\rtb-preferent\G2\1a Fase: 5 new
2026-10-01 18:10:25,921 INFO 2026-2027\RTB PREFERENT\G2\1a Fase\jornada_02.html (partial) -> 2026-2027\rtb-preferent\G2\1a Fase: 5 new
2026-10-01 18:10:26,043 INFO 2026-2027\RTB PREFERENT\G3\1a Fase\jornada_01.html (complete) -> 2026-2027\rtb-preferent\G3\1a Fase: 5 new
2026-10-01 18:10:26,085 INFO 2026-2027\RTB PREFERENT\G3\1a Fase\jornada_02.html (partial) -> 2026-2027\rtb-preferent\G3\1a Fase: 5 new
2026-10-01 18:10:26,192 INFO 2026-2027\RTB PRIMERA\G1\1a Fase\jornada_01.html (complete) -> 2026-2027\rtb-primera\G1\1a Fase: 5 new
2026-10-01 18:10:26,216 INFO 2026-2027\RTB PRIMERA\G1\1a Fase\jornada_02.html (partial) -> 2026-2027\rtb-primera\G1\1a Fase: 5 new
2026-10-01 18:10:26,308 INFO 2026-2027\RTB PRIMERA\G2\1a Fase\jornada_01.html (complete) -> 2026-2027\rtb-primera\G2\1a Fase: 5 new
2026-10-01 18:10:26,333 INFO 2026-2027\RTB PRIMERA\G2\1a Fase\jornada_02.html (partial) -> 2026-2027\rtb-primera\G2\1a Fase: 5 new
2026-10-01 18:10:26,400 INFO 2026-2027\RTB PRIMERA\G3\1a Fase\jornada_01.html (complete) -> 2026-2027\rtb-primera\G3\1a Fase: 5 new
2026-10-01 18:10:26,420 INFO 2026-2027\RTB PRIMERA\G3\1a Fase\jornada_02.html (partial) -> 2026-2027\rtb-primera\G3\1a Fase: 5 new
2026-10-01 18:10:26,483 INFO 2026-2027\RTB SEGONA A\G1\1a Fase\jornada_01.html (complete) -> 2026-2027\rtb-segona-a\G1\1a Fase: 5 new
2026-10-01 18:10:26,503 INFO 2026-2027\RTB SEGONA A\G1\1a Fase\jornada_02.html (partial) -> 2026-2027\rtb-segona-a\G1\1a Fase: 5 new
2026-10-01 18:10:26,568 INFO 2026-2027\RTB SEGONA A\G2\1a Fase\jornada_01.html (complete) -> 2026-2027\rtb-segona-a\G2\1a Fase: 5 new
2026-10-01 18:10:26,591 INFO 2026-2027\RTB SEGONA A\G2\1a Fase\jornada_02.html (partial) -> 2026-2027\rtb-segona-a\G2\1a Fase: 5 new
2026-10-01 18:10:26,686 INFO 2026-2027\RTB SEGONA A\G3\1a Fase\jornada_01.html (complete) -> 2026-2027\rtb-segona-a\G3\1a Fase: 5 new
2026-10-01 18:10:26,711 INFO 2026-2027\RTB SEGONA A\G3\1a Fase\jornada_02.html (partial) -> 2026-2027\rtb-segona-a\G3\1a Fase: 5 new
2026-10-01 18:10:26,806 INFO 2026-2027\RTB SEGONA B\G1\1a Fase\jornada_01.html (complete) -> 2026-2027\rtb-segona-b\G1\1a Fase: 5 new
2026-10-01 18:10:26,827 INFO 2026-2027\RTB SEGONA B\G1\1a Fase\jornada_02.html (partial) -> 2026-2027\rtb-segona-b\G1\1a Fase: 5 new
2026-10-01 18:10:26,892 INFO 2026-2027\RTB SEGONA B\G2\1a Fase\jornada_01.html (complete) -> 2026-2027\rtb-segona-b\G2\1a Fase: 5 new
2026-10-01 18:10:26,912 INFO 2026-2027\RTB SEGONA B\G2\1a Fase\jornada_02.html (partial) -> 2026-2027\rtb-segona-b\G2\1a Fase: 5 new
2026-10-01 18:10:26,986 INFO 2026-2027\RTB SEGONA B\G3\1a Fase\jornada_01.html (complete) -> 2026-2027\rtb-segona-b\G3\1a Fase: 5 new
2026-10-01 18:10:27,007 INFO 2026-2027\RTB SEGONA B\G3\1a Fase\jornada_02.html (partial) -> 2026-2027\rtb-segona-b\G3\1a Fase: 5 new
2026-10-01 18:10:27,081 INFO 2026-2027\RTB TERCERA A\G1\1a Fase\jornada_01.html (complete) -> 2026-2027\rtb-tercera-a\G1\1a Fase: 5 new
2026-10-01 18:10:27,102 INFO 2026-2027\RTB TERCERA A\G1\1a Fase\jornada_02.html (partial) -> 2026-2027\rtb-tercera-a\G1\1a Fase: 5 new
2026-10-01 18:10:27,173 INFO 2026-2027\RTB TERCERA A\G2\1a Fase\jornada_01.html (complete) -> 2026-2027\rtb-tercera-a\G2\1a Fase: 5 new
2026-10-01 18:10:27,192 INFO 2026-2027\RTB TERCERA A\G2\1a Fase\jornada_02.html (partial) -> 2026-2027\rtb-tercera-a\G2\1a Fase: 5 new
2026-10-01 18:10:27,264 INFO 2026-2027\RTB TERCERA A\G3\1a Fase\jornada_01.html (complete) -> 2026-2027\rtb-tercera-a\G3\1a Fase: 5 new
2026-10-01 18:10:27,284 INFO 2026-2027\RTB TERCERA A\G3\1a Fase\jornada_02.html (partial) -> 2026-2027\rtb-tercera-a\G3\1a Fase: 5 new
2026-10-01 18:10:27,337 INFO 2026-2027\RTB TERCERA B\G1\1a Fase\jornada_01.html (complete) -> 2026-2027\rtb-tercera-b\G1\1a Fase: 4 new
2026-10-01 18:10:27,353 INFO 2026-2027\RTB TERCERA B\G1\1a Fase\jornada_02.html (partial) -> 2026-2027\rtb-tercera-b\G1\1a Fase: 4 new
2026-10-01 18:10:27,414 INFO 2026-2027\RTB TERCERA B\G2\1a Fase\jornada_01.html (partial) -> 2026-2027\rtb-tercera-b\G2\1a Fase: 5 new
2026-10-01 18:10:27,435 INFO 2026-2027\RTB TERCERA B\G2\1a Fase\jornada_02.html (partial) -> 2026-2027\rtb-tercera-b\G2\1a Fase: 5 new
2026-10-01 18:10:27,504 INFO 2026-2027\RTB TERCERA B\G3\1a Fase\jornada_01.html (complete) -> 2026-2027\rtb-tercera-b\G3\1a Fase: 5 new
2026-10-01 18:10:27,524 INFO 2026-2027\RTB TERCERA B\G3\1a Fase\jornada_02.html (partial) -> 2026-2027\rtb-tercera-b\G3\1a Fase: 5 new
2026-10-01 18:10:27,621 INFO 2026-2027\RTB VETERANS 1a\G1\1a Fase\jornada_01.html (complete) -> 2026-2027\rtb-veterans-1a\G1\1a Fase: 4 new
2026-10-01 18:10:27,641 INFO 2026-2027\RTB VETERANS 1a\G1\1a Fase\jornada_02.html (partial) -> 2026-2027\rtb-veterans-1a\G1\1a Fase: 4 new
2026-10-01 18:10:27,705 INFO 2026-2027\RTB VETERANS 1a\G2\1a Fase\jornada_01.html (complete) -> 2026-2027\rtb-veterans-1a\G2\1a Fase: 4 new
2026-10-01 18:10:27,727 INFO 2026-2027\RTB VETERANS 1a\G2\1a Fase\jornada_02.html (partial) -> 2026-2027\rtb-veterans-1a\G2\1a Fase: 4 new
2026-10-01 18:10:27,778 INFO 2026-2027\RTB VETERANS 2aA\G1\1a Fase\jornada_01.html (partial) -> 2026-2027\rtb-veterans-2aa\G1\1a Fase: 4 new
2026-10-01 18:10:27,801 INFO 2026-2027\RTB VETERANS 2aA\G1\1a Fase\jornada_02.html (partial) -> 2026-2027\rtb-veterans-2aa\G1\1a Fase: 4 new
2026-10-01 18:10:27,862 INFO 2026-2027\RTB VETERANS 2aA\G2\1a Fase\jornada_01.html (complete) -> 2026-2027\rtb-veterans-2aa\G2\1a Fase: 4 new
2026-10-01 18:10:27,894 INFO 2026-2027\RTB VETERANS 2aA\G2\1a Fase\jornada_02.html (partial) -> 2026-2027\rtb-veterans-2aa\G2\1a Fase: 4 new
2026-10-01 18:10:27,943 INFO 2026-2027\RTB VETERANS 2aB\G1\1a Fase\jornada_01.html (partial) -> 2026-2027\rtb-veterans-2ab\G1\1a Fase: 4 new
2026-10-01 18:10:27,972 INFO 2026-2027\RTB VETERANS 2aB\G1\1a Fase\jornada_02.html (partial) -> 2026-2027\rtb-veterans-2ab\G1\1a Fase: 4 new
2026-10-01 18:10:28,065 INFO 2026-2027\RTB VETERANS 2aB\G2\1a Fase\jornada_01.html (complete) -> 2026-2027\rtb-veterans-2ab\G2\1a Fase: 4 new
2026-10-01 18:10:28,088 INFO 2026-2027\RTB VETERANS 2aB\G2\1a Fase\jornada_02.html (partial) -> 2026-2027\rtb-veterans-2ab\G2\1a Fase: 4 new
2026-10-01 18:10:28,263 INFO 2026-2027\RTB VETERANS 3a A\G1\1a Fase\jornada_01.html (complete) -> 2026-2027\rtb-veterans-3a-a\G1\1a Fase: 4 new
2026-10-01 18:10:28,303 INFO 2026-2027\RTB VETERANS 3a A\G1\1a Fase\jornada_02.html (partial) -> 2026-2027\rtb-veterans-3a-a\G1\1a Fase: 4 new
2026-10-01 18:10:28,421 INFO 2026-2027\RTB VETERANS 3a A\G2\1a Fase\jornada_01.html (partial) -> 2026-2027\rtb-veterans-3a-a\G2\1a Fase: 4 new
2026-10-01 18:10:28,450 INFO 2026-2027\RTB VETERANS 3a A\G2\1a Fase\jornada_02.html (partial) -> 2026-2027\rtb-veterans-3a-a\G2\1a Fase: 4 new
2026-10-01 18:10:28,539 INFO 2026-2027\RTB VETERANS 3a B\G1\1a Fase\jornada_01.html (partial) -> 2026-2027\rtb-veterans-3a-b\G1\1a Fase: 4 new
2026-10-01 18:10:28,576 INFO 2026-2027\RTB VETERANS 3a B\G1\1a Fase\jornada_02.html (partial) -> 2026-2027\rtb-veterans-3a-b\G1\1a Fase: 4 new
2026-10-01 18:10:28,743 INFO 2026-2027\RTB VETERANS 3a B\G2\1a Fase\jornada_01.html (complete) -> 2026-2027\rtb-veterans-3a-b\G2\1a Fase: 4 new
2026-10-01 18:10:28,784 INFO 2026-2027\RTB VETERANS 3a B\G2\1a Fase\jornada_02.html (partial) -> 2026-2027\rtb-veterans-3a-b\G2\1a Fase: 4 new
2026-10-01 18:10:28,964 INFO 2026-2027\RTB VETERANS 4a A\G1\1a Fase\jornada_01.html (partial) -> 2026-2027\rtb-veterans-4a-a\G1\1a Fase: 4 new
2026-10-01 18:10:28,989 INFO 2026-2027\RTB VETERANS 4a A\G1\1a Fase\jornada_02.html (partial) -> 2026-2027\rtb-veterans-4a-a\G1\1a Fase: 4 new
2026-10-01 18:10:29,189 INFO 2026-2027\RTB VETERANS 4a A\G2\1a Fase\jornada_01.html (complete) -> 2026-2027\rtb-veterans-4a-a\G2\1a Fase: 4 new
2026-10-01 18:10:29,252 INFO 2026-2027\RTB VETERANS 4a A\G2\1a Fase\jornada_02.html (partial) -> 2026-2027\rtb-veterans-4a-a\G2\1a Fase: 4 new
2026-10-01 18:10:29,483 INFO 2026-2027\RTB VETERANS 4a B\G1\1a Fase\jornada_01.html (complete) -> 2026-2027\rtb-veterans-4a-b\G1\1a Fase: 4 new
2026-10-01 18:10:29,529 INFO 2026-2027\RTB VETERANS 4a B\G1\1a Fase\jornada_02.html (partial) -> 2026-2027\rtb-veterans-4a-b\G1\1a Fase: 4 new
2026-10-01 18:10:29,684 INFO 2026-2027\RTB VETERANS 4a B\G2\1a Fase\jornada_01.html (complete) -> 2026-2027\rtb-veterans-4a-b\G2\1a Fase: 4 new
2026-10-01 18:10:29,723 INFO 2026-2027\RTB VETERANS 4a B\G2\1a Fase\jornada_02.html (partial) -> 2026-2027\rtb-veterans-4a-b\G2\1a Fase: 4 new
2026-10-01 18:10:29,846 INFO 2026-2027\RTB VETERANS 4a C\G1\1a Fase\jornada_01.html (complete) -> 2026-2027\rtb-veterans-4a-c\G1\1a Fase: 4 new
2026-10-01 18:10:29,884 INFO 2026-2027\RTB VETERANS 4a C\G1\1a Fase\jornada_02.html (partial) -> 2026-2027\rtb-veterans-4a-c\G1\1a Fase: 4 new
2026-10-01 18:10:30,003 INFO 2026-2027\RTB VETERANS 4a C\G2\1a Fase\jornada_01.html (complete) -> 2026-2027\rtb-veterans-4a-c\G2\1a Fase: 4 new
2026-10-01 18:10:30,037 INFO 2026-2027\RTB VETERANS 4a C\G2\1a Fase\jornada_02.html (partial) -> 2026-2027\rtb-veterans-4a-c\G2\1a Fase: 4 new
2026-10-01 18:10:30,128 INFO 2026-2027\RTB VETERANS 4a C\G3\1a Fase\jornada_01.html (complete) -> 2026-2027\rtb-veterans-4a-c\G3\1a Fase: 4 new
2026-10-01 18:10:30,159 INFO 2026-2027\RTB VETERANS 4a C\G3\1a Fase\jornada_02.html (partial) -> 2026-2027\rtb-veterans-4a-c\G3\1a Fase: 4 new
2026-10-01 18:10:30,159 INFO Summary: 80 jornadas parsed, 351 matches new, 182 matches not published, 169 matches published
2026-10-01 18:10:32,383 INFO Parsing 80 jornada file(s) for season 2026-2027 (force=False)
2026-10-01 18:10:32,433 INFO 2026-2027\RTB 1a COMARCAL\G1\1a Fase\jornada_01.html (complete) -> 2026-2027\rtb-1a-comarcal\G1\1a Fase: 4 unchanged
2026-10-01 18:10:32,443 INFO 2026-2027\RTB 1a COMARCAL\G1\1a Fase\jornada_02.html (partial) -> 2026-2027\rtb-1a-comarcal\G1\1a Fase: 4 unchanged
2026-10-01 18:10:32,489 INFO 2026-2027\RTB 1a COMARCAL\G2\1a Fase\jornada_01.html (complete) -> 2026-2027\rtb-1a-comarcal\G2\1a Fase: 4 unchanged
2026-10-01 18:10:32,498 INFO 2026-2027\RTB 1a COMARCAL\G2\1a Fase\jornada_02.html (partial) -> 2026-2027\rtb-1a-comarcal\G2\1a Fase: 4 unchanged
2026-10-01 18:10:32,546 INFO 2026-2027\RTB 1a COMARCAL\G3\1a Fase\jornada_01.html (complete) -> 2026-2027\rtb-1a-comarcal\G3\1a Fase: 4 unchanged
2026-10-01 18:10:32,559 INFO 2026-2027\RTB 1a COMARCAL\G3\1a Fase\jornada_02.html (partial) -> 2026-2027\rtb-1a-comarcal\G3\1a Fase: 4 unchanged
2026-10-01 18:10:32,598 INFO 2026-2027\RTB 2a COMARCAL\G1\1a Fase\jornada_01.html (complete) -> 2026-2027\rtb-2a-comarcal\G1\1a Fase: 3 unchanged
2026-10-01 18:10:32,606 INFO 2026-2027\RTB 2a COMARCAL\G1\1a Fase\jornada_02.html (partial) -> 2026-2027\rtb-2a-comarcal\G1\1a Fase: 3 unchanged
2026-10-01 18:10:32,655 INFO 2026-2027\RTB 2a COMARCAL\G2\1a Fase\jornada_01.html (complete) -> 2026-2027\rtb-2a-comarcal\G2\1a Fase: 4 unchanged
2026-10-01 18:10:32,663 INFO 2026-2027\RTB 2a COMARCAL\G2\1a Fase\jornada_02.html (partial) -> 2026-2027\rtb-2a-comarcal\G2\1a Fase: 3 unchanged
2026-10-01 18:10:32,737 INFO 2026-2027\RTB PREFERENT\G1\1a Fase\jornada_01.html (complete) -> 2026-2027\rtb-preferent\G1\1a Fase: 5 unchanged
2026-10-01 18:10:32,750 INFO 2026-2027\RTB PREFERENT\G1\1a Fase\jornada_02.html (partial) -> 2026-2027\rtb-preferent\G1\1a Fase: 5 unchanged
2026-10-01 18:10:32,828 INFO 2026-2027\RTB PREFERENT\G2\1a Fase\jornada_01.html (complete) -> 2026-2027\rtb-preferent\G2\1a Fase: 5 unchanged
2026-10-01 18:10:32,843 INFO 2026-2027\RTB PREFERENT\G2\1a Fase\jornada_02.html (partial) -> 2026-2027\rtb-preferent\G2\1a Fase: 5 unchanged
2026-10-01 18:10:32,911 INFO 2026-2027\RTB PREFERENT\G3\1a Fase\jornada_01.html (complete) -> 2026-2027\rtb-preferent\G3\1a Fase: 5 unchanged
2026-10-01 18:10:32,928 INFO 2026-2027\RTB PREFERENT\G3\1a Fase\jornada_02.html (partial) -> 2026-2027\rtb-preferent\G3\1a Fase: 5 unchanged
2026-10-01 18:10:32,995 INFO 2026-2027\RTB PRIMERA\G1\1a Fase\jornada_01.html (complete) -> 2026-2027\rtb-primera\G1\1a Fase: 5 unchanged
2026-10-01 18:10:33,008 INFO 2026-2027\RTB PRIMERA\G1\1a Fase\jornada_02.html (partial) -> 2026-2027\rtb-primera\G1\1a Fase: 5 unchanged
2026-10-01 18:10:33,084 INFO 2026-2027\RTB PRIMERA\G2\1a Fase\jornada_01.html (complete) -> 2026-2027\rtb-primera\G2\1a Fase: 5 unchanged
2026-10-01 18:10:33,099 INFO 2026-2027\RTB PRIMERA\G2\1a Fase\jornada_02.html (partial) -> 2026-2027\rtb-primera\G2\1a Fase: 5 unchanged
2026-10-01 18:10:33,160 INFO 2026-2027\RTB PRIMERA\G3\1a Fase\jornada_01.html (complete) -> 2026-2027\rtb-primera\G3\1a Fase: 5 unchanged
2026-10-01 18:10:33,173 INFO 2026-2027\RTB PRIMERA\G3\1a Fase\jornada_02.html (partial) -> 2026-2027\rtb-primera\G3\1a Fase: 5 unchanged
2026-10-01 18:10:33,230 INFO 2026-2027\RTB SEGONA A\G1\1a Fase\jornada_01.html (complete) -> 2026-2027\rtb-segona-a\G1\1a Fase: 5 unchanged
2026-10-01 18:10:33,243 INFO 2026-2027\RTB SEGONA A\G1\1a Fase\jornada_02.html (partial) -> 2026-2027\rtb-segona-a\G1\1a Fase: 5 unchanged
2026-10-01 18:10:33,302 INFO 2026-2027\RTB SEGONA A\G2\1a Fase\jornada_01.html (complete) -> 2026-2027\rtb-segona-a\G2\1a Fase: 5 unchanged
2026-10-01 18:10:33,317 INFO 2026-2027\RTB SEGONA A\G2\1a Fase\jornada_02.html (partial) -> 2026-2027\rtb-segona-a\G2\1a Fase: 5 unchanged
2026-10-01 18:10:33,381 INFO 2026-2027\RTB SEGONA A\G3\1a Fase\jornada_01.html (complete) -> 2026-2027\rtb-segona-a\G3\1a Fase: 5 unchanged
2026-10-01 18:10:33,396 INFO 2026-2027\RTB SEGONA A\G3\1a Fase\jornada_02.html (partial) -> 2026-2027\rtb-segona-a\G3\1a Fase: 5 unchanged
2026-10-01 18:10:33,462 INFO 2026-2027\RTB SEGONA B\G1\1a Fase\jornada_01.html (complete) -> 2026-2027\rtb-segona-b\G1\1a Fase: 5 unchanged
2026-10-01 18:10:33,476 INFO 2026-2027\RTB SEGONA B\G1\1a Fase\jornada_02.html (partial) -> 2026-2027\rtb-segona-b\G1\1a Fase: 5 unchanged
2026-10-01 18:10:33,532 INFO 2026-2027\RTB SEGONA B\G2\1a Fase\jornada_01.html (complete) -> 2026-2027\rtb-segona-b\G2\1a Fase: 5 unchanged
2026-10-01 18:10:33,544 INFO 2026-2027\RTB SEGONA B\G2\1a Fase\jornada_02.html (partial) -> 2026-2027\rtb-segona-b\G2\1a Fase: 5 unchanged
2026-10-01 18:10:33,636 INFO 2026-2027\RTB SEGONA B\G3\1a Fase\jornada_01.html (complete) -> 2026-2027\rtb-segona-b\G3\1a Fase: 5 unchanged
2026-10-01 18:10:33,657 INFO 2026-2027\RTB SEGONA B\G3\1a Fase\jornada_02.html (partial) -> 2026-2027\rtb-segona-b\G3\1a Fase: 5 unchanged
2026-10-01 18:10:33,758 INFO 2026-2027\RTB TERCERA A\G1\1a Fase\jornada_01.html (complete) -> 2026-2027\rtb-tercera-a\G1\1a Fase: 5 unchanged
2026-10-01 18:10:33,773 INFO 2026-2027\RTB TERCERA A\G1\1a Fase\jornada_02.html (partial) -> 2026-2027\rtb-tercera-a\G1\1a Fase: 5 unchanged
2026-10-01 18:10:33,841 INFO 2026-2027\RTB TERCERA A\G2\1a Fase\jornada_01.html (complete) -> 2026-2027\rtb-tercera-a\G2\1a Fase: 5 unchanged
2026-10-01 18:10:33,855 INFO 2026-2027\RTB TERCERA A\G2\1a Fase\jornada_02.html (partial) -> 2026-2027\rtb-tercera-a\G2\1a Fase: 5 unchanged
2026-10-01 18:10:33,917 INFO 2026-2027\RTB TERCERA A\G3\1a Fase\jornada_01.html (complete) -> 2026-2027\rtb-tercera-a\G3\1a Fase: 5 unchanged
2026-10-01 18:10:33,934 INFO 2026-2027\RTB TERCERA A\G3\1a Fase\jornada_02.html (partial) -> 2026-2027\rtb-tercera-a\G3\1a Fase: 5 unchanged
2026-10-01 18:10:33,978 INFO 2026-2027\RTB TERCERA B\G1\1a Fase\jornada_01.html (complete) -> 2026-2027\rtb-tercera-b\G1\1a Fase: 4 unchanged
2026-10-01 18:10:33,991 INFO 2026-2027\RTB TERCERA B\G1\1a Fase\jornada_02.html (partial) -> 2026-2027\rtb-tercera-b\G1\1a Fase: 4 unchanged
2026-10-01 18:10:34,119 INFO 2026-2027\RTB TERCERA B\G2\1a Fase\jornada_01.html (partial) -> 2026-2027\rtb-tercera-b\G2\1a Fase: 5 unchanged
2026-10-01 18:10:34,141 INFO 2026-2027\RTB TERCERA B\G2\1a Fase\jornada_02.html (partial) -> 2026-2027\rtb-tercera-b\G2\1a Fase: 5 unchanged
2026-10-01 18:10:34,215 INFO 2026-2027\RTB TERCERA B\G3\1a Fase\jornada_01.html (complete) -> 2026-2027\rtb-tercera-b\G3\1a Fase: 5 unchanged
2026-10-01 18:10:34,239 INFO 2026-2027\RTB TERCERA B\G3\1a Fase\jornada_02.html (partial) -> 2026-2027\rtb-tercera-b\G3\1a Fase: 5 unchanged
2026-10-01 18:10:34,341 INFO 2026-2027\RTB VETERANS 1a\G1\1a Fase\jornada_01.html (complete) -> 2026-2027\rtb-veterans-1a\G1\1a Fase: 4 unchanged
2026-10-01 18:10:34,358 INFO 2026-2027\RTB VETERANS 1a\G1\1a Fase\jornada_02.html (partial) -> 2026-2027\rtb-veterans-1a\G1\1a Fase: 4 unchanged
2026-10-01 18:10:34,436 INFO 2026-2027\RTB VETERANS 1a\G2\1a Fase\jornada_01.html (complete) -> 2026-2027\rtb-veterans-1a\G2\1a Fase: 4 unchanged
2026-10-01 18:10:34,450 INFO 2026-2027\RTB VETERANS 1a\G2\1a Fase\jornada_02.html (partial) -> 2026-2027\rtb-veterans-1a\G2\1a Fase: 4 unchanged
2026-10-01 18:10:34,550 INFO 2026-2027\RTB VETERANS 2aA\G1\1a Fase\jornada_01.html (partial) -> 2026-2027\rtb-veterans-2aa\G1\1a Fase: 4 unchanged
2026-10-01 18:10:34,561 INFO 2026-2027\RTB VETERANS 2aA\G1\1a Fase\jornada_02.html (partial) -> 2026-2027\rtb-veterans-2aa\G1\1a Fase: 4 unchanged
2026-10-01 18:10:34,649 INFO 2026-2027\RTB VETERANS 2aA\G2\1a Fase\jornada_01.html (complete) -> 2026-2027\rtb-veterans-2aa\G2\1a Fase: 4 unchanged
2026-10-01 18:10:34,665 INFO 2026-2027\RTB VETERANS 2aA\G2\1a Fase\jornada_02.html (partial) -> 2026-2027\rtb-veterans-2aa\G2\1a Fase: 4 unchanged
2026-10-01 18:10:34,716 INFO 2026-2027\RTB VETERANS 2aB\G1\1a Fase\jornada_01.html (partial) -> 2026-2027\rtb-veterans-2ab\G1\1a Fase: 4 unchanged
2026-10-01 18:10:34,743 INFO 2026-2027\RTB VETERANS 2aB\G1\1a Fase\jornada_02.html (partial) -> 2026-2027\rtb-veterans-2ab\G1\1a Fase: 4 unchanged
2026-10-01 18:10:34,817 INFO 2026-2027\RTB VETERANS 2aB\G2\1a Fase\jornada_01.html (complete) -> 2026-2027\rtb-veterans-2ab\G2\1a Fase: 4 unchanged
2026-10-01 18:10:34,829 INFO 2026-2027\RTB VETERANS 2aB\G2\1a Fase\jornada_02.html (partial) -> 2026-2027\rtb-veterans-2ab\G2\1a Fase: 4 unchanged
2026-10-01 18:10:34,896 INFO 2026-2027\RTB VETERANS 3a A\G1\1a Fase\jornada_01.html (complete) -> 2026-2027\rtb-veterans-3a-a\G1\1a Fase: 4 unchanged
2026-10-01 18:10:34,911 INFO 2026-2027\RTB VETERANS 3a A\G1\1a Fase\jornada_02.html (partial) -> 2026-2027\rtb-veterans-3a-a\G1\1a Fase: 4 unchanged
2026-10-01 18:10:34,956 INFO 2026-2027\RTB VETERANS 3a A\G2\1a Fase\jornada_01.html (partial) -> 2026-2027\rtb-veterans-3a-a\G2\1a Fase: 4 unchanged
2026-10-01 18:10:34,969 INFO 2026-2027\RTB VETERANS 3a A\G2\1a Fase\jornada_02.html (partial) -> 2026-2027\rtb-veterans-3a-a\G2\1a Fase: 4 unchanged
2026-10-01 18:10:35,007 INFO 2026-2027\RTB VETERANS 3a B\G1\1a Fase\jornada_01.html (partial) -> 2026-2027\rtb-veterans-3a-b\G1\1a Fase: 4 unchanged
2026-10-01 18:10:35,019 INFO 2026-2027\RTB VETERANS 3a B\G1\1a Fase\jornada_02.html (partial) -> 2026-2027\rtb-veterans-3a-b\G1\1a Fase: 4 unchanged
2026-10-01 18:10:35,083 INFO 2026-2027\RTB VETERANS 3a B\G2\1a Fase\jornada_01.html (complete) -> 2026-2027\rtb-veterans-3a-b\G2\1a Fase: 4 unchanged
2026-10-01 18:10:35,099 INFO 2026-2027\RTB VETERANS 3a B\G2\1a Fase\jornada_02.html (partial) -> 2026-2027\rtb-veterans-3a-b\G2\1a Fase: 4 unchanged
2026-10-01 18:10:35,148 INFO 2026-2027\RTB VETERANS 4a A\G1\1a Fase\jornada_01.html (partial) -> 2026-2027\rtb-veterans-4a-a\G1\1a Fase: 4 unchanged
2026-10-01 18:10:35,159 INFO 2026-2027\RTB VETERANS 4a A\G1\1a Fase\jornada_02.html (partial) -> 2026-2027\rtb-veterans-4a-a\G1\1a Fase: 4 unchanged
2026-10-01 18:10:35,209 INFO 2026-2027\RTB VETERANS 4a A\G2\1a Fase\jornada_01.html (complete) -> 2026-2027\rtb-veterans-4a-a\G2\1a Fase: 4 unchanged
2026-10-01 18:10:35,220 INFO 2026-2027\RTB VETERANS 4a A\G2\1a Fase\jornada_02.html (partial) -> 2026-2027\rtb-veterans-4a-a\G2\1a Fase: 4 unchanged
2026-10-01 18:10:35,275 INFO 2026-2027\RTB VETERANS 4a B\G1\1a Fase\jornada_01.html (complete) -> 2026-2027\rtb-veterans-4a-b\G1\1a Fase: 4 unchanged
2026-10-01 18:10:35,286 INFO 2026-2027\RTB VETERANS 4a B\G1\1a Fase\jornada_02.html (partial) -> 2026-2027\rtb-veterans-4a-b\G1\1a Fase: 4 unchanged
2026-10-01 18:10:35,334 INFO 2026-2027\RTB VETERANS 4a B\G2\1a Fase\jornada_01.html (complete) -> 2026-2027\rtb-veterans-4a-b\G2\1a Fase: 4 unchanged
2026-10-01 18:10:35,346 INFO 2026-2027\RTB VETERANS 4a B\G2\1a Fase\jornada_02.html (partial) -> 2026-2027\rtb-veterans-4a-b\G2\1a Fase: 4 unchanged
2026-10-01 18:10:35,393 INFO 2026-2027\RTB VETERANS 4a C\G1\1a Fase\jornada_01.html (complete) -> 2026-2027\rtb-veterans-4a-c\G1\1a Fase: 4 unchanged
2026-10-01 18:10:35,403 INFO 2026-2027\RTB VETERANS 4a C\G1\1a Fase\jornada_02.html (partial) -> 2026-2027\rtb-veterans-4a-c\G1\1a Fase: 4 unchanged
2026-10-01 18:10:35,457 INFO 2026-2027\RTB VETERANS 4a C\G2\1a Fase\jornada_01.html (complete) -> 2026-2027\rtb-veterans-4a-c\G2\1a Fase: 4 unchanged
2026-10-01 18:10:35,468 INFO 2026-2027\RTB VETERANS 4a C\G2\1a Fase\jornada_02.html (partial) -> 2026-2027\rtb-veterans-4a-c\G2\1a Fase: 4 unchanged
2026-10-01 18:10:35,528 INFO 2026-2027\RTB VETERANS 4a C\G3\1a Fase\jornada_01.html (complete) -> 2026-2027\rtb-veterans-4a-c\G3\1a Fase: 4 unchanged
2026-10-01 18:10:35,542 INFO 2026-2027\RTB VETERANS 4a C\G3\1a Fase\jornada_02.html (partial) -> 2026-2027\rtb-veterans-4a-c\G3\1a Fase: 4 unchanged
2026-10-01 18:10:35,542 INFO Summary: 80 jornadas parsed, 182 matches not published, 169 matches published, 351 matches unchanged
2026-10-01 18:11:46,823 INFO Parsing 80 jornada file(s) for season 2026-2027 (force=False)
2026-10-01 18:11:46,887 INFO 2026-2027\RTB 1a COMARCAL\G1\1a Fase\jornada_01.html (complete) -> 2026-2027\rtb-1a-comarcal\G1\1a Fase: 4 new
2026-10-01 18:11:46,902 INFO 2026-2027\RTB 1a COMARCAL\G1\1a Fase\jornada_02.html (partial) -> 2026-2027\rtb-1a-comarcal\G1\1a Fase: 4 new
2026-10-01 18:11:46,962 INFO 2026-2027\RTB 1a COMARCAL\G2\1a Fase\jornada_01.html (complete) -> 2026-2027\rtb-1a-comarcal\G2\1a Fase: 4 new
2026-10-01 18:11:46,978 INFO 2026-2027\RTB 1a COMARCAL\G2\1a Fase\jornada_02.html (partial) -> 2026-2027\rtb-1a-comarcal\G2\1a Fase: 4 new
2026-10-01 18:11:47,034 INFO 2026-2027\RTB 1a COMARCAL\G3\1a Fase\jornada_01.html (complete) -> 2026-2027\rtb-1a-comarcal\G3\1a Fase: 4 new
2026-10-01 18:11:47,050 INFO 2026-2027\RTB 1a COMARCAL\G3\1a Fase\jornada_02.html (partial) -> 2026-2027\rtb-1a-comarcal\G3\1a Fase: 4 new
2026-10-01 18:11:47,093 INFO 2026-2027\RTB 2a COMARCAL\G1\1a Fase\jornada_01.html (complete) -> 2026-2027\rtb-2a-comarcal\G1\1a Fase: 3 new
2026-10-01 18:11:47,105 INFO 2026-2027\RTB 2a COMARCAL\G1\1a Fase\jornada_02.html (partial) -> 2026-2027\rtb-2a-comarcal\G1\1a Fase: 3 new
2026-10-01 18:11:47,160 INFO 2026-2027\RTB 2a COMARCAL\G2\1a Fase\jornada_01.html (complete) -> 2026-2027\rtb-2a-comarcal\G2\1a Fase: 4 new
2026-10-01 18:11:47,172 INFO 2026-2027\RTB 2a COMARCAL\G2\1a Fase\jornada_02.html (partial) -> 2026-2027\rtb-2a-comarcal\G2\1a Fase: 3 new
2026-10-01 18:11:47,239 INFO 2026-2027\RTB PREFERENT\G1\1a Fase\jornada_01.html (complete) -> 2026-2027\rtb-preferent\G1\1a Fase: 5 new
2026-10-01 18:11:47,259 INFO 2026-2027\RTB PREFERENT\G1\1a Fase\jornada_02.html (partial) -> 2026-2027\rtb-preferent\G1\1a Fase: 5 new
2026-10-01 18:11:47,325 INFO 2026-2027\RTB PREFERENT\G2\1a Fase\jornada_01.html (complete) -> 2026-2027\rtb-preferent\G2\1a Fase: 5 new
2026-10-01 18:11:47,344 INFO 2026-2027\RTB PREFERENT\G2\1a Fase\jornada_02.html (partial) -> 2026-2027\rtb-preferent\G2\1a Fase: 5 new
2026-10-01 18:11:47,424 INFO 2026-2027\RTB PREFERENT\G3\1a Fase\jornada_01.html (complete) -> 2026-2027\rtb-preferent\G3\1a Fase: 5 new
2026-10-01 18:11:47,443 INFO 2026-2027\RTB PREFERENT\G3\1a Fase\jornada_02.html (partial) -> 2026-2027\rtb-preferent\G3\1a Fase: 5 new
2026-10-01 18:11:47,513 INFO 2026-2027\RTB PRIMERA\G1\1a Fase\jornada_01.html (complete) -> 2026-2027\rtb-primera\G1\1a Fase: 5 new
2026-10-01 18:11:47,532 INFO 2026-2027\RTB PRIMERA\G1\1a Fase\jornada_02.html (partial) -> 2026-2027\rtb-primera\G1\1a Fase: 5 new
2026-10-01 18:11:47,600 INFO 2026-2027\RTB PRIMERA\G2\1a Fase\jornada_01.html (complete) -> 2026-2027\rtb-primera\G2\1a Fase: 5 new
2026-10-01 18:11:47,619 INFO 2026-2027\RTB PRIMERA\G2\1a Fase\jornada_02.html (partial) -> 2026-2027\rtb-primera\G2\1a Fase: 5 new
2026-10-01 18:11:47,692 INFO 2026-2027\RTB PRIMERA\G3\1a Fase\jornada_01.html (complete) -> 2026-2027\rtb-primera\G3\1a Fase: 5 new
2026-10-01 18:11:47,713 INFO 2026-2027\RTB PRIMERA\G3\1a Fase\jornada_02.html (partial) -> 2026-2027\rtb-primera\G3\1a Fase: 5 new
2026-10-01 18:11:47,778 INFO 2026-2027\RTB SEGONA A\G1\1a Fase\jornada_01.html (complete) -> 2026-2027\rtb-segona-a\G1\1a Fase: 5 new
2026-10-01 18:11:47,796 INFO 2026-2027\RTB SEGONA A\G1\1a Fase\jornada_02.html (partial) -> 2026-2027\rtb-segona-a\G1\1a Fase: 5 new
2026-10-01 18:11:47,860 INFO 2026-2027\RTB SEGONA A\G2\1a Fase\jornada_01.html (complete) -> 2026-2027\rtb-segona-a\G2\1a Fase: 5 new
2026-10-01 18:11:47,880 INFO 2026-2027\RTB SEGONA A\G2\1a Fase\jornada_02.html (partial) -> 2026-2027\rtb-segona-a\G2\1a Fase: 5 new
2026-10-01 18:11:47,957 INFO 2026-2027\RTB SEGONA A\G3\1a Fase\jornada_01.html (complete) -> 2026-2027\rtb-segona-a\G3\1a Fase: 5 new
2026-10-01 18:11:47,976 INFO 2026-2027\RTB SEGONA A\G3\1a Fase\jornada_02.html (partial) -> 2026-2027\rtb-segona-a\G3\1a Fase: 5 new
2026-10-01 18:11:48,040 INFO 2026-2027\RTB SEGONA B\G1\1a Fase\jornada_01.html (complete) -> 2026-2027\rtb-segona-b\G1\1a Fase: 5 new
2026-10-01 18:11:48,059 INFO 2026-2027\RTB SEGONA B\G1\1a Fase\jornada_02.html (partial) -> 2026-2027\rtb-segona-b\G1\1a Fase: 5 new
2026-10-01 18:11:48,121 INFO 2026-2027\RTB SEGONA B\G2\1a Fase\jornada_01.html (complete) -> 2026-2027\rtb-segona-b\G2\1a Fase: 5 new
2026-10-01 18:11:48,140 INFO 2026-2027\RTB SEGONA B\G2\1a Fase\jornada_02.html (partial) -> 2026-2027\rtb-segona-b\G2\1a Fase: 5 new
2026-10-01 18:11:48,212 INFO 2026-2027\RTB SEGONA B\G3\1a Fase\jornada_01.html (complete) -> 2026-2027\rtb-segona-b\G3\1a Fase: 5 new
2026-10-01 18:11:48,232 INFO 2026-2027\RTB SEGONA B\G3\1a Fase\jornada_02.html (partial) -> 2026-2027\rtb-segona-b\G3\1a Fase: 5 new
2026-10-01 18:11:48,304 INFO 2026-2027\RTB TERCERA A\G1\1a Fase\jornada_01.html (complete) -> 2026-2027\rtb-tercera-a\G1\1a Fase: 5 new
2026-10-01 18:11:48,322 INFO 2026-2027\RTB TERCERA A\G1\1a Fase\jornada_02.html (partial) -> 2026-2027\rtb-tercera-a\G1\1a Fase: 5 new
2026-10-01 18:11:48,388 INFO 2026-2027\RTB TERCERA A\G2\1a Fase\jornada_01.html (complete) -> 2026-2027\rtb-tercera-a\G2\1a Fase: 5 new
2026-10-01 18:11:48,407 INFO 2026-2027\RTB TERCERA A\G2\1a Fase\jornada_02.html (partial) -> 2026-2027\rtb-tercera-a\G2\1a Fase: 5 new
2026-10-01 18:11:48,475 INFO 2026-2027\RTB TERCERA A\G3\1a Fase\jornada_01.html (complete) -> 2026-2027\rtb-tercera-a\G3\1a Fase: 5 new
2026-10-01 18:11:48,495 INFO 2026-2027\RTB TERCERA A\G3\1a Fase\jornada_02.html (partial) -> 2026-2027\rtb-tercera-a\G3\1a Fase: 5 new
2026-10-01 18:11:48,545 INFO 2026-2027\RTB TERCERA B\G1\1a Fase\jornada_01.html (complete) -> 2026-2027\rtb-tercera-b\G1\1a Fase: 4 new
2026-10-01 18:11:48,561 INFO 2026-2027\RTB TERCERA B\G1\1a Fase\jornada_02.html (partial) -> 2026-2027\rtb-tercera-b\G1\1a Fase: 4 new
2026-10-01 18:11:48,625 INFO 2026-2027\RTB TERCERA B\G2\1a Fase\jornada_01.html (partial) -> 2026-2027\rtb-tercera-b\G2\1a Fase: 5 new
2026-10-01 18:11:48,645 INFO 2026-2027\RTB TERCERA B\G2\1a Fase\jornada_02.html (partial) -> 2026-2027\rtb-tercera-b\G2\1a Fase: 5 new
2026-10-01 18:11:48,720 INFO 2026-2027\RTB TERCERA B\G3\1a Fase\jornada_01.html (complete) -> 2026-2027\rtb-tercera-b\G3\1a Fase: 5 new
2026-10-01 18:11:48,740 INFO 2026-2027\RTB TERCERA B\G3\1a Fase\jornada_02.html (partial) -> 2026-2027\rtb-tercera-b\G3\1a Fase: 5 new
2026-10-01 18:11:48,790 INFO 2026-2027\RTB VETERANS 1a\G1\1a Fase\jornada_01.html (complete) -> 2026-2027\rtb-veterans-1a\G1\1a Fase: 4 new
2026-10-01 18:11:48,805 INFO 2026-2027\RTB VETERANS 1a\G1\1a Fase\jornada_02.html (partial) -> 2026-2027\rtb-veterans-1a\G1\1a Fase: 4 new
2026-10-01 18:11:48,855 INFO 2026-2027\RTB VETERANS 1a\G2\1a Fase\jornada_01.html (complete) -> 2026-2027\rtb-veterans-1a\G2\1a Fase: 4 new
2026-10-01 18:11:48,870 INFO 2026-2027\RTB VETERANS 1a\G2\1a Fase\jornada_02.html (partial) -> 2026-2027\rtb-veterans-1a\G2\1a Fase: 4 new
2026-10-01 18:11:48,915 INFO 2026-2027\RTB VETERANS 2aA\G1\1a Fase\jornada_01.html (partial) -> 2026-2027\rtb-veterans-2aa\G1\1a Fase: 4 new
2026-10-01 18:11:48,932 INFO 2026-2027\RTB VETERANS 2aA\G1\1a Fase\jornada_02.html (partial) -> 2026-2027\rtb-veterans-2aa\G1\1a Fase: 4 new
2026-10-01 18:11:48,987 INFO 2026-2027\RTB VETERANS 2aA\G2\1a Fase\jornada_01.html (complete) -> 2026-2027\rtb-veterans-2aa\G2\1a Fase: 4 new
2026-10-01 18:11:49,003 INFO 2026-2027\RTB VETERANS 2aA\G2\1a Fase\jornada_02.html (partial) -> 2026-2027\rtb-veterans-2aa\G2\1a Fase: 4 new
2026-10-01 18:11:49,041 INFO 2026-2027\RTB VETERANS 2aB\G1\1a Fase\jornada_01.html (partial) -> 2026-2027\rtb-veterans-2ab\G1\1a Fase: 4 new
2026-10-01 18:11:49,059 INFO 2026-2027\RTB VETERANS 2aB\G1\1a Fase\jornada_02.html (partial) -> 2026-2027\rtb-veterans-2ab\G1\1a Fase: 4 new
2026-10-01 18:11:49,113 INFO 2026-2027\RTB VETERANS 2aB\G2\1a Fase\jornada_01.html (complete) -> 2026-2027\rtb-veterans-2ab\G2\1a Fase: 4 new
2026-10-01 18:11:49,128 INFO 2026-2027\RTB VETERANS 2aB\G2\1a Fase\jornada_02.html (partial) -> 2026-2027\rtb-veterans-2ab\G2\1a Fase: 4 new
2026-10-01 18:11:49,187 INFO 2026-2027\RTB VETERANS 3a A\G1\1a Fase\jornada_01.html (complete) -> 2026-2027\rtb-veterans-3a-a\G1\1a Fase: 4 new
2026-10-01 18:11:49,203 INFO 2026-2027\RTB VETERANS 3a A\G1\1a Fase\jornada_02.html (partial) -> 2026-2027\rtb-veterans-3a-a\G1\1a Fase: 4 new
2026-10-01 18:11:49,246 INFO 2026-2027\RTB VETERANS 3a A\G2\1a Fase\jornada_01.html (partial) -> 2026-2027\rtb-veterans-3a-a\G2\1a Fase: 4 new
2026-10-01 18:11:49,261 INFO 2026-2027\RTB VETERANS 3a A\G2\1a Fase\jornada_02.html (partial) -> 2026-2027\rtb-veterans-3a-a\G2\1a Fase: 4 new
2026-10-01 18:11:49,305 INFO 2026-2027\RTB VETERANS 3a B\G1\1a Fase\jornada_01.html (partial) -> 2026-2027\rtb-veterans-3a-b\G1\1a Fase: 4 new
2026-10-01 18:11:49,322 INFO 2026-2027\RTB VETERANS 3a B\G1\1a Fase\jornada_02.html (partial) -> 2026-2027\rtb-veterans-3a-b\G1\1a Fase: 4 new
2026-10-01 18:11:49,375 INFO 2026-2027\RTB VETERANS 3a B\G2\1a Fase\jornada_01.html (complete) -> 2026-2027\rtb-veterans-3a-b\G2\1a Fase: 4 new
2026-10-01 18:11:49,391 INFO 2026-2027\RTB VETERANS 3a B\G2\1a Fase\jornada_02.html (partial) -> 2026-2027\rtb-veterans-3a-b\G2\1a Fase: 4 new
2026-10-01 18:11:49,445 INFO 2026-2027\RTB VETERANS 4a A\G1\1a Fase\jornada_01.html (partial) -> 2026-2027\rtb-veterans-4a-a\G1\1a Fase: 4 new
2026-10-01 18:11:49,462 INFO 2026-2027\RTB VETERANS 4a A\G1\1a Fase\jornada_02.html (partial) -> 2026-2027\rtb-veterans-4a-a\G1\1a Fase: 4 new
2026-10-01 18:11:49,513 INFO 2026-2027\RTB VETERANS 4a A\G2\1a Fase\jornada_01.html (complete) -> 2026-2027\rtb-veterans-4a-a\G2\1a Fase: 4 new
2026-10-01 18:11:49,528 INFO 2026-2027\RTB VETERANS 4a A\G2\1a Fase\jornada_02.html (partial) -> 2026-2027\rtb-veterans-4a-a\G2\1a Fase: 4 new
2026-10-01 18:11:49,583 INFO 2026-2027\RTB VETERANS 4a B\G1\1a Fase\jornada_01.html (complete) -> 2026-2027\rtb-veterans-4a-b\G1\1a Fase: 4 new
2026-10-01 18:11:49,599 INFO 2026-2027\RTB VETERANS 4a B\G1\1a Fase\jornada_02.html (partial) -> 2026-2027\rtb-veterans-4a-b\G1\1a Fase: 4 new
2026-10-01 18:11:49,655 INFO 2026-2027\RTB VETERANS 4a B\G2\1a Fase\jornada_01.html (complete) -> 2026-2027\rtb-veterans-4a-b\G2\1a Fase: 4 new
2026-10-01 18:11:49,672 INFO 2026-2027\RTB VETERANS 4a B\G2\1a Fase\jornada_02.html (partial) -> 2026-2027\rtb-veterans-4a-b\G2\1a Fase: 4 new
2026-10-01 18:11:49,726 INFO 2026-2027\RTB VETERANS 4a C\G1\1a Fase\jornada_01.html (complete) -> 2026-2027\rtb-veterans-4a-c\G1\1a Fase: 4 new
2026-10-01 18:11:49,742 INFO 2026-2027\RTB VETERANS 4a C\G1\1a Fase\jornada_02.html (partial) -> 2026-2027\rtb-veterans-4a-c\G1\1a Fase: 4 new
2026-10-01 18:11:49,796 INFO 2026-2027\RTB VETERANS 4a C\G2\1a Fase\jornada_01.html (complete) -> 2026-2027\rtb-veterans-4a-c\G2\1a Fase: 4 new
2026-10-01 18:11:49,813 INFO 2026-2027\RTB VETERANS 4a C\G2\1a Fase\jornada_02.html (partial) -> 2026-2027\rtb-veterans-4a-c\G2\1a Fase: 4 new
2026-10-01 18:11:49,875 INFO 2026-2027\RTB VETERANS 4a C\G3\1a Fase\jornada_01.html (complete) -> 2026-2027\rtb-veterans-4a-c\G3\1a Fase: 4 new
2026-10-01 18:11:49,891 INFO 2026-2027\RTB VETERANS 4a C\G3\1a Fase\jornada_02.html (partial) -> 2026-2027\rtb-veterans-4a-c\G3\1a Fase: 4 new
2026-10-01 18:11:49,891 INFO Summary: 80 jornadas parsed, 351 matches new, 182 matches not published, 169 matches published
2026-10-02 00:14:44,351 INFO Parsing 18 jornada file(s) for season 2026-2027 (force=False)
2026-10-02 00:14:44,435 INFO 2026-2027\RTB PREFERENT\G1\1a Fase\jornada_01.html (complete) -> 2026-2027\rtb-preferent\G1\1a Fase: 5 new
2026-10-02 00:14:44,460 INFO 2026-2027\RTB PREFERENT\G1\1a Fase\jornada_02.html (partial) -> 2026-2027\rtb-preferent\G1\1a Fase: 5 new
2026-10-02 00:14:44,486 INFO 2026-2027\RTB PREFERENT\G1\1a Fase\jornada_03.html (partial) -> 2026-2027\rtb-preferent\G1\1a Fase: 5 new
2026-10-02 00:14:44,512 INFO 2026-2027\RTB PREFERENT\G1\1a Fase\jornada_04.html (partial) -> 2026-2027\rtb-preferent\G1\1a Fase: 5 new
2026-10-02 00:14:44,538 INFO 2026-2027\RTB PREFERENT\G1\1a Fase\jornada_05.html (partial) -> 2026-2027\rtb-preferent\G1\1a Fase: 5 new
2026-10-02 00:14:44,569 INFO 2026-2027\RTB PREFERENT\G1\1a Fase\jornada_06.html (partial) -> 2026-2027\rtb-preferent\G1\1a Fase: 5 new
2026-10-02 00:14:44,593 INFO 2026-2027\RTB PREFERENT\G1\1a Fase\jornada_07.html (partial) -> 2026-2027\rtb-preferent\G1\1a Fase: 5 new
2026-10-02 00:14:44,619 INFO 2026-2027\RTB PREFERENT\G1\1a Fase\jornada_08.html (partial) -> 2026-2027\rtb-preferent\G1\1a Fase: 5 new
2026-10-02 00:14:44,644 INFO 2026-2027\RTB PREFERENT\G1\1a Fase\jornada_09.html (partial) -> 2026-2027\rtb-preferent\G1\1a Fase: 5 new
2026-10-02 00:14:44,670 INFO 2026-2027\RTB PREFERENT\G1\1a Fase\jornada_10.html (partial) -> 2026-2027\rtb-preferent\G1\1a Fase: 5 new
2026-10-02 00:14:44,694 INFO 2026-2027\RTB PREFERENT\G1\1a Fase\jornada_11.html (partial) -> 2026-2027\rtb-preferent\G1\1a Fase: 5 new
2026-10-02 00:14:44,719 INFO 2026-2027\RTB PREFERENT\G1\1a Fase\jornada_12.html (partial) -> 2026-2027\rtb-preferent\G1\1a Fase: 5 new
2026-10-02 00:14:44,743 INFO 2026-2027\RTB PREFERENT\G1\1a Fase\jornada_13.html (partial) -> 2026-2027\rtb-preferent\G1\1a Fase: 5 new
2026-10-02 00:14:44,769 INFO 2026-2027\RTB PREFERENT\G1\1a Fase\jornada_14.html (partial) -> 2026-2027\rtb-preferent\G1\1a Fase: 5 new
2026-10-02 00:14:44,794 INFO 2026-2027\RTB PREFERENT\G1\1a Fase\jornada_15.html (partial) -> 2026-2027\rtb-preferent\G1\1a Fase: 5 new
2026-10-02 00:14:44,818 INFO 2026-2027\RTB PREFERENT\G1\1a Fase\jornada_16.html (partial) -> 2026-2027\rtb-preferent\G1\1a Fase: 5 new
2026-10-02 00:14:44,844 INFO 2026-2027\RTB PREFERENT\G1\1a Fase\jornada_17.html (partial) -> 2026-2027\rtb-preferent\G1\1a Fase: 5 new
2026-10-02 00:14:44,873 INFO 2026-2027\RTB PREFERENT\G1\1a Fase\jornada_18.html (partial) -> 2026-2027\rtb-preferent\G1\1a Fase: 5 new
2026-10-02 00:14:44,873 INFO Summary: 18 jornadas parsed, 90 matches new, 85 matches not published, 5 matches published
2026-10-02 00:47:31,428 INFO Parsing 652 jornada file(s) for season 2026-2027 (force=False)
2026-10-02 00:47:31,494 INFO 2026-2027\RTB 1a COMARCAL\G1\1a Fase\jornada_01.html (complete) -> 2026-2027\rtb-1a-comarcal\G1\1a Fase: 4 new
2026-10-02 00:47:31,509 INFO 2026-2027\RTB 1a COMARCAL\G1\1a Fase\jornada_02.html (partial) -> 2026-2027\rtb-1a-comarcal\G1\1a Fase: 4 new
2026-10-02 00:47:31,525 INFO 2026-2027\RTB 1a COMARCAL\G1\1a Fase\jornada_03.html (partial) -> 2026-2027\rtb-1a-comarcal\G1\1a Fase: 4 new
2026-10-02 00:47:31,540 INFO 2026-2027\RTB 1a COMARCAL\G1\1a Fase\jornada_04.html (partial) -> 2026-2027\rtb-1a-comarcal\G1\1a Fase: 4 new
2026-10-02 00:47:31,555 INFO 2026-2027\RTB 1a COMARCAL\G1\1a Fase\jornada_05.html (partial) -> 2026-2027\rtb-1a-comarcal\G1\1a Fase: 4 new
2026-10-02 00:47:31,571 INFO 2026-2027\RTB 1a COMARCAL\G1\1a Fase\jornada_06.html (partial) -> 2026-2027\rtb-1a-comarcal\G1\1a Fase: 4 new
2026-10-02 00:47:31,587 INFO 2026-2027\RTB 1a COMARCAL\G1\1a Fase\jornada_07.html (partial) -> 2026-2027\rtb-1a-comarcal\G1\1a Fase: 4 new
2026-10-02 00:47:31,602 INFO 2026-2027\RTB 1a COMARCAL\G1\1a Fase\jornada_08.html (partial) -> 2026-2027\rtb-1a-comarcal\G1\1a Fase: 4 new
2026-10-02 00:47:31,618 INFO 2026-2027\RTB 1a COMARCAL\G1\1a Fase\jornada_09.html (partial) -> 2026-2027\rtb-1a-comarcal\G1\1a Fase: 4 new
2026-10-02 00:47:31,634 INFO 2026-2027\RTB 1a COMARCAL\G1\1a Fase\jornada_10.html (partial) -> 2026-2027\rtb-1a-comarcal\G1\1a Fase: 4 new
2026-10-02 00:47:31,651 INFO 2026-2027\RTB 1a COMARCAL\G1\1a Fase\jornada_11.html (partial) -> 2026-2027\rtb-1a-comarcal\G1\1a Fase: 4 new
2026-10-02 00:47:31,666 INFO 2026-2027\RTB 1a COMARCAL\G1\1a Fase\jornada_12.html (partial) -> 2026-2027\rtb-1a-comarcal\G1\1a Fase: 4 new
2026-10-02 00:47:31,682 INFO 2026-2027\RTB 1a COMARCAL\G1\1a Fase\jornada_13.html (partial) -> 2026-2027\rtb-1a-comarcal\G1\1a Fase: 4 new
2026-10-02 00:47:31,697 INFO 2026-2027\RTB 1a COMARCAL\G1\1a Fase\jornada_14.html (partial) -> 2026-2027\rtb-1a-comarcal\G1\1a Fase: 4 new
2026-10-02 00:47:31,714 INFO 2026-2027\RTB 1a COMARCAL\G1\1a Fase\jornada_15.html (partial) -> 2026-2027\rtb-1a-comarcal\G1\1a Fase: 4 new
2026-10-02 00:47:31,731 INFO 2026-2027\RTB 1a COMARCAL\G1\1a Fase\jornada_16.html (partial) -> 2026-2027\rtb-1a-comarcal\G1\1a Fase: 4 new
2026-10-02 00:47:31,746 INFO 2026-2027\RTB 1a COMARCAL\G1\1a Fase\jornada_17.html (partial) -> 2026-2027\rtb-1a-comarcal\G1\1a Fase: 4 new
2026-10-02 00:47:31,762 INFO 2026-2027\RTB 1a COMARCAL\G1\1a Fase\jornada_18.html (partial) -> 2026-2027\rtb-1a-comarcal\G1\1a Fase: 4 new
2026-10-02 00:47:31,821 INFO 2026-2027\RTB 1a COMARCAL\G2\1a Fase\jornada_01.html (complete) -> 2026-2027\rtb-1a-comarcal\G2\1a Fase: 4 new
2026-10-02 00:47:31,837 INFO 2026-2027\RTB 1a COMARCAL\G2\1a Fase\jornada_02.html (partial) -> 2026-2027\rtb-1a-comarcal\G2\1a Fase: 4 new
2026-10-02 00:47:31,854 INFO 2026-2027\RTB 1a COMARCAL\G2\1a Fase\jornada_03.html (partial) -> 2026-2027\rtb-1a-comarcal\G2\1a Fase: 4 new
2026-10-02 00:47:31,872 INFO 2026-2027\RTB 1a COMARCAL\G2\1a Fase\jornada_04.html (partial) -> 2026-2027\rtb-1a-comarcal\G2\1a Fase: 4 new
2026-10-02 00:47:31,892 INFO 2026-2027\RTB 1a COMARCAL\G2\1a Fase\jornada_05.html (partial) -> 2026-2027\rtb-1a-comarcal\G2\1a Fase: 4 new
2026-10-02 00:47:31,910 INFO 2026-2027\RTB 1a COMARCAL\G2\1a Fase\jornada_06.html (partial) -> 2026-2027\rtb-1a-comarcal\G2\1a Fase: 4 new
2026-10-02 00:47:31,926 INFO 2026-2027\RTB 1a COMARCAL\G2\1a Fase\jornada_07.html (partial) -> 2026-2027\rtb-1a-comarcal\G2\1a Fase: 4 new
2026-10-02 00:47:31,942 INFO 2026-2027\RTB 1a COMARCAL\G2\1a Fase\jornada_08.html (partial) -> 2026-2027\rtb-1a-comarcal\G2\1a Fase: 4 new
2026-10-02 00:47:31,959 INFO 2026-2027\RTB 1a COMARCAL\G2\1a Fase\jornada_09.html (partial) -> 2026-2027\rtb-1a-comarcal\G2\1a Fase: 4 new
2026-10-02 00:47:31,975 INFO 2026-2027\RTB 1a COMARCAL\G2\1a Fase\jornada_10.html (partial) -> 2026-2027\rtb-1a-comarcal\G2\1a Fase: 4 new
2026-10-02 00:47:31,990 INFO 2026-2027\RTB 1a COMARCAL\G2\1a Fase\jornada_11.html (partial) -> 2026-2027\rtb-1a-comarcal\G2\1a Fase: 4 new
2026-10-02 00:47:32,006 INFO 2026-2027\RTB 1a COMARCAL\G2\1a Fase\jornada_12.html (partial) -> 2026-2027\rtb-1a-comarcal\G2\1a Fase: 4 new
2026-10-02 00:47:32,022 INFO 2026-2027\RTB 1a COMARCAL\G2\1a Fase\jornada_13.html (partial) -> 2026-2027\rtb-1a-comarcal\G2\1a Fase: 4 new
2026-10-02 00:47:32,044 INFO 2026-2027\RTB 1a COMARCAL\G2\1a Fase\jornada_14.html (partial) -> 2026-2027\rtb-1a-comarcal\G2\1a Fase: 4 new
2026-10-02 00:47:32,061 INFO 2026-2027\RTB 1a COMARCAL\G2\1a Fase\jornada_15.html (partial) -> 2026-2027\rtb-1a-comarcal\G2\1a Fase: 4 new
2026-10-02 00:47:32,079 INFO 2026-2027\RTB 1a COMARCAL\G2\1a Fase\jornada_16.html (partial) -> 2026-2027\rtb-1a-comarcal\G2\1a Fase: 4 new
2026-10-02 00:47:32,099 INFO 2026-2027\RTB 1a COMARCAL\G2\1a Fase\jornada_17.html (partial) -> 2026-2027\rtb-1a-comarcal\G2\1a Fase: 4 new
2026-10-02 00:47:32,116 INFO 2026-2027\RTB 1a COMARCAL\G2\1a Fase\jornada_18.html (partial) -> 2026-2027\rtb-1a-comarcal\G2\1a Fase: 4 new
2026-10-02 00:47:32,177 INFO 2026-2027\RTB 1a COMARCAL\G3\1a Fase\jornada_01.html (complete) -> 2026-2027\rtb-1a-comarcal\G3\1a Fase: 4 new
2026-10-02 00:47:32,193 INFO 2026-2027\RTB 1a COMARCAL\G3\1a Fase\jornada_02.html (partial) -> 2026-2027\rtb-1a-comarcal\G3\1a Fase: 4 new
2026-10-02 00:47:32,212 INFO 2026-2027\RTB 1a COMARCAL\G3\1a Fase\jornada_03.html (partial) -> 2026-2027\rtb-1a-comarcal\G3\1a Fase: 4 new
2026-10-02 00:47:32,233 INFO 2026-2027\RTB 1a COMARCAL\G3\1a Fase\jornada_04.html (partial) -> 2026-2027\rtb-1a-comarcal\G3\1a Fase: 4 new
2026-10-02 00:47:32,249 INFO 2026-2027\RTB 1a COMARCAL\G3\1a Fase\jornada_05.html (partial) -> 2026-2027\rtb-1a-comarcal\G3\1a Fase: 4 new
2026-10-02 00:47:32,269 INFO 2026-2027\RTB 1a COMARCAL\G3\1a Fase\jornada_06.html (partial) -> 2026-2027\rtb-1a-comarcal\G3\1a Fase: 4 new
2026-10-02 00:47:32,288 INFO 2026-2027\RTB 1a COMARCAL\G3\1a Fase\jornada_07.html (partial) -> 2026-2027\rtb-1a-comarcal\G3\1a Fase: 4 new
2026-10-02 00:47:32,306 INFO 2026-2027\RTB 1a COMARCAL\G3\1a Fase\jornada_08.html (partial) -> 2026-2027\rtb-1a-comarcal\G3\1a Fase: 4 new
2026-10-02 00:47:32,327 INFO 2026-2027\RTB 1a COMARCAL\G3\1a Fase\jornada_09.html (partial) -> 2026-2027\rtb-1a-comarcal\G3\1a Fase: 4 new
2026-10-02 00:47:32,345 INFO 2026-2027\RTB 1a COMARCAL\G3\1a Fase\jornada_10.html (partial) -> 2026-2027\rtb-1a-comarcal\G3\1a Fase: 4 new
2026-10-02 00:47:32,362 INFO 2026-2027\RTB 1a COMARCAL\G3\1a Fase\jornada_11.html (partial) -> 2026-2027\rtb-1a-comarcal\G3\1a Fase: 4 new
2026-10-02 00:47:32,379 INFO 2026-2027\RTB 1a COMARCAL\G3\1a Fase\jornada_12.html (partial) -> 2026-2027\rtb-1a-comarcal\G3\1a Fase: 4 new
2026-10-02 00:47:32,396 INFO 2026-2027\RTB 1a COMARCAL\G3\1a Fase\jornada_13.html (partial) -> 2026-2027\rtb-1a-comarcal\G3\1a Fase: 4 new
2026-10-02 00:47:32,413 INFO 2026-2027\RTB 1a COMARCAL\G3\1a Fase\jornada_14.html (partial) -> 2026-2027\rtb-1a-comarcal\G3\1a Fase: 4 new
2026-10-02 00:47:32,430 INFO 2026-2027\RTB 1a COMARCAL\G3\1a Fase\jornada_15.html (partial) -> 2026-2027\rtb-1a-comarcal\G3\1a Fase: 4 new
2026-10-02 00:47:32,447 INFO 2026-2027\RTB 1a COMARCAL\G3\1a Fase\jornada_16.html (partial) -> 2026-2027\rtb-1a-comarcal\G3\1a Fase: 4 new
2026-10-02 00:47:32,463 INFO 2026-2027\RTB 1a COMARCAL\G3\1a Fase\jornada_17.html (partial) -> 2026-2027\rtb-1a-comarcal\G3\1a Fase: 4 new
2026-10-02 00:47:32,481 INFO 2026-2027\RTB 1a COMARCAL\G3\1a Fase\jornada_18.html (partial) -> 2026-2027\rtb-1a-comarcal\G3\1a Fase: 4 new
2026-10-02 00:47:32,529 INFO 2026-2027\RTB 2a COMARCAL\G1\1a Fase\jornada_01.html (complete) -> 2026-2027\rtb-2a-comarcal\G1\1a Fase: 3 new
2026-10-02 00:47:32,542 INFO 2026-2027\RTB 2a COMARCAL\G1\1a Fase\jornada_02.html (partial) -> 2026-2027\rtb-2a-comarcal\G1\1a Fase: 3 new
2026-10-02 00:47:32,555 INFO 2026-2027\RTB 2a COMARCAL\G1\1a Fase\jornada_03.html (partial) -> 2026-2027\rtb-2a-comarcal\G1\1a Fase: 3 new
2026-10-02 00:47:32,567 INFO 2026-2027\RTB 2a COMARCAL\G1\1a Fase\jornada_04.html (partial) -> 2026-2027\rtb-2a-comarcal\G1\1a Fase: 3 new
2026-10-02 00:47:32,580 INFO 2026-2027\RTB 2a COMARCAL\G1\1a Fase\jornada_05.html (partial) -> 2026-2027\rtb-2a-comarcal\G1\1a Fase: 3 new
2026-10-02 00:47:32,592 INFO 2026-2027\RTB 2a COMARCAL\G1\1a Fase\jornada_06.html (partial) -> 2026-2027\rtb-2a-comarcal\G1\1a Fase: 3 new
2026-10-02 00:47:32,609 INFO 2026-2027\RTB 2a COMARCAL\G1\1a Fase\jornada_07.html (partial) -> 2026-2027\rtb-2a-comarcal\G1\1a Fase: 4 new
2026-10-02 00:47:32,621 INFO 2026-2027\RTB 2a COMARCAL\G1\1a Fase\jornada_08.html (partial) -> 2026-2027\rtb-2a-comarcal\G1\1a Fase: 3 new
2026-10-02 00:47:32,633 INFO 2026-2027\RTB 2a COMARCAL\G1\1a Fase\jornada_09.html (partial) -> 2026-2027\rtb-2a-comarcal\G1\1a Fase: 3 new
2026-10-02 00:47:32,646 INFO 2026-2027\RTB 2a COMARCAL\G1\1a Fase\jornada_10.html (partial) -> 2026-2027\rtb-2a-comarcal\G1\1a Fase: 3 new
2026-10-02 00:47:32,660 INFO 2026-2027\RTB 2a COMARCAL\G1\1a Fase\jornada_11.html (partial) -> 2026-2027\rtb-2a-comarcal\G1\1a Fase: 3 new
2026-10-02 00:47:32,673 INFO 2026-2027\RTB 2a COMARCAL\G1\1a Fase\jornada_12.html (partial) -> 2026-2027\rtb-2a-comarcal\G1\1a Fase: 3 new
2026-10-02 00:47:32,688 INFO 2026-2027\RTB 2a COMARCAL\G1\1a Fase\jornada_13.html (partial) -> 2026-2027\rtb-2a-comarcal\G1\1a Fase: 3 new
2026-10-02 00:47:32,703 INFO 2026-2027\RTB 2a COMARCAL\G1\1a Fase\jornada_14.html (partial) -> 2026-2027\rtb-2a-comarcal\G1\1a Fase: 3 new
2026-10-02 00:47:32,721 INFO 2026-2027\RTB 2a COMARCAL\G1\1a Fase\jornada_15.html (partial) -> 2026-2027\rtb-2a-comarcal\G1\1a Fase: 3 new
2026-10-02 00:47:32,743 INFO 2026-2027\RTB 2a COMARCAL\G1\1a Fase\jornada_16.html (partial) -> 2026-2027\rtb-2a-comarcal\G1\1a Fase: 4 new
2026-10-02 00:47:32,757 INFO 2026-2027\RTB 2a COMARCAL\G1\1a Fase\jornada_17.html (partial) -> 2026-2027\rtb-2a-comarcal\G1\1a Fase: 3 new
2026-10-02 00:47:32,770 INFO 2026-2027\RTB 2a COMARCAL\G1\1a Fase\jornada_18.html (partial) -> 2026-2027\rtb-2a-comarcal\G1\1a Fase: 3 new
2026-10-02 00:47:32,827 INFO 2026-2027\RTB 2a COMARCAL\G2\1a Fase\jornada_01.html (complete) -> 2026-2027\rtb-2a-comarcal\G2\1a Fase: 4 new
2026-10-02 00:47:32,840 INFO 2026-2027\RTB 2a COMARCAL\G2\1a Fase\jornada_02.html (partial) -> 2026-2027\rtb-2a-comarcal\G2\1a Fase: 3 new
2026-10-02 00:47:32,852 INFO 2026-2027\RTB 2a COMARCAL\G2\1a Fase\jornada_03.html (partial) -> 2026-2027\rtb-2a-comarcal\G2\1a Fase: 3 new
2026-10-02 00:47:32,866 INFO 2026-2027\RTB 2a COMARCAL\G2\1a Fase\jornada_04.html (partial) -> 2026-2027\rtb-2a-comarcal\G2\1a Fase: 3 new
2026-10-02 00:47:32,879 INFO 2026-2027\RTB 2a COMARCAL\G2\1a Fase\jornada_05.html (partial) -> 2026-2027\rtb-2a-comarcal\G2\1a Fase: 3 new
2026-10-02 00:47:32,895 INFO 2026-2027\RTB 2a COMARCAL\G2\1a Fase\jornada_06.html (partial) -> 2026-2027\rtb-2a-comarcal\G2\1a Fase: 3 new
2026-10-02 00:47:32,910 INFO 2026-2027\RTB 2a COMARCAL\G2\1a Fase\jornada_07.html (partial) -> 2026-2027\rtb-2a-comarcal\G2\1a Fase: 3 new
2026-10-02 00:47:32,928 INFO 2026-2027\RTB 2a COMARCAL\G2\1a Fase\jornada_08.html (partial) -> 2026-2027\rtb-2a-comarcal\G2\1a Fase: 3 new
2026-10-02 00:47:32,945 INFO 2026-2027\RTB 2a COMARCAL\G2\1a Fase\jornada_09.html (partial) -> 2026-2027\rtb-2a-comarcal\G2\1a Fase: 3 new
2026-10-02 00:47:32,967 INFO 2026-2027\RTB 2a COMARCAL\G2\1a Fase\jornada_10.html (partial) -> 2026-2027\rtb-2a-comarcal\G2\1a Fase: 4 new
2026-10-02 00:47:32,983 INFO 2026-2027\RTB 2a COMARCAL\G2\1a Fase\jornada_11.html (partial) -> 2026-2027\rtb-2a-comarcal\G2\1a Fase: 3 new
2026-10-02 00:47:32,999 INFO 2026-2027\RTB 2a COMARCAL\G2\1a Fase\jornada_12.html (partial) -> 2026-2027\rtb-2a-comarcal\G2\1a Fase: 3 new
2026-10-02 00:47:33,012 INFO 2026-2027\RTB 2a COMARCAL\G2\1a Fase\jornada_13.html (partial) -> 2026-2027\rtb-2a-comarcal\G2\1a Fase: 3 new
2026-10-02 00:47:33,025 INFO 2026-2027\RTB 2a COMARCAL\G2\1a Fase\jornada_14.html (partial) -> 2026-2027\rtb-2a-comarcal\G2\1a Fase: 3 new
2026-10-02 00:47:33,038 INFO 2026-2027\RTB 2a COMARCAL\G2\1a Fase\jornada_15.html (partial) -> 2026-2027\rtb-2a-comarcal\G2\1a Fase: 3 new
2026-10-02 00:47:33,050 INFO 2026-2027\RTB 2a COMARCAL\G2\1a Fase\jornada_16.html (partial) -> 2026-2027\rtb-2a-comarcal\G2\1a Fase: 3 new
2026-10-02 00:47:33,063 INFO 2026-2027\RTB 2a COMARCAL\G2\1a Fase\jornada_17.html (partial) -> 2026-2027\rtb-2a-comarcal\G2\1a Fase: 3 new
2026-10-02 00:47:33,075 INFO 2026-2027\RTB 2a COMARCAL\G2\1a Fase\jornada_18.html (partial) -> 2026-2027\rtb-2a-comarcal\G2\1a Fase: 3 new
2026-10-02 00:47:33,151 INFO 2026-2027\RTB PREFERENT\G1\1a Fase\jornada_01.html (complete) -> 2026-2027\rtb-preferent\G1\1a Fase: 5 new
2026-10-02 00:47:33,176 INFO 2026-2027\RTB PREFERENT\G1\1a Fase\jornada_02.html (partial) -> 2026-2027\rtb-preferent\G1\1a Fase: 5 new
2026-10-02 00:47:33,201 INFO 2026-2027\RTB PREFERENT\G1\1a Fase\jornada_03.html (partial) -> 2026-2027\rtb-preferent\G1\1a Fase: 5 new
2026-10-02 00:47:33,223 INFO 2026-2027\RTB PREFERENT\G1\1a Fase\jornada_04.html (partial) -> 2026-2027\rtb-preferent\G1\1a Fase: 5 new
2026-10-02 00:47:33,244 INFO 2026-2027\RTB PREFERENT\G1\1a Fase\jornada_05.html (partial) -> 2026-2027\rtb-preferent\G1\1a Fase: 5 new
2026-10-02 00:47:33,266 INFO 2026-2027\RTB PREFERENT\G1\1a Fase\jornada_06.html (partial) -> 2026-2027\rtb-preferent\G1\1a Fase: 5 new
2026-10-02 00:47:33,288 INFO 2026-2027\RTB PREFERENT\G1\1a Fase\jornada_07.html (partial) -> 2026-2027\rtb-preferent\G1\1a Fase: 5 new
2026-10-02 00:47:33,308 INFO 2026-2027\RTB PREFERENT\G1\1a Fase\jornada_08.html (partial) -> 2026-2027\rtb-preferent\G1\1a Fase: 5 new
2026-10-02 00:47:33,328 INFO 2026-2027\RTB PREFERENT\G1\1a Fase\jornada_09.html (partial) -> 2026-2027\rtb-preferent\G1\1a Fase: 5 new
2026-10-02 00:47:33,349 INFO 2026-2027\RTB PREFERENT\G1\1a Fase\jornada_10.html (partial) -> 2026-2027\rtb-preferent\G1\1a Fase: 5 new
2026-10-02 00:47:33,371 INFO 2026-2027\RTB PREFERENT\G1\1a Fase\jornada_11.html (partial) -> 2026-2027\rtb-preferent\G1\1a Fase: 5 new
2026-10-02 00:47:33,395 INFO 2026-2027\RTB PREFERENT\G1\1a Fase\jornada_12.html (partial) -> 2026-2027\rtb-preferent\G1\1a Fase: 5 new
2026-10-02 00:47:33,418 INFO 2026-2027\RTB PREFERENT\G1\1a Fase\jornada_13.html (partial) -> 2026-2027\rtb-preferent\G1\1a Fase: 5 new
2026-10-02 00:47:33,444 INFO 2026-2027\RTB PREFERENT\G1\1a Fase\jornada_14.html (partial) -> 2026-2027\rtb-preferent\G1\1a Fase: 5 new
2026-10-02 00:47:33,463 INFO 2026-2027\RTB PREFERENT\G1\1a Fase\jornada_15.html (partial) -> 2026-2027\rtb-preferent\G1\1a Fase: 5 new
2026-10-02 00:47:33,484 INFO 2026-2027\RTB PREFERENT\G1\1a Fase\jornada_16.html (partial) -> 2026-2027\rtb-preferent\G1\1a Fase: 5 new
2026-10-02 00:47:33,504 INFO 2026-2027\RTB PREFERENT\G1\1a Fase\jornada_17.html (partial) -> 2026-2027\rtb-preferent\G1\1a Fase: 5 new
2026-10-02 00:47:33,525 INFO 2026-2027\RTB PREFERENT\G1\1a Fase\jornada_18.html (partial) -> 2026-2027\rtb-preferent\G1\1a Fase: 5 new
2026-10-02 00:47:33,592 INFO 2026-2027\RTB PREFERENT\G2\1a Fase\jornada_01.html (complete) -> 2026-2027\rtb-preferent\G2\1a Fase: 5 new
2026-10-02 00:47:33,613 INFO 2026-2027\RTB PREFERENT\G2\1a Fase\jornada_02.html (partial) -> 2026-2027\rtb-preferent\G2\1a Fase: 5 new
2026-10-02 00:47:33,636 INFO 2026-2027\RTB PREFERENT\G2\1a Fase\jornada_03.html (partial) -> 2026-2027\rtb-preferent\G2\1a Fase: 5 new
2026-10-02 00:47:33,659 INFO 2026-2027\RTB PREFERENT\G2\1a Fase\jornada_04.html (partial) -> 2026-2027\rtb-preferent\G2\1a Fase: 5 new
2026-10-02 00:47:33,680 INFO 2026-2027\RTB PREFERENT\G2\1a Fase\jornada_05.html (partial) -> 2026-2027\rtb-preferent\G2\1a Fase: 5 new
2026-10-02 00:47:33,705 INFO 2026-2027\RTB PREFERENT\G2\1a Fase\jornada_06.html (partial) -> 2026-2027\rtb-preferent\G2\1a Fase: 5 new
2026-10-02 00:47:33,725 INFO 2026-2027\RTB PREFERENT\G2\1a Fase\jornada_07.html (partial) -> 2026-2027\rtb-preferent\G2\1a Fase: 5 new
2026-10-02 00:47:33,747 INFO 2026-2027\RTB PREFERENT\G2\1a Fase\jornada_08.html (partial) -> 2026-2027\rtb-preferent\G2\1a Fase: 5 new
2026-10-02 00:47:33,768 INFO 2026-2027\RTB PREFERENT\G2\1a Fase\jornada_09.html (partial) -> 2026-2027\rtb-preferent\G2\1a Fase: 5 new
2026-10-02 00:47:33,789 INFO 2026-2027\RTB PREFERENT\G2\1a Fase\jornada_10.html (partial) -> 2026-2027\rtb-preferent\G2\1a Fase: 5 new
2026-10-02 00:47:33,811 INFO 2026-2027\RTB PREFERENT\G2\1a Fase\jornada_11.html (partial) -> 2026-2027\rtb-preferent\G2\1a Fase: 5 new
2026-10-02 00:47:33,836 INFO 2026-2027\RTB PREFERENT\G2\1a Fase\jornada_12.html (partial) -> 2026-2027\rtb-preferent\G2\1a Fase: 5 new
2026-10-02 00:47:33,859 INFO 2026-2027\RTB PREFERENT\G2\1a Fase\jornada_13.html (partial) -> 2026-2027\rtb-preferent\G2\1a Fase: 5 new
2026-10-02 00:47:33,883 INFO 2026-2027\RTB PREFERENT\G2\1a Fase\jornada_14.html (partial) -> 2026-2027\rtb-preferent\G2\1a Fase: 5 new
2026-10-02 00:47:33,904 INFO 2026-2027\RTB PREFERENT\G2\1a Fase\jornada_15.html (partial) -> 2026-2027\rtb-preferent\G2\1a Fase: 5 new
2026-10-02 00:47:33,924 INFO 2026-2027\RTB PREFERENT\G2\1a Fase\jornada_16.html (partial) -> 2026-2027\rtb-preferent\G2\1a Fase: 5 new
2026-10-02 00:47:33,943 INFO 2026-2027\RTB PREFERENT\G2\1a Fase\jornada_17.html (partial) -> 2026-2027\rtb-preferent\G2\1a Fase: 5 new
2026-10-02 00:47:33,963 INFO 2026-2027\RTB PREFERENT\G2\1a Fase\jornada_18.html (partial) -> 2026-2027\rtb-preferent\G2\1a Fase: 5 new
2026-10-02 00:47:34,050 INFO 2026-2027\RTB PREFERENT\G3\1a Fase\jornada_01.html (complete) -> 2026-2027\rtb-preferent\G3\1a Fase: 5 new
2026-10-02 00:47:34,071 INFO 2026-2027\RTB PREFERENT\G3\1a Fase\jornada_02.html (partial) -> 2026-2027\rtb-preferent\G3\1a Fase: 5 new
2026-10-02 00:47:34,093 INFO 2026-2027\RTB PREFERENT\G3\1a Fase\jornada_03.html (partial) -> 2026-2027\rtb-preferent\G3\1a Fase: 5 new
2026-10-02 00:47:34,112 INFO 2026-2027\RTB PREFERENT\G3\1a Fase\jornada_04.html (partial) -> 2026-2027\rtb-preferent\G3\1a Fase: 5 new
2026-10-02 00:47:34,132 INFO 2026-2027\RTB PREFERENT\G3\1a Fase\jornada_05.html (partial) -> 2026-2027\rtb-preferent\G3\1a Fase: 5 new
2026-10-02 00:47:34,151 INFO 2026-2027\RTB PREFERENT\G3\1a Fase\jornada_06.html (partial) -> 2026-2027\rtb-preferent\G3\1a Fase: 5 new
2026-10-02 00:47:34,171 INFO 2026-2027\RTB PREFERENT\G3\1a Fase\jornada_07.html (partial) -> 2026-2027\rtb-preferent\G3\1a Fase: 5 new
2026-10-02 00:47:34,191 INFO 2026-2027\RTB PREFERENT\G3\1a Fase\jornada_08.html (partial) -> 2026-2027\rtb-preferent\G3\1a Fase: 5 new
2026-10-02 00:47:34,211 INFO 2026-2027\RTB PREFERENT\G3\1a Fase\jornada_09.html (partial) -> 2026-2027\rtb-preferent\G3\1a Fase: 5 new
2026-10-02 00:47:34,230 INFO 2026-2027\RTB PREFERENT\G3\1a Fase\jornada_10.html (partial) -> 2026-2027\rtb-preferent\G3\1a Fase: 5 new
2026-10-02 00:47:34,249 INFO 2026-2027\RTB PREFERENT\G3\1a Fase\jornada_11.html (partial) -> 2026-2027\rtb-preferent\G3\1a Fase: 5 new
2026-10-02 00:47:34,270 INFO 2026-2027\RTB PREFERENT\G3\1a Fase\jornada_12.html (partial) -> 2026-2027\rtb-preferent\G3\1a Fase: 5 new
2026-10-02 00:47:34,293 INFO 2026-2027\RTB PREFERENT\G3\1a Fase\jornada_13.html (partial) -> 2026-2027\rtb-preferent\G3\1a Fase: 5 new
2026-10-02 00:47:34,315 INFO 2026-2027\RTB PREFERENT\G3\1a Fase\jornada_14.html (partial) -> 2026-2027\rtb-preferent\G3\1a Fase: 5 new
2026-10-02 00:47:34,339 INFO 2026-2027\RTB PREFERENT\G3\1a Fase\jornada_15.html (partial) -> 2026-2027\rtb-preferent\G3\1a Fase: 5 new
2026-10-02 00:47:34,368 INFO 2026-2027\RTB PREFERENT\G3\1a Fase\jornada_16.html (partial) -> 2026-2027\rtb-preferent\G3\1a Fase: 5 new
2026-10-02 00:47:34,390 INFO 2026-2027\RTB PREFERENT\G3\1a Fase\jornada_17.html (partial) -> 2026-2027\rtb-preferent\G3\1a Fase: 5 new
2026-10-02 00:47:34,413 INFO 2026-2027\RTB PREFERENT\G3\1a Fase\jornada_18.html (partial) -> 2026-2027\rtb-preferent\G3\1a Fase: 5 new
2026-10-02 00:47:34,494 INFO 2026-2027\RTB PRIMERA\G1\1a Fase\jornada_01.html (complete) -> 2026-2027\rtb-primera\G1\1a Fase: 5 new
2026-10-02 00:47:34,522 INFO 2026-2027\RTB PRIMERA\G1\1a Fase\jornada_02.html (partial) -> 2026-2027\rtb-primera\G1\1a Fase: 5 new
2026-10-02 00:47:34,547 INFO 2026-2027\RTB PRIMERA\G1\1a Fase\jornada_03.html (partial) -> 2026-2027\rtb-primera\G1\1a Fase: 5 new
2026-10-02 00:47:34,570 INFO 2026-2027\RTB PRIMERA\G1\1a Fase\jornada_04.html (partial) -> 2026-2027\rtb-primera\G1\1a Fase: 5 new
2026-10-02 00:47:34,592 INFO 2026-2027\RTB PRIMERA\G1\1a Fase\jornada_05.html (partial) -> 2026-2027\rtb-primera\G1\1a Fase: 5 new
2026-10-02 00:47:34,614 INFO 2026-2027\RTB PRIMERA\G1\1a Fase\jornada_06.html (partial) -> 2026-2027\rtb-primera\G1\1a Fase: 5 new
2026-10-02 00:47:34,634 INFO 2026-2027\RTB PRIMERA\G1\1a Fase\jornada_07.html (partial) -> 2026-2027\rtb-primera\G1\1a Fase: 5 new
2026-10-02 00:47:34,655 INFO 2026-2027\RTB PRIMERA\G1\1a Fase\jornada_08.html (partial) -> 2026-2027\rtb-primera\G1\1a Fase: 5 new
2026-10-02 00:47:34,679 INFO 2026-2027\RTB PRIMERA\G1\1a Fase\jornada_09.html (partial) -> 2026-2027\rtb-primera\G1\1a Fase: 5 new
2026-10-02 00:47:34,705 INFO 2026-2027\RTB PRIMERA\G1\1a Fase\jornada_10.html (partial) -> 2026-2027\rtb-primera\G1\1a Fase: 5 new
2026-10-02 00:47:34,734 INFO 2026-2027\RTB PRIMERA\G1\1a Fase\jornada_11.html (partial) -> 2026-2027\rtb-primera\G1\1a Fase: 5 new
2026-10-02 00:47:34,761 INFO 2026-2027\RTB PRIMERA\G1\1a Fase\jornada_12.html (partial) -> 2026-2027\rtb-primera\G1\1a Fase: 5 new
2026-10-02 00:47:34,791 INFO 2026-2027\RTB PRIMERA\G1\1a Fase\jornada_13.html (partial) -> 2026-2027\rtb-primera\G1\1a Fase: 5 new
2026-10-02 00:47:34,818 INFO 2026-2027\RTB PRIMERA\G1\1a Fase\jornada_14.html (partial) -> 2026-2027\rtb-primera\G1\1a Fase: 5 new
2026-10-02 00:47:34,843 INFO 2026-2027\RTB PRIMERA\G1\1a Fase\jornada_15.html (partial) -> 2026-2027\rtb-primera\G1\1a Fase: 5 new
2026-10-02 00:47:34,867 INFO 2026-2027\RTB PRIMERA\G1\1a Fase\jornada_16.html (partial) -> 2026-2027\rtb-primera\G1\1a Fase: 5 new
2026-10-02 00:47:34,901 INFO 2026-2027\RTB PRIMERA\G1\1a Fase\jornada_17.html (partial) -> 2026-2027\rtb-primera\G1\1a Fase: 5 new
2026-10-02 00:47:34,937 INFO 2026-2027\RTB PRIMERA\G1\1a Fase\jornada_18.html (partial) -> 2026-2027\rtb-primera\G1\1a Fase: 5 new
2026-10-02 00:47:35,033 INFO 2026-2027\RTB PRIMERA\G2\1a Fase\jornada_01.html (complete) -> 2026-2027\rtb-primera\G2\1a Fase: 5 new
2026-10-02 00:47:35,057 INFO 2026-2027\RTB PRIMERA\G2\1a Fase\jornada_02.html (partial) -> 2026-2027\rtb-primera\G2\1a Fase: 5 new
2026-10-02 00:47:35,078 INFO 2026-2027\RTB PRIMERA\G2\1a Fase\jornada_03.html (partial) -> 2026-2027\rtb-primera\G2\1a Fase: 5 new
2026-10-02 00:47:35,101 INFO 2026-2027\RTB PRIMERA\G2\1a Fase\jornada_04.html (partial) -> 2026-2027\rtb-primera\G2\1a Fase: 5 new
2026-10-02 00:47:35,120 INFO 2026-2027\RTB PRIMERA\G2\1a Fase\jornada_05.html (partial) -> 2026-2027\rtb-primera\G2\1a Fase: 5 new
2026-10-02 00:47:35,140 INFO 2026-2027\RTB PRIMERA\G2\1a Fase\jornada_06.html (partial) -> 2026-2027\rtb-primera\G2\1a Fase: 5 new
2026-10-02 00:47:35,162 INFO 2026-2027\RTB PRIMERA\G2\1a Fase\jornada_07.html (partial) -> 2026-2027\rtb-primera\G2\1a Fase: 5 new
2026-10-02 00:47:35,186 INFO 2026-2027\RTB PRIMERA\G2\1a Fase\jornada_08.html (partial) -> 2026-2027\rtb-primera\G2\1a Fase: 5 new
2026-10-02 00:47:35,206 INFO 2026-2027\RTB PRIMERA\G2\1a Fase\jornada_09.html (partial) -> 2026-2027\rtb-primera\G2\1a Fase: 5 new
2026-10-02 00:47:35,226 INFO 2026-2027\RTB PRIMERA\G2\1a Fase\jornada_10.html (partial) -> 2026-2027\rtb-primera\G2\1a Fase: 5 new
2026-10-02 00:47:35,246 INFO 2026-2027\RTB PRIMERA\G2\1a Fase\jornada_11.html (partial) -> 2026-2027\rtb-primera\G2\1a Fase: 5 new
2026-10-02 00:47:35,267 INFO 2026-2027\RTB PRIMERA\G2\1a Fase\jornada_12.html (partial) -> 2026-2027\rtb-primera\G2\1a Fase: 5 new
2026-10-02 00:47:35,288 INFO 2026-2027\RTB PRIMERA\G2\1a Fase\jornada_13.html (partial) -> 2026-2027\rtb-primera\G2\1a Fase: 5 new
2026-10-02 00:47:35,309 INFO 2026-2027\RTB PRIMERA\G2\1a Fase\jornada_14.html (partial) -> 2026-2027\rtb-primera\G2\1a Fase: 5 new
2026-10-02 00:47:35,329 INFO 2026-2027\RTB PRIMERA\G2\1a Fase\jornada_15.html (partial) -> 2026-2027\rtb-primera\G2\1a Fase: 5 new
2026-10-02 00:47:35,348 INFO 2026-2027\RTB PRIMERA\G2\1a Fase\jornada_16.html (partial) -> 2026-2027\rtb-primera\G2\1a Fase: 5 new
2026-10-02 00:47:35,369 INFO 2026-2027\RTB PRIMERA\G2\1a Fase\jornada_17.html (partial) -> 2026-2027\rtb-primera\G2\1a Fase: 5 new
2026-10-02 00:47:35,396 INFO 2026-2027\RTB PRIMERA\G2\1a Fase\jornada_18.html (partial) -> 2026-2027\rtb-primera\G2\1a Fase: 5 new
2026-10-02 00:47:35,471 INFO 2026-2027\RTB PRIMERA\G3\1a Fase\jornada_01.html (complete) -> 2026-2027\rtb-primera\G3\1a Fase: 5 new
2026-10-02 00:47:35,490 INFO 2026-2027\RTB PRIMERA\G3\1a Fase\jornada_02.html (partial) -> 2026-2027\rtb-primera\G3\1a Fase: 5 new
2026-10-02 00:47:35,510 INFO 2026-2027\RTB PRIMERA\G3\1a Fase\jornada_03.html (partial) -> 2026-2027\rtb-primera\G3\1a Fase: 5 new
2026-10-02 00:47:35,529 INFO 2026-2027\RTB PRIMERA\G3\1a Fase\jornada_04.html (partial) -> 2026-2027\rtb-primera\G3\1a Fase: 5 new
2026-10-02 00:47:35,549 INFO 2026-2027\RTB PRIMERA\G3\1a Fase\jornada_05.html (partial) -> 2026-2027\rtb-primera\G3\1a Fase: 5 new
2026-10-02 00:47:35,568 INFO 2026-2027\RTB PRIMERA\G3\1a Fase\jornada_06.html (partial) -> 2026-2027\rtb-primera\G3\1a Fase: 5 new
2026-10-02 00:47:35,590 INFO 2026-2027\RTB PRIMERA\G3\1a Fase\jornada_07.html (partial) -> 2026-2027\rtb-primera\G3\1a Fase: 5 new
2026-10-02 00:47:35,613 INFO 2026-2027\RTB PRIMERA\G3\1a Fase\jornada_08.html (partial) -> 2026-2027\rtb-primera\G3\1a Fase: 5 new
2026-10-02 00:47:35,634 INFO 2026-2027\RTB PRIMERA\G3\1a Fase\jornada_09.html (partial) -> 2026-2027\rtb-primera\G3\1a Fase: 5 new
2026-10-02 00:47:35,657 INFO 2026-2027\RTB PRIMERA\G3\1a Fase\jornada_10.html (partial) -> 2026-2027\rtb-primera\G3\1a Fase: 5 new
2026-10-02 00:47:35,676 INFO 2026-2027\RTB PRIMERA\G3\1a Fase\jornada_11.html (partial) -> 2026-2027\rtb-primera\G3\1a Fase: 5 new
2026-10-02 00:47:35,700 INFO 2026-2027\RTB PRIMERA\G3\1a Fase\jornada_12.html (partial) -> 2026-2027\rtb-primera\G3\1a Fase: 5 new
2026-10-02 00:47:35,722 INFO 2026-2027\RTB PRIMERA\G3\1a Fase\jornada_13.html (partial) -> 2026-2027\rtb-primera\G3\1a Fase: 5 new
2026-10-02 00:47:35,743 INFO 2026-2027\RTB PRIMERA\G3\1a Fase\jornada_14.html (partial) -> 2026-2027\rtb-primera\G3\1a Fase: 5 new
2026-10-02 00:47:35,763 INFO 2026-2027\RTB PRIMERA\G3\1a Fase\jornada_15.html (partial) -> 2026-2027\rtb-primera\G3\1a Fase: 5 new
2026-10-02 00:47:35,783 INFO 2026-2027\RTB PRIMERA\G3\1a Fase\jornada_16.html (partial) -> 2026-2027\rtb-primera\G3\1a Fase: 5 new
2026-10-02 00:47:35,806 INFO 2026-2027\RTB PRIMERA\G3\1a Fase\jornada_17.html (partial) -> 2026-2027\rtb-primera\G3\1a Fase: 5 new
2026-10-02 00:47:35,827 INFO 2026-2027\RTB PRIMERA\G3\1a Fase\jornada_18.html (partial) -> 2026-2027\rtb-primera\G3\1a Fase: 5 new
2026-10-02 00:47:35,900 INFO 2026-2027\RTB SEGONA A\G1\1a Fase\jornada_01.html (complete) -> 2026-2027\rtb-segona-a\G1\1a Fase: 5 new
2026-10-02 00:47:35,920 INFO 2026-2027\RTB SEGONA A\G1\1a Fase\jornada_02.html (partial) -> 2026-2027\rtb-segona-a\G1\1a Fase: 5 new
2026-10-02 00:47:35,940 INFO 2026-2027\RTB SEGONA A\G1\1a Fase\jornada_03.html (partial) -> 2026-2027\rtb-segona-a\G1\1a Fase: 5 new
2026-10-02 00:47:35,960 INFO 2026-2027\RTB SEGONA A\G1\1a Fase\jornada_04.html (partial) -> 2026-2027\rtb-segona-a\G1\1a Fase: 5 new
2026-10-02 00:47:35,980 INFO 2026-2027\RTB SEGONA A\G1\1a Fase\jornada_05.html (partial) -> 2026-2027\rtb-segona-a\G1\1a Fase: 5 new
2026-10-02 00:47:36,001 INFO 2026-2027\RTB SEGONA A\G1\1a Fase\jornada_06.html (partial) -> 2026-2027\rtb-segona-a\G1\1a Fase: 5 new
2026-10-02 00:47:36,022 INFO 2026-2027\RTB SEGONA A\G1\1a Fase\jornada_07.html (partial) -> 2026-2027\rtb-segona-a\G1\1a Fase: 5 new
2026-10-02 00:47:36,045 INFO 2026-2027\RTB SEGONA A\G1\1a Fase\jornada_08.html (partial) -> 2026-2027\rtb-segona-a\G1\1a Fase: 5 new
2026-10-02 00:47:36,068 INFO 2026-2027\RTB SEGONA A\G1\1a Fase\jornada_09.html (partial) -> 2026-2027\rtb-segona-a\G1\1a Fase: 5 new
2026-10-02 00:47:36,088 INFO 2026-2027\RTB SEGONA A\G1\1a Fase\jornada_10.html (partial) -> 2026-2027\rtb-segona-a\G1\1a Fase: 5 new
2026-10-02 00:47:36,107 INFO 2026-2027\RTB SEGONA A\G1\1a Fase\jornada_11.html (partial) -> 2026-2027\rtb-segona-a\G1\1a Fase: 5 new
2026-10-02 00:47:36,126 INFO 2026-2027\RTB SEGONA A\G1\1a Fase\jornada_12.html (partial) -> 2026-2027\rtb-segona-a\G1\1a Fase: 5 new
2026-10-02 00:47:36,147 INFO 2026-2027\RTB SEGONA A\G1\1a Fase\jornada_13.html (partial) -> 2026-2027\rtb-segona-a\G1\1a Fase: 5 new
2026-10-02 00:47:36,165 INFO 2026-2027\RTB SEGONA A\G1\1a Fase\jornada_14.html (partial) -> 2026-2027\rtb-segona-a\G1\1a Fase: 5 new
2026-10-02 00:47:36,185 INFO 2026-2027\RTB SEGONA A\G1\1a Fase\jornada_15.html (partial) -> 2026-2027\rtb-segona-a\G1\1a Fase: 5 new
2026-10-02 00:47:36,206 INFO 2026-2027\RTB SEGONA A\G1\1a Fase\jornada_16.html (partial) -> 2026-2027\rtb-segona-a\G1\1a Fase: 5 new
2026-10-02 00:47:36,226 INFO 2026-2027\RTB SEGONA A\G1\1a Fase\jornada_17.html (partial) -> 2026-2027\rtb-segona-a\G1\1a Fase: 5 new
2026-10-02 00:47:36,253 INFO 2026-2027\RTB SEGONA A\G1\1a Fase\jornada_18.html (partial) -> 2026-2027\rtb-segona-a\G1\1a Fase: 5 new
2026-10-02 00:47:36,331 INFO 2026-2027\RTB SEGONA A\G2\1a Fase\jornada_01.html (complete) -> 2026-2027\rtb-segona-a\G2\1a Fase: 5 new
2026-10-02 00:47:36,351 INFO 2026-2027\RTB SEGONA A\G2\1a Fase\jornada_02.html (partial) -> 2026-2027\rtb-segona-a\G2\1a Fase: 5 new
2026-10-02 00:47:36,371 INFO 2026-2027\RTB SEGONA A\G2\1a Fase\jornada_03.html (partial) -> 2026-2027\rtb-segona-a\G2\1a Fase: 5 new
2026-10-02 00:47:36,392 INFO 2026-2027\RTB SEGONA A\G2\1a Fase\jornada_04.html (partial) -> 2026-2027\rtb-segona-a\G2\1a Fase: 5 new
2026-10-02 00:47:36,412 INFO 2026-2027\RTB SEGONA A\G2\1a Fase\jornada_05.html (partial) -> 2026-2027\rtb-segona-a\G2\1a Fase: 5 new
2026-10-02 00:47:36,432 INFO 2026-2027\RTB SEGONA A\G2\1a Fase\jornada_06.html (partial) -> 2026-2027\rtb-segona-a\G2\1a Fase: 5 new
2026-10-02 00:47:36,455 INFO 2026-2027\RTB SEGONA A\G2\1a Fase\jornada_07.html (partial) -> 2026-2027\rtb-segona-a\G2\1a Fase: 5 new
2026-10-02 00:47:36,478 INFO 2026-2027\RTB SEGONA A\G2\1a Fase\jornada_08.html (partial) -> 2026-2027\rtb-segona-a\G2\1a Fase: 5 new
2026-10-02 00:47:36,500 INFO 2026-2027\RTB SEGONA A\G2\1a Fase\jornada_09.html (partial) -> 2026-2027\rtb-segona-a\G2\1a Fase: 5 new
2026-10-02 00:47:36,519 INFO 2026-2027\RTB SEGONA A\G2\1a Fase\jornada_10.html (partial) -> 2026-2027\rtb-segona-a\G2\1a Fase: 5 new
2026-10-02 00:47:36,539 INFO 2026-2027\RTB SEGONA A\G2\1a Fase\jornada_11.html (partial) -> 2026-2027\rtb-segona-a\G2\1a Fase: 5 new
2026-10-02 00:47:36,559 INFO 2026-2027\RTB SEGONA A\G2\1a Fase\jornada_12.html (partial) -> 2026-2027\rtb-segona-a\G2\1a Fase: 5 new
2026-10-02 00:47:36,579 INFO 2026-2027\RTB SEGONA A\G2\1a Fase\jornada_13.html (partial) -> 2026-2027\rtb-segona-a\G2\1a Fase: 5 new
2026-10-02 00:47:36,598 INFO 2026-2027\RTB SEGONA A\G2\1a Fase\jornada_14.html (partial) -> 2026-2027\rtb-segona-a\G2\1a Fase: 5 new
2026-10-02 00:47:36,618 INFO 2026-2027\RTB SEGONA A\G2\1a Fase\jornada_15.html (partial) -> 2026-2027\rtb-segona-a\G2\1a Fase: 5 new
2026-10-02 00:47:36,638 INFO 2026-2027\RTB SEGONA A\G2\1a Fase\jornada_16.html (partial) -> 2026-2027\rtb-segona-a\G2\1a Fase: 5 new
2026-10-02 00:47:36,660 INFO 2026-2027\RTB SEGONA A\G2\1a Fase\jornada_17.html (partial) -> 2026-2027\rtb-segona-a\G2\1a Fase: 5 new
2026-10-02 00:47:36,682 INFO 2026-2027\RTB SEGONA A\G2\1a Fase\jornada_18.html (partial) -> 2026-2027\rtb-segona-a\G2\1a Fase: 5 new
2026-10-02 00:47:36,761 INFO 2026-2027\RTB SEGONA A\G3\1a Fase\jornada_01.html (complete) -> 2026-2027\rtb-segona-a\G3\1a Fase: 5 new
2026-10-02 00:47:36,780 INFO 2026-2027\RTB SEGONA A\G3\1a Fase\jornada_02.html (partial) -> 2026-2027\rtb-segona-a\G3\1a Fase: 5 new
2026-10-02 00:47:36,799 INFO 2026-2027\RTB SEGONA A\G3\1a Fase\jornada_03.html (partial) -> 2026-2027\rtb-segona-a\G3\1a Fase: 5 new
2026-10-02 00:47:36,818 INFO 2026-2027\RTB SEGONA A\G3\1a Fase\jornada_04.html (partial) -> 2026-2027\rtb-segona-a\G3\1a Fase: 5 new
2026-10-02 00:47:36,837 INFO 2026-2027\RTB SEGONA A\G3\1a Fase\jornada_05.html (partial) -> 2026-2027\rtb-segona-a\G3\1a Fase: 5 new
2026-10-02 00:47:36,859 INFO 2026-2027\RTB SEGONA A\G3\1a Fase\jornada_06.html (partial) -> 2026-2027\rtb-segona-a\G3\1a Fase: 5 new
2026-10-02 00:47:36,885 INFO 2026-2027\RTB SEGONA A\G3\1a Fase\jornada_07.html (partial) -> 2026-2027\rtb-segona-a\G3\1a Fase: 5 new
2026-10-02 00:47:36,907 INFO 2026-2027\RTB SEGONA A\G3\1a Fase\jornada_08.html (partial) -> 2026-2027\rtb-segona-a\G3\1a Fase: 5 new
2026-10-02 00:47:36,927 INFO 2026-2027\RTB SEGONA A\G3\1a Fase\jornada_09.html (partial) -> 2026-2027\rtb-segona-a\G3\1a Fase: 5 new
2026-10-02 00:47:36,948 INFO 2026-2027\RTB SEGONA A\G3\1a Fase\jornada_10.html (partial) -> 2026-2027\rtb-segona-a\G3\1a Fase: 5 new
2026-10-02 00:47:36,967 INFO 2026-2027\RTB SEGONA A\G3\1a Fase\jornada_11.html (partial) -> 2026-2027\rtb-segona-a\G3\1a Fase: 5 new
2026-10-02 00:47:36,986 INFO 2026-2027\RTB SEGONA A\G3\1a Fase\jornada_12.html (partial) -> 2026-2027\rtb-segona-a\G3\1a Fase: 5 new
2026-10-02 00:47:37,006 INFO 2026-2027\RTB SEGONA A\G3\1a Fase\jornada_13.html (partial) -> 2026-2027\rtb-segona-a\G3\1a Fase: 5 new
2026-10-02 00:47:37,026 INFO 2026-2027\RTB SEGONA A\G3\1a Fase\jornada_14.html (partial) -> 2026-2027\rtb-segona-a\G3\1a Fase: 5 new
2026-10-02 00:47:37,045 INFO 2026-2027\RTB SEGONA A\G3\1a Fase\jornada_15.html (partial) -> 2026-2027\rtb-segona-a\G3\1a Fase: 5 new
2026-10-02 00:47:37,065 INFO 2026-2027\RTB SEGONA A\G3\1a Fase\jornada_16.html (partial) -> 2026-2027\rtb-segona-a\G3\1a Fase: 5 new
2026-10-02 00:47:37,086 INFO 2026-2027\RTB SEGONA A\G3\1a Fase\jornada_17.html (partial) -> 2026-2027\rtb-segona-a\G3\1a Fase: 5 new
2026-10-02 00:47:37,109 INFO 2026-2027\RTB SEGONA A\G3\1a Fase\jornada_18.html (partial) -> 2026-2027\rtb-segona-a\G3\1a Fase: 5 new
2026-10-02 00:47:37,179 INFO 2026-2027\RTB SEGONA B\G1\1a Fase\jornada_01.html (complete) -> 2026-2027\rtb-segona-b\G1\1a Fase: 5 new
2026-10-02 00:47:37,199 INFO 2026-2027\RTB SEGONA B\G1\1a Fase\jornada_02.html (partial) -> 2026-2027\rtb-segona-b\G1\1a Fase: 5 new
2026-10-02 00:47:37,218 INFO 2026-2027\RTB SEGONA B\G1\1a Fase\jornada_03.html (partial) -> 2026-2027\rtb-segona-b\G1\1a Fase: 5 new
2026-10-02 00:47:37,237 INFO 2026-2027\RTB SEGONA B\G1\1a Fase\jornada_04.html (partial) -> 2026-2027\rtb-segona-b\G1\1a Fase: 5 new
2026-10-02 00:47:37,255 INFO 2026-2027\RTB SEGONA B\G1\1a Fase\jornada_05.html (partial) -> 2026-2027\rtb-segona-b\G1\1a Fase: 5 new
2026-10-02 00:47:37,277 INFO 2026-2027\RTB SEGONA B\G1\1a Fase\jornada_06.html (partial) -> 2026-2027\rtb-segona-b\G1\1a Fase: 5 new
2026-10-02 00:47:37,300 INFO 2026-2027\RTB SEGONA B\G1\1a Fase\jornada_07.html (partial) -> 2026-2027\rtb-segona-b\G1\1a Fase: 5 new
2026-10-02 00:47:37,323 INFO 2026-2027\RTB SEGONA B\G1\1a Fase\jornada_08.html (partial) -> 2026-2027\rtb-segona-b\G1\1a Fase: 5 new
2026-10-02 00:47:37,344 INFO 2026-2027\RTB SEGONA B\G1\1a Fase\jornada_09.html (partial) -> 2026-2027\rtb-segona-b\G1\1a Fase: 5 new
2026-10-02 00:47:37,364 INFO 2026-2027\RTB SEGONA B\G1\1a Fase\jornada_10.html (partial) -> 2026-2027\rtb-segona-b\G1\1a Fase: 5 new
2026-10-02 00:47:37,384 INFO 2026-2027\RTB SEGONA B\G1\1a Fase\jornada_11.html (partial) -> 2026-2027\rtb-segona-b\G1\1a Fase: 5 new
2026-10-02 00:47:37,404 INFO 2026-2027\RTB SEGONA B\G1\1a Fase\jornada_12.html (partial) -> 2026-2027\rtb-segona-b\G1\1a Fase: 5 new
2026-10-02 00:47:37,424 INFO 2026-2027\RTB SEGONA B\G1\1a Fase\jornada_13.html (partial) -> 2026-2027\rtb-segona-b\G1\1a Fase: 5 new
2026-10-02 00:47:37,444 INFO 2026-2027\RTB SEGONA B\G1\1a Fase\jornada_14.html (partial) -> 2026-2027\rtb-segona-b\G1\1a Fase: 5 new
2026-10-02 00:47:37,463 INFO 2026-2027\RTB SEGONA B\G1\1a Fase\jornada_15.html (partial) -> 2026-2027\rtb-segona-b\G1\1a Fase: 5 new
2026-10-02 00:47:37,483 INFO 2026-2027\RTB SEGONA B\G1\1a Fase\jornada_16.html (partial) -> 2026-2027\rtb-segona-b\G1\1a Fase: 5 new
2026-10-02 00:47:37,505 INFO 2026-2027\RTB SEGONA B\G1\1a Fase\jornada_17.html (partial) -> 2026-2027\rtb-segona-b\G1\1a Fase: 5 new
2026-10-02 00:47:37,526 INFO 2026-2027\RTB SEGONA B\G1\1a Fase\jornada_18.html (partial) -> 2026-2027\rtb-segona-b\G1\1a Fase: 5 new
2026-10-02 00:47:37,627 INFO 2026-2027\RTB SEGONA B\G2\1a Fase\jornada_01.html (complete) -> 2026-2027\rtb-segona-b\G2\1a Fase: 5 new
2026-10-02 00:47:37,653 INFO 2026-2027\RTB SEGONA B\G2\1a Fase\jornada_02.html (partial) -> 2026-2027\rtb-segona-b\G2\1a Fase: 5 new
2026-10-02 00:47:37,676 INFO 2026-2027\RTB SEGONA B\G2\1a Fase\jornada_03.html (partial) -> 2026-2027\rtb-segona-b\G2\1a Fase: 5 new
2026-10-02 00:47:37,698 INFO 2026-2027\RTB SEGONA B\G2\1a Fase\jornada_04.html (partial) -> 2026-2027\rtb-segona-b\G2\1a Fase: 5 new
2026-10-02 00:47:37,735 INFO 2026-2027\RTB SEGONA B\G2\1a Fase\jornada_05.html (partial) -> 2026-2027\rtb-segona-b\G2\1a Fase: 5 new
2026-10-02 00:47:37,762 INFO 2026-2027\RTB SEGONA B\G2\1a Fase\jornada_06.html (partial) -> 2026-2027\rtb-segona-b\G2\1a Fase: 5 new
2026-10-02 00:47:37,786 INFO 2026-2027\RTB SEGONA B\G2\1a Fase\jornada_07.html (partial) -> 2026-2027\rtb-segona-b\G2\1a Fase: 5 new
2026-10-02 00:47:37,808 INFO 2026-2027\RTB SEGONA B\G2\1a Fase\jornada_08.html (partial) -> 2026-2027\rtb-segona-b\G2\1a Fase: 5 new
2026-10-02 00:47:37,828 INFO 2026-2027\RTB SEGONA B\G2\1a Fase\jornada_09.html (partial) -> 2026-2027\rtb-segona-b\G2\1a Fase: 5 new
2026-10-02 00:47:37,850 INFO 2026-2027\RTB SEGONA B\G2\1a Fase\jornada_10.html (partial) -> 2026-2027\rtb-segona-b\G2\1a Fase: 5 new
2026-10-02 00:47:37,869 INFO 2026-2027\RTB SEGONA B\G2\1a Fase\jornada_11.html (partial) -> 2026-2027\rtb-segona-b\G2\1a Fase: 5 new
2026-10-02 00:47:37,891 INFO 2026-2027\RTB SEGONA B\G2\1a Fase\jornada_12.html (partial) -> 2026-2027\rtb-segona-b\G2\1a Fase: 5 new
2026-10-02 00:47:37,916 INFO 2026-2027\RTB SEGONA B\G2\1a Fase\jornada_13.html (partial) -> 2026-2027\rtb-segona-b\G2\1a Fase: 5 new
2026-10-02 00:47:37,939 INFO 2026-2027\RTB SEGONA B\G2\1a Fase\jornada_14.html (partial) -> 2026-2027\rtb-segona-b\G2\1a Fase: 5 new
2026-10-02 00:47:37,963 INFO 2026-2027\RTB SEGONA B\G2\1a Fase\jornada_15.html (partial) -> 2026-2027\rtb-segona-b\G2\1a Fase: 5 new
2026-10-02 00:47:37,991 INFO 2026-2027\RTB SEGONA B\G2\1a Fase\jornada_16.html (partial) -> 2026-2027\rtb-segona-b\G2\1a Fase: 5 new
2026-10-02 00:47:38,016 INFO 2026-2027\RTB SEGONA B\G2\1a Fase\jornada_17.html (partial) -> 2026-2027\rtb-segona-b\G2\1a Fase: 5 new
2026-10-02 00:47:38,038 INFO 2026-2027\RTB SEGONA B\G2\1a Fase\jornada_18.html (partial) -> 2026-2027\rtb-segona-b\G2\1a Fase: 5 new
2026-10-02 00:47:38,129 INFO 2026-2027\RTB SEGONA B\G3\1a Fase\jornada_01.html (complete) -> 2026-2027\rtb-segona-b\G3\1a Fase: 5 new
2026-10-02 00:47:38,156 INFO 2026-2027\RTB SEGONA B\G3\1a Fase\jornada_02.html (partial) -> 2026-2027\rtb-segona-b\G3\1a Fase: 5 new
2026-10-02 00:47:38,184 INFO 2026-2027\RTB SEGONA B\G3\1a Fase\jornada_03.html (partial) -> 2026-2027\rtb-segona-b\G3\1a Fase: 5 new
2026-10-02 00:47:38,208 INFO 2026-2027\RTB SEGONA B\G3\1a Fase\jornada_04.html (partial) -> 2026-2027\rtb-segona-b\G3\1a Fase: 5 new
2026-10-02 00:47:38,230 INFO 2026-2027\RTB SEGONA B\G3\1a Fase\jornada_05.html (partial) -> 2026-2027\rtb-segona-b\G3\1a Fase: 5 new
2026-10-02 00:47:38,251 INFO 2026-2027\RTB SEGONA B\G3\1a Fase\jornada_06.html (partial) -> 2026-2027\rtb-segona-b\G3\1a Fase: 5 new
2026-10-02 00:47:38,272 INFO 2026-2027\RTB SEGONA B\G3\1a Fase\jornada_07.html (partial) -> 2026-2027\rtb-segona-b\G3\1a Fase: 5 new
2026-10-02 00:47:38,295 INFO 2026-2027\RTB SEGONA B\G3\1a Fase\jornada_08.html (partial) -> 2026-2027\rtb-segona-b\G3\1a Fase: 5 new
2026-10-02 00:47:38,314 INFO 2026-2027\RTB SEGONA B\G3\1a Fase\jornada_09.html (partial) -> 2026-2027\rtb-segona-b\G3\1a Fase: 5 new
2026-10-02 00:47:38,334 INFO 2026-2027\RTB SEGONA B\G3\1a Fase\jornada_10.html (partial) -> 2026-2027\rtb-segona-b\G3\1a Fase: 5 new
2026-10-02 00:47:38,355 INFO 2026-2027\RTB SEGONA B\G3\1a Fase\jornada_11.html (partial) -> 2026-2027\rtb-segona-b\G3\1a Fase: 5 new
2026-10-02 00:47:38,378 INFO 2026-2027\RTB SEGONA B\G3\1a Fase\jornada_12.html (partial) -> 2026-2027\rtb-segona-b\G3\1a Fase: 5 new
2026-10-02 00:47:38,400 INFO 2026-2027\RTB SEGONA B\G3\1a Fase\jornada_13.html (partial) -> 2026-2027\rtb-segona-b\G3\1a Fase: 5 new
2026-10-02 00:47:38,422 INFO 2026-2027\RTB SEGONA B\G3\1a Fase\jornada_14.html (partial) -> 2026-2027\rtb-segona-b\G3\1a Fase: 5 new
2026-10-02 00:47:38,442 INFO 2026-2027\RTB SEGONA B\G3\1a Fase\jornada_15.html (partial) -> 2026-2027\rtb-segona-b\G3\1a Fase: 5 new
2026-10-02 00:47:38,462 INFO 2026-2027\RTB SEGONA B\G3\1a Fase\jornada_16.html (partial) -> 2026-2027\rtb-segona-b\G3\1a Fase: 5 new
2026-10-02 00:47:38,484 INFO 2026-2027\RTB SEGONA B\G3\1a Fase\jornada_17.html (partial) -> 2026-2027\rtb-segona-b\G3\1a Fase: 5 new
2026-10-02 00:47:38,503 INFO 2026-2027\RTB SEGONA B\G3\1a Fase\jornada_18.html (partial) -> 2026-2027\rtb-segona-b\G3\1a Fase: 5 new
2026-10-02 00:47:38,574 INFO 2026-2027\RTB TERCERA A\G1\1a Fase\jornada_01.html (complete) -> 2026-2027\rtb-tercera-a\G1\1a Fase: 5 new
2026-10-02 00:47:38,596 INFO 2026-2027\RTB TERCERA A\G1\1a Fase\jornada_02.html (partial) -> 2026-2027\rtb-tercera-a\G1\1a Fase: 5 new
2026-10-02 00:47:38,616 INFO 2026-2027\RTB TERCERA A\G1\1a Fase\jornada_03.html (partial) -> 2026-2027\rtb-tercera-a\G1\1a Fase: 5 new
2026-10-02 00:47:38,636 INFO 2026-2027\RTB TERCERA A\G1\1a Fase\jornada_04.html (partial) -> 2026-2027\rtb-tercera-a\G1\1a Fase: 5 new
2026-10-02 00:47:38,656 INFO 2026-2027\RTB TERCERA A\G1\1a Fase\jornada_05.html (partial) -> 2026-2027\rtb-tercera-a\G1\1a Fase: 5 new
2026-10-02 00:47:38,675 INFO 2026-2027\RTB TERCERA A\G1\1a Fase\jornada_06.html (partial) -> 2026-2027\rtb-tercera-a\G1\1a Fase: 5 new
2026-10-02 00:47:38,694 INFO 2026-2027\RTB TERCERA A\G1\1a Fase\jornada_07.html (partial) -> 2026-2027\rtb-tercera-a\G1\1a Fase: 5 new
2026-10-02 00:47:38,715 INFO 2026-2027\RTB TERCERA A\G1\1a Fase\jornada_08.html (partial) -> 2026-2027\rtb-tercera-a\G1\1a Fase: 5 new
2026-10-02 00:47:38,735 INFO 2026-2027\RTB TERCERA A\G1\1a Fase\jornada_09.html (partial) -> 2026-2027\rtb-tercera-a\G1\1a Fase: 5 new
2026-10-02 00:47:38,755 INFO 2026-2027\RTB TERCERA A\G1\1a Fase\jornada_10.html (partial) -> 2026-2027\rtb-tercera-a\G1\1a Fase: 5 new
2026-10-02 00:47:38,774 INFO 2026-2027\RTB TERCERA A\G1\1a Fase\jornada_11.html (partial) -> 2026-2027\rtb-tercera-a\G1\1a Fase: 5 new
2026-10-02 00:47:38,795 INFO 2026-2027\RTB TERCERA A\G1\1a Fase\jornada_12.html (partial) -> 2026-2027\rtb-tercera-a\G1\1a Fase: 5 new
2026-10-02 00:47:38,818 INFO 2026-2027\RTB TERCERA A\G1\1a Fase\jornada_13.html (partial) -> 2026-2027\rtb-tercera-a\G1\1a Fase: 5 new
2026-10-02 00:47:38,840 INFO 2026-2027\RTB TERCERA A\G1\1a Fase\jornada_14.html (partial) -> 2026-2027\rtb-tercera-a\G1\1a Fase: 5 new
2026-10-02 00:47:38,865 INFO 2026-2027\RTB TERCERA A\G1\1a Fase\jornada_15.html (partial) -> 2026-2027\rtb-tercera-a\G1\1a Fase: 5 new
2026-10-02 00:47:38,887 INFO 2026-2027\RTB TERCERA A\G1\1a Fase\jornada_16.html (partial) -> 2026-2027\rtb-tercera-a\G1\1a Fase: 5 new
2026-10-02 00:47:38,907 INFO 2026-2027\RTB TERCERA A\G1\1a Fase\jornada_17.html (partial) -> 2026-2027\rtb-tercera-a\G1\1a Fase: 5 new
2026-10-02 00:47:38,927 INFO 2026-2027\RTB TERCERA A\G1\1a Fase\jornada_18.html (partial) -> 2026-2027\rtb-tercera-a\G1\1a Fase: 5 new
2026-10-02 00:47:39,007 INFO 2026-2027\RTB TERCERA A\G2\1a Fase\jornada_01.html (complete) -> 2026-2027\rtb-tercera-a\G2\1a Fase: 5 new
2026-10-02 00:47:39,028 INFO 2026-2027\RTB TERCERA A\G2\1a Fase\jornada_02.html (partial) -> 2026-2027\rtb-tercera-a\G2\1a Fase: 5 new
2026-10-02 00:47:39,050 INFO 2026-2027\RTB TERCERA A\G2\1a Fase\jornada_03.html (partial) -> 2026-2027\rtb-tercera-a\G2\1a Fase: 5 new
2026-10-02 00:47:39,073 INFO 2026-2027\RTB TERCERA A\G2\1a Fase\jornada_04.html (partial) -> 2026-2027\rtb-tercera-a\G2\1a Fase: 5 new
2026-10-02 00:47:39,092 INFO 2026-2027\RTB TERCERA A\G2\1a Fase\jornada_05.html (partial) -> 2026-2027\rtb-tercera-a\G2\1a Fase: 5 new
2026-10-02 00:47:39,111 INFO 2026-2027\RTB TERCERA A\G2\1a Fase\jornada_06.html (partial) -> 2026-2027\rtb-tercera-a\G2\1a Fase: 5 new
2026-10-02 00:47:39,133 INFO 2026-2027\RTB TERCERA A\G2\1a Fase\jornada_07.html (partial) -> 2026-2027\rtb-tercera-a\G2\1a Fase: 5 new
2026-10-02 00:47:39,152 INFO 2026-2027\RTB TERCERA A\G2\1a Fase\jornada_08.html (partial) -> 2026-2027\rtb-tercera-a\G2\1a Fase: 5 new
2026-10-02 00:47:39,171 INFO 2026-2027\RTB TERCERA A\G2\1a Fase\jornada_09.html (partial) -> 2026-2027\rtb-tercera-a\G2\1a Fase: 5 new
2026-10-02 00:47:39,190 INFO 2026-2027\RTB TERCERA A\G2\1a Fase\jornada_10.html (partial) -> 2026-2027\rtb-tercera-a\G2\1a Fase: 5 new
2026-10-02 00:47:39,209 INFO 2026-2027\RTB TERCERA A\G2\1a Fase\jornada_11.html (partial) -> 2026-2027\rtb-tercera-a\G2\1a Fase: 5 new
2026-10-02 00:47:39,231 INFO 2026-2027\RTB TERCERA A\G2\1a Fase\jornada_12.html (partial) -> 2026-2027\rtb-tercera-a\G2\1a Fase: 5 new
2026-10-02 00:47:39,255 INFO 2026-2027\RTB TERCERA A\G2\1a Fase\jornada_13.html (partial) -> 2026-2027\rtb-tercera-a\G2\1a Fase: 5 new
2026-10-02 00:47:39,278 INFO 2026-2027\RTB TERCERA A\G2\1a Fase\jornada_14.html (partial) -> 2026-2027\rtb-tercera-a\G2\1a Fase: 5 new
2026-10-02 00:47:39,300 INFO 2026-2027\RTB TERCERA A\G2\1a Fase\jornada_15.html (partial) -> 2026-2027\rtb-tercera-a\G2\1a Fase: 5 new
2026-10-02 00:47:39,322 INFO 2026-2027\RTB TERCERA A\G2\1a Fase\jornada_16.html (partial) -> 2026-2027\rtb-tercera-a\G2\1a Fase: 5 new
2026-10-02 00:47:39,343 INFO 2026-2027\RTB TERCERA A\G2\1a Fase\jornada_17.html (partial) -> 2026-2027\rtb-tercera-a\G2\1a Fase: 5 new
2026-10-02 00:47:39,361 INFO 2026-2027\RTB TERCERA A\G2\1a Fase\jornada_18.html (partial) -> 2026-2027\rtb-tercera-a\G2\1a Fase: 5 new
2026-10-02 00:47:39,425 INFO 2026-2027\RTB TERCERA A\G3\1a Fase\jornada_01.html (complete) -> 2026-2027\rtb-tercera-a\G3\1a Fase: 5 new
2026-10-02 00:47:39,445 INFO 2026-2027\RTB TERCERA A\G3\1a Fase\jornada_02.html (partial) -> 2026-2027\rtb-tercera-a\G3\1a Fase: 5 new
2026-10-02 00:47:39,468 INFO 2026-2027\RTB TERCERA A\G3\1a Fase\jornada_03.html (partial) -> 2026-2027\rtb-tercera-a\G3\1a Fase: 5 new
2026-10-02 00:47:39,489 INFO 2026-2027\RTB TERCERA A\G3\1a Fase\jornada_04.html (partial) -> 2026-2027\rtb-tercera-a\G3\1a Fase: 5 new
2026-10-02 00:47:39,512 INFO 2026-2027\RTB TERCERA A\G3\1a Fase\jornada_05.html (partial) -> 2026-2027\rtb-tercera-a\G3\1a Fase: 5 new
2026-10-02 00:47:39,532 INFO 2026-2027\RTB TERCERA A\G3\1a Fase\jornada_06.html (partial) -> 2026-2027\rtb-tercera-a\G3\1a Fase: 5 new
2026-10-02 00:47:39,551 INFO 2026-2027\RTB TERCERA A\G3\1a Fase\jornada_07.html (partial) -> 2026-2027\rtb-tercera-a\G3\1a Fase: 5 new
2026-10-02 00:47:39,570 INFO 2026-2027\RTB TERCERA A\G3\1a Fase\jornada_08.html (partial) -> 2026-2027\rtb-tercera-a\G3\1a Fase: 5 new
2026-10-02 00:47:39,589 INFO 2026-2027\RTB TERCERA A\G3\1a Fase\jornada_09.html (partial) -> 2026-2027\rtb-tercera-a\G3\1a Fase: 5 new
2026-10-02 00:47:39,609 INFO 2026-2027\RTB TERCERA A\G3\1a Fase\jornada_10.html (partial) -> 2026-2027\rtb-tercera-a\G3\1a Fase: 5 new
2026-10-02 00:47:39,628 INFO 2026-2027\RTB TERCERA A\G3\1a Fase\jornada_11.html (partial) -> 2026-2027\rtb-tercera-a\G3\1a Fase: 5 new
2026-10-02 00:47:39,647 INFO 2026-2027\RTB TERCERA A\G3\1a Fase\jornada_12.html (partial) -> 2026-2027\rtb-tercera-a\G3\1a Fase: 5 new
2026-10-02 00:47:39,668 INFO 2026-2027\RTB TERCERA A\G3\1a Fase\jornada_13.html (partial) -> 2026-2027\rtb-tercera-a\G3\1a Fase: 5 new
2026-10-02 00:47:39,690 INFO 2026-2027\RTB TERCERA A\G3\1a Fase\jornada_14.html (partial) -> 2026-2027\rtb-tercera-a\G3\1a Fase: 5 new
2026-10-02 00:47:39,713 INFO 2026-2027\RTB TERCERA A\G3\1a Fase\jornada_15.html (partial) -> 2026-2027\rtb-tercera-a\G3\1a Fase: 5 new
2026-10-02 00:47:39,741 INFO 2026-2027\RTB TERCERA A\G3\1a Fase\jornada_16.html (partial) -> 2026-2027\rtb-tercera-a\G3\1a Fase: 5 new
2026-10-02 00:47:39,760 INFO 2026-2027\RTB TERCERA A\G3\1a Fase\jornada_17.html (partial) -> 2026-2027\rtb-tercera-a\G3\1a Fase: 5 new
2026-10-02 00:47:39,782 INFO 2026-2027\RTB TERCERA A\G3\1a Fase\jornada_18.html (partial) -> 2026-2027\rtb-tercera-a\G3\1a Fase: 5 new
2026-10-02 00:47:39,836 INFO 2026-2027\RTB TERCERA B\G1\1a Fase\jornada_01.html (complete) -> 2026-2027\rtb-tercera-b\G1\1a Fase: 4 new
2026-10-02 00:47:39,852 INFO 2026-2027\RTB TERCERA B\G1\1a Fase\jornada_02.html (partial) -> 2026-2027\rtb-tercera-b\G1\1a Fase: 4 new
2026-10-02 00:47:39,871 INFO 2026-2027\RTB TERCERA B\G1\1a Fase\jornada_03.html (partial) -> 2026-2027\rtb-tercera-b\G1\1a Fase: 4 new
2026-10-02 00:47:39,889 INFO 2026-2027\RTB TERCERA B\G1\1a Fase\jornada_04.html (partial) -> 2026-2027\rtb-tercera-b\G1\1a Fase: 4 new
2026-10-02 00:47:39,909 INFO 2026-2027\RTB TERCERA B\G1\1a Fase\jornada_05.html (partial) -> 2026-2027\rtb-tercera-b\G1\1a Fase: 4 new
2026-10-02 00:47:39,927 INFO 2026-2027\RTB TERCERA B\G1\1a Fase\jornada_06.html (partial) -> 2026-2027\rtb-tercera-b\G1\1a Fase: 4 new
2026-10-02 00:47:39,943 INFO 2026-2027\RTB TERCERA B\G1\1a Fase\jornada_07.html (partial) -> 2026-2027\rtb-tercera-b\G1\1a Fase: 4 new
2026-10-02 00:47:39,959 INFO 2026-2027\RTB TERCERA B\G1\1a Fase\jornada_08.html (partial) -> 2026-2027\rtb-tercera-b\G1\1a Fase: 4 new
2026-10-02 00:47:39,975 INFO 2026-2027\RTB TERCERA B\G1\1a Fase\jornada_09.html (partial) -> 2026-2027\rtb-tercera-b\G1\1a Fase: 4 new
2026-10-02 00:47:39,992 INFO 2026-2027\RTB TERCERA B\G1\1a Fase\jornada_10.html (partial) -> 2026-2027\rtb-tercera-b\G1\1a Fase: 4 new
2026-10-02 00:47:40,009 INFO 2026-2027\RTB TERCERA B\G1\1a Fase\jornada_11.html (partial) -> 2026-2027\rtb-tercera-b\G1\1a Fase: 4 new
2026-10-02 00:47:40,025 INFO 2026-2027\RTB TERCERA B\G1\1a Fase\jornada_12.html (partial) -> 2026-2027\rtb-tercera-b\G1\1a Fase: 4 new
2026-10-02 00:47:40,047 INFO 2026-2027\RTB TERCERA B\G1\1a Fase\jornada_13.html (partial) -> 2026-2027\rtb-tercera-b\G1\1a Fase: 4 new
2026-10-02 00:47:40,067 INFO 2026-2027\RTB TERCERA B\G1\1a Fase\jornada_14.html (partial) -> 2026-2027\rtb-tercera-b\G1\1a Fase: 4 new
2026-10-02 00:47:40,086 INFO 2026-2027\RTB TERCERA B\G1\1a Fase\jornada_15.html (partial) -> 2026-2027\rtb-tercera-b\G1\1a Fase: 4 new
2026-10-02 00:47:40,104 INFO 2026-2027\RTB TERCERA B\G1\1a Fase\jornada_16.html (partial) -> 2026-2027\rtb-tercera-b\G1\1a Fase: 4 new
2026-10-02 00:47:40,127 INFO 2026-2027\RTB TERCERA B\G1\1a Fase\jornada_17.html (partial) -> 2026-2027\rtb-tercera-b\G1\1a Fase: 4 new
2026-10-02 00:47:40,146 INFO 2026-2027\RTB TERCERA B\G1\1a Fase\jornada_18.html (partial) -> 2026-2027\rtb-tercera-b\G1\1a Fase: 4 new
2026-10-02 00:47:40,223 INFO 2026-2027\RTB TERCERA B\G2\1a Fase\jornada_01.html (complete) -> 2026-2027\rtb-tercera-b\G2\1a Fase: 5 new
2026-10-02 00:47:40,242 INFO 2026-2027\RTB TERCERA B\G2\1a Fase\jornada_02.html (partial) -> 2026-2027\rtb-tercera-b\G2\1a Fase: 5 new
2026-10-02 00:47:40,264 INFO 2026-2027\RTB TERCERA B\G2\1a Fase\jornada_03.html (partial) -> 2026-2027\rtb-tercera-b\G2\1a Fase: 5 new
2026-10-02 00:47:40,290 INFO 2026-2027\RTB TERCERA B\G2\1a Fase\jornada_04.html (partial) -> 2026-2027\rtb-tercera-b\G2\1a Fase: 5 new
2026-10-02 00:47:40,320 INFO 2026-2027\RTB TERCERA B\G2\1a Fase\jornada_05.html (partial) -> 2026-2027\rtb-tercera-b\G2\1a Fase: 5 new
2026-10-02 00:47:40,346 INFO 2026-2027\RTB TERCERA B\G2\1a Fase\jornada_06.html (partial) -> 2026-2027\rtb-tercera-b\G2\1a Fase: 5 new
2026-10-02 00:47:40,378 INFO 2026-2027\RTB TERCERA B\G2\1a Fase\jornada_07.html (partial) -> 2026-2027\rtb-tercera-b\G2\1a Fase: 5 new
2026-10-02 00:47:40,403 INFO 2026-2027\RTB TERCERA B\G2\1a Fase\jornada_08.html (partial) -> 2026-2027\rtb-tercera-b\G2\1a Fase: 5 new
2026-10-02 00:47:40,426 INFO 2026-2027\RTB TERCERA B\G2\1a Fase\jornada_09.html (partial) -> 2026-2027\rtb-tercera-b\G2\1a Fase: 5 new
2026-10-02 00:47:40,453 INFO 2026-2027\RTB TERCERA B\G2\1a Fase\jornada_10.html (partial) -> 2026-2027\rtb-tercera-b\G2\1a Fase: 5 new
2026-10-02 00:47:40,474 INFO 2026-2027\RTB TERCERA B\G2\1a Fase\jornada_11.html (partial) -> 2026-2027\rtb-tercera-b\G2\1a Fase: 5 new
2026-10-02 00:47:40,498 INFO 2026-2027\RTB TERCERA B\G2\1a Fase\jornada_12.html (partial) -> 2026-2027\rtb-tercera-b\G2\1a Fase: 5 new
2026-10-02 00:47:40,526 INFO 2026-2027\RTB TERCERA B\G2\1a Fase\jornada_13.html (partial) -> 2026-2027\rtb-tercera-b\G2\1a Fase: 5 new
2026-10-02 00:47:40,556 INFO 2026-2027\RTB TERCERA B\G2\1a Fase\jornada_14.html (partial) -> 2026-2027\rtb-tercera-b\G2\1a Fase: 5 new
2026-10-02 00:47:40,584 INFO 2026-2027\RTB TERCERA B\G2\1a Fase\jornada_15.html (partial) -> 2026-2027\rtb-tercera-b\G2\1a Fase: 5 new
2026-10-02 00:47:40,607 INFO 2026-2027\RTB TERCERA B\G2\1a Fase\jornada_16.html (partial) -> 2026-2027\rtb-tercera-b\G2\1a Fase: 5 new
2026-10-02 00:47:40,630 INFO 2026-2027\RTB TERCERA B\G2\1a Fase\jornada_17.html (partial) -> 2026-2027\rtb-tercera-b\G2\1a Fase: 5 new
2026-10-02 00:47:40,659 INFO 2026-2027\RTB TERCERA B\G2\1a Fase\jornada_18.html (partial) -> 2026-2027\rtb-tercera-b\G2\1a Fase: 5 new
2026-10-02 00:47:40,740 INFO 2026-2027\RTB TERCERA B\G3\1a Fase\jornada_01.html (complete) -> 2026-2027\rtb-tercera-b\G3\1a Fase: 5 new
2026-10-02 00:47:40,767 INFO 2026-2027\RTB TERCERA B\G3\1a Fase\jornada_02.html (partial) -> 2026-2027\rtb-tercera-b\G3\1a Fase: 5 new
2026-10-02 00:47:40,788 INFO 2026-2027\RTB TERCERA B\G3\1a Fase\jornada_03.html (partial) -> 2026-2027\rtb-tercera-b\G3\1a Fase: 5 new
2026-10-02 00:47:40,808 INFO 2026-2027\RTB TERCERA B\G3\1a Fase\jornada_04.html (partial) -> 2026-2027\rtb-tercera-b\G3\1a Fase: 5 new
2026-10-02 00:47:40,829 INFO 2026-2027\RTB TERCERA B\G3\1a Fase\jornada_05.html (partial) -> 2026-2027\rtb-tercera-b\G3\1a Fase: 5 new
2026-10-02 00:47:40,850 INFO 2026-2027\RTB TERCERA B\G3\1a Fase\jornada_06.html (partial) -> 2026-2027\rtb-tercera-b\G3\1a Fase: 5 new
2026-10-02 00:47:40,869 INFO 2026-2027\RTB TERCERA B\G3\1a Fase\jornada_07.html (partial) -> 2026-2027\rtb-tercera-b\G3\1a Fase: 5 new
2026-10-02 00:47:40,889 INFO 2026-2027\RTB TERCERA B\G3\1a Fase\jornada_08.html (partial) -> 2026-2027\rtb-tercera-b\G3\1a Fase: 5 new
2026-10-02 00:47:40,909 INFO 2026-2027\RTB TERCERA B\G3\1a Fase\jornada_09.html (partial) -> 2026-2027\rtb-tercera-b\G3\1a Fase: 5 new
2026-10-02 00:47:40,930 INFO 2026-2027\RTB TERCERA B\G3\1a Fase\jornada_10.html (partial) -> 2026-2027\rtb-tercera-b\G3\1a Fase: 5 new
2026-10-02 00:47:40,950 INFO 2026-2027\RTB TERCERA B\G3\1a Fase\jornada_11.html (partial) -> 2026-2027\rtb-tercera-b\G3\1a Fase: 5 new
2026-10-02 00:47:40,972 INFO 2026-2027\RTB TERCERA B\G3\1a Fase\jornada_12.html (partial) -> 2026-2027\rtb-tercera-b\G3\1a Fase: 5 new
2026-10-02 00:47:40,994 INFO 2026-2027\RTB TERCERA B\G3\1a Fase\jornada_13.html (partial) -> 2026-2027\rtb-tercera-b\G3\1a Fase: 5 new
2026-10-02 00:47:41,016 INFO 2026-2027\RTB TERCERA B\G3\1a Fase\jornada_14.html (partial) -> 2026-2027\rtb-tercera-b\G3\1a Fase: 5 new
2026-10-02 00:47:41,039 INFO 2026-2027\RTB TERCERA B\G3\1a Fase\jornada_15.html (partial) -> 2026-2027\rtb-tercera-b\G3\1a Fase: 5 new
2026-10-02 00:47:41,060 INFO 2026-2027\RTB TERCERA B\G3\1a Fase\jornada_16.html (partial) -> 2026-2027\rtb-tercera-b\G3\1a Fase: 5 new
2026-10-02 00:47:41,079 INFO 2026-2027\RTB TERCERA B\G3\1a Fase\jornada_17.html (partial) -> 2026-2027\rtb-tercera-b\G3\1a Fase: 5 new
2026-10-02 00:47:41,099 INFO 2026-2027\RTB TERCERA B\G3\1a Fase\jornada_18.html (partial) -> 2026-2027\rtb-tercera-b\G3\1a Fase: 5 new
2026-10-02 00:47:41,153 INFO 2026-2027\RTB VETERANS 1a\G1\1a Fase\jornada_01.html (complete) -> 2026-2027\rtb-veterans-1a\G1\1a Fase: 4 new
2026-10-02 00:47:41,170 INFO 2026-2027\RTB VETERANS 1a\G1\1a Fase\jornada_02.html (partial) -> 2026-2027\rtb-veterans-1a\G1\1a Fase: 4 new
2026-10-02 00:47:41,188 INFO 2026-2027\RTB VETERANS 1a\G1\1a Fase\jornada_03.html (partial) -> 2026-2027\rtb-veterans-1a\G1\1a Fase: 4 new
2026-10-02 00:47:41,206 INFO 2026-2027\RTB VETERANS 1a\G1\1a Fase\jornada_04.html (partial) -> 2026-2027\rtb-veterans-1a\G1\1a Fase: 4 new
2026-10-02 00:47:41,223 INFO 2026-2027\RTB VETERANS 1a\G1\1a Fase\jornada_05.html (partial) -> 2026-2027\rtb-veterans-1a\G1\1a Fase: 4 new
2026-10-02 00:47:41,240 INFO 2026-2027\RTB VETERANS 1a\G1\1a Fase\jornada_06.html (partial) -> 2026-2027\rtb-veterans-1a\G1\1a Fase: 4 new
2026-10-02 00:47:41,257 INFO 2026-2027\RTB VETERANS 1a\G1\1a Fase\jornada_07.html (partial) -> 2026-2027\rtb-veterans-1a\G1\1a Fase: 4 new
2026-10-02 00:47:41,275 INFO 2026-2027\RTB VETERANS 1a\G1\1a Fase\jornada_08.html (partial) -> 2026-2027\rtb-veterans-1a\G1\1a Fase: 4 new
2026-10-02 00:47:41,292 INFO 2026-2027\RTB VETERANS 1a\G1\1a Fase\jornada_09.html (partial) -> 2026-2027\rtb-veterans-1a\G1\1a Fase: 4 new
2026-10-02 00:47:41,309 INFO 2026-2027\RTB VETERANS 1a\G1\1a Fase\jornada_10.html (partial) -> 2026-2027\rtb-veterans-1a\G1\1a Fase: 4 new
2026-10-02 00:47:41,328 INFO 2026-2027\RTB VETERANS 1a\G1\1a Fase\jornada_11.html (partial) -> 2026-2027\rtb-veterans-1a\G1\1a Fase: 4 new
2026-10-02 00:47:41,344 INFO 2026-2027\RTB VETERANS 1a\G1\1a Fase\jornada_12.html (partial) -> 2026-2027\rtb-veterans-1a\G1\1a Fase: 4 new
2026-10-02 00:47:41,360 INFO 2026-2027\RTB VETERANS 1a\G1\1a Fase\jornada_13.html (partial) -> 2026-2027\rtb-veterans-1a\G1\1a Fase: 4 new
2026-10-02 00:47:41,377 INFO 2026-2027\RTB VETERANS 1a\G1\1a Fase\jornada_14.html (partial) -> 2026-2027\rtb-veterans-1a\G1\1a Fase: 4 new
2026-10-02 00:47:41,436 INFO 2026-2027\RTB VETERANS 1a\G2\1a Fase\jornada_01.html (complete) -> 2026-2027\rtb-veterans-1a\G2\1a Fase: 4 new
2026-10-02 00:47:41,455 INFO 2026-2027\RTB VETERANS 1a\G2\1a Fase\jornada_02.html (partial) -> 2026-2027\rtb-veterans-1a\G2\1a Fase: 4 new
2026-10-02 00:47:41,472 INFO 2026-2027\RTB VETERANS 1a\G2\1a Fase\jornada_03.html (partial) -> 2026-2027\rtb-veterans-1a\G2\1a Fase: 4 new
2026-10-02 00:47:41,489 INFO 2026-2027\RTB VETERANS 1a\G2\1a Fase\jornada_04.html (partial) -> 2026-2027\rtb-veterans-1a\G2\1a Fase: 4 new
2026-10-02 00:47:41,505 INFO 2026-2027\RTB VETERANS 1a\G2\1a Fase\jornada_05.html (partial) -> 2026-2027\rtb-veterans-1a\G2\1a Fase: 4 new
2026-10-02 00:47:41,521 INFO 2026-2027\RTB VETERANS 1a\G2\1a Fase\jornada_06.html (partial) -> 2026-2027\rtb-veterans-1a\G2\1a Fase: 4 new
2026-10-02 00:47:41,538 INFO 2026-2027\RTB VETERANS 1a\G2\1a Fase\jornada_07.html (partial) -> 2026-2027\rtb-veterans-1a\G2\1a Fase: 4 new
2026-10-02 00:47:41,554 INFO 2026-2027\RTB VETERANS 1a\G2\1a Fase\jornada_08.html (partial) -> 2026-2027\rtb-veterans-1a\G2\1a Fase: 4 new
2026-10-02 00:47:41,588 INFO 2026-2027\RTB VETERANS 1a\G2\1a Fase\jornada_09.html (partial) -> 2026-2027\rtb-veterans-1a\G2\1a Fase: 4 new
2026-10-02 00:47:41,607 INFO 2026-2027\RTB VETERANS 1a\G2\1a Fase\jornada_10.html (partial) -> 2026-2027\rtb-veterans-1a\G2\1a Fase: 4 new
2026-10-02 00:47:41,625 INFO 2026-2027\RTB VETERANS 1a\G2\1a Fase\jornada_11.html (partial) -> 2026-2027\rtb-veterans-1a\G2\1a Fase: 4 new
2026-10-02 00:47:41,643 INFO 2026-2027\RTB VETERANS 1a\G2\1a Fase\jornada_12.html (partial) -> 2026-2027\rtb-veterans-1a\G2\1a Fase: 4 new
2026-10-02 00:47:41,661 INFO 2026-2027\RTB VETERANS 1a\G2\1a Fase\jornada_13.html (partial) -> 2026-2027\rtb-veterans-1a\G2\1a Fase: 4 new
2026-10-02 00:47:41,678 INFO 2026-2027\RTB VETERANS 1a\G2\1a Fase\jornada_14.html (partial) -> 2026-2027\rtb-veterans-1a\G2\1a Fase: 4 new
2026-10-02 00:47:41,734 INFO 2026-2027\RTB VETERANS 2aA\G1\1a Fase\jornada_01.html (complete) -> 2026-2027\rtb-veterans-2aa\G1\1a Fase: 4 new
2026-10-02 00:47:41,752 INFO 2026-2027\RTB VETERANS 2aA\G1\1a Fase\jornada_02.html (partial) -> 2026-2027\rtb-veterans-2aa\G1\1a Fase: 4 new
2026-10-02 00:47:41,768 INFO 2026-2027\RTB VETERANS 2aA\G1\1a Fase\jornada_03.html (partial) -> 2026-2027\rtb-veterans-2aa\G1\1a Fase: 4 new
2026-10-02 00:47:41,785 INFO 2026-2027\RTB VETERANS 2aA\G1\1a Fase\jornada_04.html (partial) -> 2026-2027\rtb-veterans-2aa\G1\1a Fase: 4 new
2026-10-02 00:47:41,801 INFO 2026-2027\RTB VETERANS 2aA\G1\1a Fase\jornada_05.html (partial) -> 2026-2027\rtb-veterans-2aa\G1\1a Fase: 4 new
2026-10-02 00:47:41,819 INFO 2026-2027\RTB VETERANS 2aA\G1\1a Fase\jornada_06.html (partial) -> 2026-2027\rtb-veterans-2aa\G1\1a Fase: 4 new
2026-10-02 00:47:41,836 INFO 2026-2027\RTB VETERANS 2aA\G1\1a Fase\jornada_07.html (partial) -> 2026-2027\rtb-veterans-2aa\G1\1a Fase: 4 new
2026-10-02 00:47:41,854 INFO 2026-2027\RTB VETERANS 2aA\G1\1a Fase\jornada_08.html (partial) -> 2026-2027\rtb-veterans-2aa\G1\1a Fase: 4 new
2026-10-02 00:47:41,871 INFO 2026-2027\RTB VETERANS 2aA\G1\1a Fase\jornada_09.html (partial) -> 2026-2027\rtb-veterans-2aa\G1\1a Fase: 4 new
2026-10-02 00:47:41,889 INFO 2026-2027\RTB VETERANS 2aA\G1\1a Fase\jornada_10.html (partial) -> 2026-2027\rtb-veterans-2aa\G1\1a Fase: 4 new
2026-10-02 00:47:41,905 INFO 2026-2027\RTB VETERANS 2aA\G1\1a Fase\jornada_11.html (partial) -> 2026-2027\rtb-veterans-2aa\G1\1a Fase: 4 new
2026-10-02 00:47:41,920 INFO 2026-2027\RTB VETERANS 2aA\G1\1a Fase\jornada_12.html (partial) -> 2026-2027\rtb-veterans-2aa\G1\1a Fase: 4 new
2026-10-02 00:47:41,937 INFO 2026-2027\RTB VETERANS 2aA\G1\1a Fase\jornada_13.html (partial) -> 2026-2027\rtb-veterans-2aa\G1\1a Fase: 4 new
2026-10-02 00:47:41,953 INFO 2026-2027\RTB VETERANS 2aA\G1\1a Fase\jornada_14.html (partial) -> 2026-2027\rtb-veterans-2aa\G1\1a Fase: 4 new
2026-10-02 00:47:42,007 INFO 2026-2027\RTB VETERANS 2aA\G2\1a Fase\jornada_01.html (complete) -> 2026-2027\rtb-veterans-2aa\G2\1a Fase: 4 new
2026-10-02 00:47:42,025 INFO 2026-2027\RTB VETERANS 2aA\G2\1a Fase\jornada_02.html (partial) -> 2026-2027\rtb-veterans-2aa\G2\1a Fase: 4 new
2026-10-02 00:47:42,043 INFO 2026-2027\RTB VETERANS 2aA\G2\1a Fase\jornada_03.html (partial) -> 2026-2027\rtb-veterans-2aa\G2\1a Fase: 4 new
2026-10-02 00:47:42,062 INFO 2026-2027\RTB VETERANS 2aA\G2\1a Fase\jornada_04.html (partial) -> 2026-2027\rtb-veterans-2aa\G2\1a Fase: 4 new
2026-10-02 00:47:42,082 INFO 2026-2027\RTB VETERANS 2aA\G2\1a Fase\jornada_05.html (partial) -> 2026-2027\rtb-veterans-2aa\G2\1a Fase: 4 new
2026-10-02 00:47:42,099 INFO 2026-2027\RTB VETERANS 2aA\G2\1a Fase\jornada_06.html (partial) -> 2026-2027\rtb-veterans-2aa\G2\1a Fase: 4 new
2026-10-02 00:47:42,116 INFO 2026-2027\RTB VETERANS 2aA\G2\1a Fase\jornada_07.html (partial) -> 2026-2027\rtb-veterans-2aa\G2\1a Fase: 4 new
2026-10-02 00:47:42,132 INFO 2026-2027\RTB VETERANS 2aA\G2\1a Fase\jornada_08.html (partial) -> 2026-2027\rtb-veterans-2aa\G2\1a Fase: 4 new
2026-10-02 00:47:42,148 INFO 2026-2027\RTB VETERANS 2aA\G2\1a Fase\jornada_09.html (partial) -> 2026-2027\rtb-veterans-2aa\G2\1a Fase: 4 new
2026-10-02 00:47:42,164 INFO 2026-2027\RTB VETERANS 2aA\G2\1a Fase\jornada_10.html (partial) -> 2026-2027\rtb-veterans-2aa\G2\1a Fase: 4 new
2026-10-02 00:47:42,180 INFO 2026-2027\RTB VETERANS 2aA\G2\1a Fase\jornada_11.html (partial) -> 2026-2027\rtb-veterans-2aa\G2\1a Fase: 4 new
2026-10-02 00:47:42,196 INFO 2026-2027\RTB VETERANS 2aA\G2\1a Fase\jornada_12.html (partial) -> 2026-2027\rtb-veterans-2aa\G2\1a Fase: 4 new
2026-10-02 00:47:42,212 INFO 2026-2027\RTB VETERANS 2aA\G2\1a Fase\jornada_13.html (partial) -> 2026-2027\rtb-veterans-2aa\G2\1a Fase: 4 new
2026-10-02 00:47:42,230 INFO 2026-2027\RTB VETERANS 2aA\G2\1a Fase\jornada_14.html (partial) -> 2026-2027\rtb-veterans-2aa\G2\1a Fase: 4 new
2026-10-02 00:47:42,281 INFO 2026-2027\RTB VETERANS 2aB\G1\1a Fase\jornada_01.html (partial) -> 2026-2027\rtb-veterans-2ab\G1\1a Fase: 4 new
2026-10-02 00:47:42,298 INFO 2026-2027\RTB VETERANS 2aB\G1\1a Fase\jornada_02.html (partial) -> 2026-2027\rtb-veterans-2ab\G1\1a Fase: 4 new
2026-10-02 00:47:42,316 INFO 2026-2027\RTB VETERANS 2aB\G1\1a Fase\jornada_03.html (partial) -> 2026-2027\rtb-veterans-2ab\G1\1a Fase: 4 new
2026-10-02 00:47:42,333 INFO 2026-2027\RTB VETERANS 2aB\G1\1a Fase\jornada_04.html (partial) -> 2026-2027\rtb-veterans-2ab\G1\1a Fase: 4 new
2026-10-02 00:47:42,349 INFO 2026-2027\RTB VETERANS 2aB\G1\1a Fase\jornada_05.html (partial) -> 2026-2027\rtb-veterans-2ab\G1\1a Fase: 4 new
2026-10-02 00:47:42,365 INFO 2026-2027\RTB VETERANS 2aB\G1\1a Fase\jornada_06.html (partial) -> 2026-2027\rtb-veterans-2ab\G1\1a Fase: 4 new
2026-10-02 00:47:42,381 INFO 2026-2027\RTB VETERANS 2aB\G1\1a Fase\jornada_07.html (partial) -> 2026-2027\rtb-veterans-2ab\G1\1a Fase: 4 new
2026-10-02 00:47:42,397 INFO 2026-2027\RTB VETERANS 2aB\G1\1a Fase\jornada_08.html (partial) -> 2026-2027\rtb-veterans-2ab\G1\1a Fase: 4 new
2026-10-02 00:47:42,413 INFO 2026-2027\RTB VETERANS 2aB\G1\1a Fase\jornada_09.html (partial) -> 2026-2027\rtb-veterans-2ab\G1\1a Fase: 4 new
2026-10-02 00:47:42,432 INFO 2026-2027\RTB VETERANS 2aB\G1\1a Fase\jornada_10.html (partial) -> 2026-2027\rtb-veterans-2ab\G1\1a Fase: 4 new
2026-10-02 00:47:42,449 INFO 2026-2027\RTB VETERANS 2aB\G1\1a Fase\jornada_11.html (partial) -> 2026-2027\rtb-veterans-2ab\G1\1a Fase: 4 new
2026-10-02 00:47:42,468 INFO 2026-2027\RTB VETERANS 2aB\G1\1a Fase\jornada_12.html (partial) -> 2026-2027\rtb-veterans-2ab\G1\1a Fase: 4 new
2026-10-02 00:47:42,487 INFO 2026-2027\RTB VETERANS 2aB\G1\1a Fase\jornada_13.html (partial) -> 2026-2027\rtb-veterans-2ab\G1\1a Fase: 4 new
2026-10-02 00:47:42,506 INFO 2026-2027\RTB VETERANS 2aB\G1\1a Fase\jornada_14.html (partial) -> 2026-2027\rtb-veterans-2ab\G1\1a Fase: 4 new
2026-10-02 00:47:42,562 INFO 2026-2027\RTB VETERANS 2aB\G2\1a Fase\jornada_01.html (complete) -> 2026-2027\rtb-veterans-2ab\G2\1a Fase: 4 new
2026-10-02 00:47:42,579 INFO 2026-2027\RTB VETERANS 2aB\G2\1a Fase\jornada_02.html (partial) -> 2026-2027\rtb-veterans-2ab\G2\1a Fase: 4 new
2026-10-02 00:47:42,597 INFO 2026-2027\RTB VETERANS 2aB\G2\1a Fase\jornada_03.html (partial) -> 2026-2027\rtb-veterans-2ab\G2\1a Fase: 4 new
2026-10-02 00:47:42,614 INFO 2026-2027\RTB VETERANS 2aB\G2\1a Fase\jornada_04.html (partial) -> 2026-2027\rtb-veterans-2ab\G2\1a Fase: 4 new
2026-10-02 00:47:42,635 INFO 2026-2027\RTB VETERANS 2aB\G2\1a Fase\jornada_05.html (partial) -> 2026-2027\rtb-veterans-2ab\G2\1a Fase: 4 new
2026-10-02 00:47:42,653 INFO 2026-2027\RTB VETERANS 2aB\G2\1a Fase\jornada_06.html (partial) -> 2026-2027\rtb-veterans-2ab\G2\1a Fase: 4 new
2026-10-02 00:47:42,671 INFO 2026-2027\RTB VETERANS 2aB\G2\1a Fase\jornada_07.html (partial) -> 2026-2027\rtb-veterans-2ab\G2\1a Fase: 4 new
2026-10-02 00:47:42,690 INFO 2026-2027\RTB VETERANS 2aB\G2\1a Fase\jornada_08.html (partial) -> 2026-2027\rtb-veterans-2ab\G2\1a Fase: 4 new
2026-10-02 00:47:42,709 INFO 2026-2027\RTB VETERANS 2aB\G2\1a Fase\jornada_09.html (partial) -> 2026-2027\rtb-veterans-2ab\G2\1a Fase: 4 new
2026-10-02 00:47:42,725 INFO 2026-2027\RTB VETERANS 2aB\G2\1a Fase\jornada_10.html (partial) -> 2026-2027\rtb-veterans-2ab\G2\1a Fase: 4 new
2026-10-02 00:47:42,742 INFO 2026-2027\RTB VETERANS 2aB\G2\1a Fase\jornada_11.html (partial) -> 2026-2027\rtb-veterans-2ab\G2\1a Fase: 4 new
2026-10-02 00:47:42,760 INFO 2026-2027\RTB VETERANS 2aB\G2\1a Fase\jornada_12.html (partial) -> 2026-2027\rtb-veterans-2ab\G2\1a Fase: 4 new
2026-10-02 00:47:42,777 INFO 2026-2027\RTB VETERANS 2aB\G2\1a Fase\jornada_13.html (partial) -> 2026-2027\rtb-veterans-2ab\G2\1a Fase: 4 new
2026-10-02 00:47:42,793 INFO 2026-2027\RTB VETERANS 2aB\G2\1a Fase\jornada_14.html (partial) -> 2026-2027\rtb-veterans-2ab\G2\1a Fase: 4 new
2026-10-02 00:47:42,852 INFO 2026-2027\RTB VETERANS 3a A\G1\1a Fase\jornada_01.html (complete) -> 2026-2027\rtb-veterans-3a-a\G1\1a Fase: 4 new
2026-10-02 00:47:42,871 INFO 2026-2027\RTB VETERANS 3a A\G1\1a Fase\jornada_02.html (partial) -> 2026-2027\rtb-veterans-3a-a\G1\1a Fase: 4 new
2026-10-02 00:47:42,890 INFO 2026-2027\RTB VETERANS 3a A\G1\1a Fase\jornada_03.html (partial) -> 2026-2027\rtb-veterans-3a-a\G1\1a Fase: 4 new
2026-10-02 00:47:42,911 INFO 2026-2027\RTB VETERANS 3a A\G1\1a Fase\jornada_04.html (partial) -> 2026-2027\rtb-veterans-3a-a\G1\1a Fase: 4 new
2026-10-02 00:47:42,929 INFO 2026-2027\RTB VETERANS 3a A\G1\1a Fase\jornada_05.html (partial) -> 2026-2027\rtb-veterans-3a-a\G1\1a Fase: 4 new
2026-10-02 00:47:42,946 INFO 2026-2027\RTB VETERANS 3a A\G1\1a Fase\jornada_06.html (partial) -> 2026-2027\rtb-veterans-3a-a\G1\1a Fase: 4 new
2026-10-02 00:47:42,962 INFO 2026-2027\RTB VETERANS 3a A\G1\1a Fase\jornada_07.html (partial) -> 2026-2027\rtb-veterans-3a-a\G1\1a Fase: 4 new
2026-10-02 00:47:42,979 INFO 2026-2027\RTB VETERANS 3a A\G1\1a Fase\jornada_08.html (partial) -> 2026-2027\rtb-veterans-3a-a\G1\1a Fase: 4 new
2026-10-02 00:47:42,995 INFO 2026-2027\RTB VETERANS 3a A\G1\1a Fase\jornada_09.html (partial) -> 2026-2027\rtb-veterans-3a-a\G1\1a Fase: 4 new
2026-10-02 00:47:43,012 INFO 2026-2027\RTB VETERANS 3a A\G1\1a Fase\jornada_10.html (partial) -> 2026-2027\rtb-veterans-3a-a\G1\1a Fase: 4 new
2026-10-02 00:47:43,029 INFO 2026-2027\RTB VETERANS 3a A\G1\1a Fase\jornada_11.html (partial) -> 2026-2027\rtb-veterans-3a-a\G1\1a Fase: 4 new
2026-10-02 00:47:43,045 INFO 2026-2027\RTB VETERANS 3a A\G1\1a Fase\jornada_12.html (partial) -> 2026-2027\rtb-veterans-3a-a\G1\1a Fase: 4 new
2026-10-02 00:47:43,063 INFO 2026-2027\RTB VETERANS 3a A\G1\1a Fase\jornada_13.html (partial) -> 2026-2027\rtb-veterans-3a-a\G1\1a Fase: 4 new
2026-10-02 00:47:43,089 INFO 2026-2027\RTB VETERANS 3a A\G1\1a Fase\jornada_14.html (partial) -> 2026-2027\rtb-veterans-3a-a\G1\1a Fase: 4 new
2026-10-02 00:47:43,150 INFO 2026-2027\RTB VETERANS 3a A\G2\1a Fase\jornada_01.html (complete) -> 2026-2027\rtb-veterans-3a-a\G2\1a Fase: 4 new
2026-10-02 00:47:43,167 INFO 2026-2027\RTB VETERANS 3a A\G2\1a Fase\jornada_02.html (partial) -> 2026-2027\rtb-veterans-3a-a\G2\1a Fase: 4 new
2026-10-02 00:47:43,183 INFO 2026-2027\RTB VETERANS 3a A\G2\1a Fase\jornada_03.html (partial) -> 2026-2027\rtb-veterans-3a-a\G2\1a Fase: 4 new
2026-10-02 00:47:43,199 INFO 2026-2027\RTB VETERANS 3a A\G2\1a Fase\jornada_04.html (partial) -> 2026-2027\rtb-veterans-3a-a\G2\1a Fase: 4 new
2026-10-02 00:47:43,215 INFO 2026-2027\RTB VETERANS 3a A\G2\1a Fase\jornada_05.html (partial) -> 2026-2027\rtb-veterans-3a-a\G2\1a Fase: 4 new
2026-10-02 00:47:43,231 INFO 2026-2027\RTB VETERANS 3a A\G2\1a Fase\jornada_06.html (partial) -> 2026-2027\rtb-veterans-3a-a\G2\1a Fase: 4 new
2026-10-02 00:47:43,247 INFO 2026-2027\RTB VETERANS 3a A\G2\1a Fase\jornada_07.html (partial) -> 2026-2027\rtb-veterans-3a-a\G2\1a Fase: 4 new
2026-10-02 00:47:43,263 INFO 2026-2027\RTB VETERANS 3a A\G2\1a Fase\jornada_08.html (partial) -> 2026-2027\rtb-veterans-3a-a\G2\1a Fase: 4 new
2026-10-02 00:47:43,280 INFO 2026-2027\RTB VETERANS 3a A\G2\1a Fase\jornada_09.html (partial) -> 2026-2027\rtb-veterans-3a-a\G2\1a Fase: 4 new
2026-10-02 00:47:43,297 INFO 2026-2027\RTB VETERANS 3a A\G2\1a Fase\jornada_10.html (partial) -> 2026-2027\rtb-veterans-3a-a\G2\1a Fase: 4 new
2026-10-02 00:47:43,314 INFO 2026-2027\RTB VETERANS 3a A\G2\1a Fase\jornada_11.html (partial) -> 2026-2027\rtb-veterans-3a-a\G2\1a Fase: 4 new
2026-10-02 00:47:43,333 INFO 2026-2027\RTB VETERANS 3a A\G2\1a Fase\jornada_12.html (partial) -> 2026-2027\rtb-veterans-3a-a\G2\1a Fase: 4 new
2026-10-02 00:47:43,350 INFO 2026-2027\RTB VETERANS 3a A\G2\1a Fase\jornada_13.html (partial) -> 2026-2027\rtb-veterans-3a-a\G2\1a Fase: 4 new
2026-10-02 00:47:43,373 INFO 2026-2027\RTB VETERANS 3a A\G2\1a Fase\jornada_14.html (partial) -> 2026-2027\rtb-veterans-3a-a\G2\1a Fase: 4 new
2026-10-02 00:47:43,420 INFO 2026-2027\RTB VETERANS 3a B\G1\1a Fase\jornada_01.html (partial) -> 2026-2027\rtb-veterans-3a-b\G1\1a Fase: 4 new
2026-10-02 00:47:43,436 INFO 2026-2027\RTB VETERANS 3a B\G1\1a Fase\jornada_02.html (partial) -> 2026-2027\rtb-veterans-3a-b\G1\1a Fase: 4 new
2026-10-02 00:47:43,451 INFO 2026-2027\RTB VETERANS 3a B\G1\1a Fase\jornada_03.html (partial) -> 2026-2027\rtb-veterans-3a-b\G1\1a Fase: 4 new
2026-10-02 00:47:43,470 INFO 2026-2027\RTB VETERANS 3a B\G1\1a Fase\jornada_04.html (partial) -> 2026-2027\rtb-veterans-3a-b\G1\1a Fase: 4 new
2026-10-02 00:47:43,515 INFO 2026-2027\RTB VETERANS 3a B\G1\1a Fase\jornada_05.html (partial) -> 2026-2027\rtb-veterans-3a-b\G1\1a Fase: 4 new
2026-10-02 00:47:43,537 INFO 2026-2027\RTB VETERANS 3a B\G1\1a Fase\jornada_06.html (partial) -> 2026-2027\rtb-veterans-3a-b\G1\1a Fase: 4 new
2026-10-02 00:47:43,555 INFO 2026-2027\RTB VETERANS 3a B\G1\1a Fase\jornada_07.html (partial) -> 2026-2027\rtb-veterans-3a-b\G1\1a Fase: 4 new
2026-10-02 00:47:43,571 INFO 2026-2027\RTB VETERANS 3a B\G1\1a Fase\jornada_08.html (partial) -> 2026-2027\rtb-veterans-3a-b\G1\1a Fase: 4 new
2026-10-02 00:47:43,591 INFO 2026-2027\RTB VETERANS 3a B\G1\1a Fase\jornada_09.html (partial) -> 2026-2027\rtb-veterans-3a-b\G1\1a Fase: 4 new
2026-10-02 00:47:43,611 INFO 2026-2027\RTB VETERANS 3a B\G1\1a Fase\jornada_10.html (partial) -> 2026-2027\rtb-veterans-3a-b\G1\1a Fase: 4 new
2026-10-02 00:47:43,635 INFO 2026-2027\RTB VETERANS 3a B\G1\1a Fase\jornada_11.html (partial) -> 2026-2027\rtb-veterans-3a-b\G1\1a Fase: 4 new
2026-10-02 00:47:43,656 INFO 2026-2027\RTB VETERANS 3a B\G1\1a Fase\jornada_12.html (partial) -> 2026-2027\rtb-veterans-3a-b\G1\1a Fase: 4 new
2026-10-02 00:47:43,688 INFO 2026-2027\RTB VETERANS 3a B\G1\1a Fase\jornada_13.html (partial) -> 2026-2027\rtb-veterans-3a-b\G1\1a Fase: 4 new
2026-10-02 00:47:43,715 INFO 2026-2027\RTB VETERANS 3a B\G1\1a Fase\jornada_14.html (partial) -> 2026-2027\rtb-veterans-3a-b\G1\1a Fase: 4 new
2026-10-02 00:47:43,837 INFO 2026-2027\RTB VETERANS 3a B\G2\1a Fase\jornada_01.html (complete) -> 2026-2027\rtb-veterans-3a-b\G2\1a Fase: 4 new
2026-10-02 00:47:43,876 INFO 2026-2027\RTB VETERANS 3a B\G2\1a Fase\jornada_02.html (partial) -> 2026-2027\rtb-veterans-3a-b\G2\1a Fase: 4 new
2026-10-02 00:47:43,905 INFO 2026-2027\RTB VETERANS 3a B\G2\1a Fase\jornada_03.html (partial) -> 2026-2027\rtb-veterans-3a-b\G2\1a Fase: 4 new
2026-10-02 00:47:43,923 INFO 2026-2027\RTB VETERANS 3a B\G2\1a Fase\jornada_04.html (partial) -> 2026-2027\rtb-veterans-3a-b\G2\1a Fase: 4 new
2026-10-02 00:47:43,941 INFO 2026-2027\RTB VETERANS 3a B\G2\1a Fase\jornada_05.html (partial) -> 2026-2027\rtb-veterans-3a-b\G2\1a Fase: 4 new
2026-10-02 00:47:43,960 INFO 2026-2027\RTB VETERANS 3a B\G2\1a Fase\jornada_06.html (partial) -> 2026-2027\rtb-veterans-3a-b\G2\1a Fase: 4 new
2026-10-02 00:47:43,977 INFO 2026-2027\RTB VETERANS 3a B\G2\1a Fase\jornada_07.html (partial) -> 2026-2027\rtb-veterans-3a-b\G2\1a Fase: 4 new
2026-10-02 00:47:43,996 INFO 2026-2027\RTB VETERANS 3a B\G2\1a Fase\jornada_08.html (partial) -> 2026-2027\rtb-veterans-3a-b\G2\1a Fase: 4 new
2026-10-02 00:47:44,014 INFO 2026-2027\RTB VETERANS 3a B\G2\1a Fase\jornada_09.html (partial) -> 2026-2027\rtb-veterans-3a-b\G2\1a Fase: 4 new
2026-10-02 00:47:44,035 INFO 2026-2027\RTB VETERANS 3a B\G2\1a Fase\jornada_10.html (partial) -> 2026-2027\rtb-veterans-3a-b\G2\1a Fase: 4 new
2026-10-02 00:47:44,063 INFO 2026-2027\RTB VETERANS 3a B\G2\1a Fase\jornada_11.html (partial) -> 2026-2027\rtb-veterans-3a-b\G2\1a Fase: 4 new
2026-10-02 00:47:44,088 INFO 2026-2027\RTB VETERANS 3a B\G2\1a Fase\jornada_12.html (partial) -> 2026-2027\rtb-veterans-3a-b\G2\1a Fase: 4 new
2026-10-02 00:47:44,113 INFO 2026-2027\RTB VETERANS 3a B\G2\1a Fase\jornada_13.html (partial) -> 2026-2027\rtb-veterans-3a-b\G2\1a Fase: 4 new
2026-10-02 00:47:44,154 INFO 2026-2027\RTB VETERANS 3a B\G2\1a Fase\jornada_14.html (partial) -> 2026-2027\rtb-veterans-3a-b\G2\1a Fase: 4 new
2026-10-02 00:47:44,229 INFO 2026-2027\RTB VETERANS 4a A\G1\1a Fase\jornada_01.html (complete) -> 2026-2027\rtb-veterans-4a-a\G1\1a Fase: 4 new
2026-10-02 00:47:44,250 INFO 2026-2027\RTB VETERANS 4a A\G1\1a Fase\jornada_02.html (partial) -> 2026-2027\rtb-veterans-4a-a\G1\1a Fase: 4 new
2026-10-02 00:47:44,270 INFO 2026-2027\RTB VETERANS 4a A\G1\1a Fase\jornada_03.html (partial) -> 2026-2027\rtb-veterans-4a-a\G1\1a Fase: 4 new
2026-10-02 00:47:44,288 INFO 2026-2027\RTB VETERANS 4a A\G1\1a Fase\jornada_04.html (partial) -> 2026-2027\rtb-veterans-4a-a\G1\1a Fase: 4 new
2026-10-02 00:47:44,312 INFO 2026-2027\RTB VETERANS 4a A\G1\1a Fase\jornada_05.html (partial) -> 2026-2027\rtb-veterans-4a-a\G1\1a Fase: 4 new
2026-10-02 00:47:44,334 INFO 2026-2027\RTB VETERANS 4a A\G1\1a Fase\jornada_06.html (partial) -> 2026-2027\rtb-veterans-4a-a\G1\1a Fase: 4 new
2026-10-02 00:47:44,353 INFO 2026-2027\RTB VETERANS 4a A\G1\1a Fase\jornada_07.html (partial) -> 2026-2027\rtb-veterans-4a-a\G1\1a Fase: 4 new
2026-10-02 00:47:44,370 INFO 2026-2027\RTB VETERANS 4a A\G1\1a Fase\jornada_08.html (partial) -> 2026-2027\rtb-veterans-4a-a\G1\1a Fase: 4 new
2026-10-02 00:47:44,386 INFO 2026-2027\RTB VETERANS 4a A\G1\1a Fase\jornada_09.html (partial) -> 2026-2027\rtb-veterans-4a-a\G1\1a Fase: 4 new
2026-10-02 00:47:44,405 INFO 2026-2027\RTB VETERANS 4a A\G1\1a Fase\jornada_10.html (partial) -> 2026-2027\rtb-veterans-4a-a\G1\1a Fase: 4 new
2026-10-02 00:47:44,421 INFO 2026-2027\RTB VETERANS 4a A\G1\1a Fase\jornada_11.html (partial) -> 2026-2027\rtb-veterans-4a-a\G1\1a Fase: 4 new
2026-10-02 00:47:44,445 INFO 2026-2027\RTB VETERANS 4a A\G1\1a Fase\jornada_12.html (partial) -> 2026-2027\rtb-veterans-4a-a\G1\1a Fase: 4 new
2026-10-02 00:47:44,462 INFO 2026-2027\RTB VETERANS 4a A\G1\1a Fase\jornada_13.html (partial) -> 2026-2027\rtb-veterans-4a-a\G1\1a Fase: 4 new
2026-10-02 00:47:44,484 INFO 2026-2027\RTB VETERANS 4a A\G1\1a Fase\jornada_14.html (partial) -> 2026-2027\rtb-veterans-4a-a\G1\1a Fase: 4 new
2026-10-02 00:47:44,546 INFO 2026-2027\RTB VETERANS 4a A\G2\1a Fase\jornada_01.html (complete) -> 2026-2027\rtb-veterans-4a-a\G2\1a Fase: 4 new
2026-10-02 00:47:44,564 INFO 2026-2027\RTB VETERANS 4a A\G2\1a Fase\jornada_02.html (partial) -> 2026-2027\rtb-veterans-4a-a\G2\1a Fase: 4 new
2026-10-02 00:47:44,585 INFO 2026-2027\RTB VETERANS 4a A\G2\1a Fase\jornada_03.html (partial) -> 2026-2027\rtb-veterans-4a-a\G2\1a Fase: 4 new
2026-10-02 00:47:44,603 INFO 2026-2027\RTB VETERANS 4a A\G2\1a Fase\jornada_04.html (partial) -> 2026-2027\rtb-veterans-4a-a\G2\1a Fase: 4 new
2026-10-02 00:47:44,621 INFO 2026-2027\RTB VETERANS 4a A\G2\1a Fase\jornada_05.html (partial) -> 2026-2027\rtb-veterans-4a-a\G2\1a Fase: 4 new
2026-10-02 00:47:44,638 INFO 2026-2027\RTB VETERANS 4a A\G2\1a Fase\jornada_06.html (partial) -> 2026-2027\rtb-veterans-4a-a\G2\1a Fase: 4 new
2026-10-02 00:47:44,656 INFO 2026-2027\RTB VETERANS 4a A\G2\1a Fase\jornada_07.html (partial) -> 2026-2027\rtb-veterans-4a-a\G2\1a Fase: 4 new
2026-10-02 00:47:44,679 INFO 2026-2027\RTB VETERANS 4a A\G2\1a Fase\jornada_08.html (partial) -> 2026-2027\rtb-veterans-4a-a\G2\1a Fase: 4 new
2026-10-02 00:47:44,698 INFO 2026-2027\RTB VETERANS 4a A\G2\1a Fase\jornada_09.html (partial) -> 2026-2027\rtb-veterans-4a-a\G2\1a Fase: 4 new
2026-10-02 00:47:44,716 INFO 2026-2027\RTB VETERANS 4a A\G2\1a Fase\jornada_10.html (partial) -> 2026-2027\rtb-veterans-4a-a\G2\1a Fase: 4 new
2026-10-02 00:47:44,733 INFO 2026-2027\RTB VETERANS 4a A\G2\1a Fase\jornada_11.html (partial) -> 2026-2027\rtb-veterans-4a-a\G2\1a Fase: 4 new
2026-10-02 00:47:44,750 INFO 2026-2027\RTB VETERANS 4a A\G2\1a Fase\jornada_12.html (partial) -> 2026-2027\rtb-veterans-4a-a\G2\1a Fase: 4 new
2026-10-02 00:47:44,769 INFO 2026-2027\RTB VETERANS 4a A\G2\1a Fase\jornada_13.html (partial) -> 2026-2027\rtb-veterans-4a-a\G2\1a Fase: 4 new
2026-10-02 00:47:44,786 INFO 2026-2027\RTB VETERANS 4a A\G2\1a Fase\jornada_14.html (partial) -> 2026-2027\rtb-veterans-4a-a\G2\1a Fase: 4 new
2026-10-02 00:47:44,843 INFO 2026-2027\RTB VETERANS 4a B\G1\1a Fase\jornada_01.html (complete) -> 2026-2027\rtb-veterans-4a-b\G1\1a Fase: 4 new
2026-10-02 00:47:44,858 INFO 2026-2027\RTB VETERANS 4a B\G1\1a Fase\jornada_02.html (partial) -> 2026-2027\rtb-veterans-4a-b\G1\1a Fase: 4 new
2026-10-02 00:47:44,874 INFO 2026-2027\RTB VETERANS 4a B\G1\1a Fase\jornada_03.html (partial) -> 2026-2027\rtb-veterans-4a-b\G1\1a Fase: 4 new
2026-10-02 00:47:44,891 INFO 2026-2027\RTB VETERANS 4a B\G1\1a Fase\jornada_04.html (partial) -> 2026-2027\rtb-veterans-4a-b\G1\1a Fase: 4 new
2026-10-02 00:47:44,908 INFO 2026-2027\RTB VETERANS 4a B\G1\1a Fase\jornada_05.html (partial) -> 2026-2027\rtb-veterans-4a-b\G1\1a Fase: 4 new
2026-10-02 00:47:44,926 INFO 2026-2027\RTB VETERANS 4a B\G1\1a Fase\jornada_06.html (partial) -> 2026-2027\rtb-veterans-4a-b\G1\1a Fase: 4 new
2026-10-02 00:47:44,944 INFO 2026-2027\RTB VETERANS 4a B\G1\1a Fase\jornada_07.html (partial) -> 2026-2027\rtb-veterans-4a-b\G1\1a Fase: 4 new
2026-10-02 00:47:44,963 INFO 2026-2027\RTB VETERANS 4a B\G1\1a Fase\jornada_08.html (partial) -> 2026-2027\rtb-veterans-4a-b\G1\1a Fase: 4 new
2026-10-02 00:47:44,979 INFO 2026-2027\RTB VETERANS 4a B\G1\1a Fase\jornada_09.html (partial) -> 2026-2027\rtb-veterans-4a-b\G1\1a Fase: 4 new
2026-10-02 00:47:44,996 INFO 2026-2027\RTB VETERANS 4a B\G1\1a Fase\jornada_10.html (partial) -> 2026-2027\rtb-veterans-4a-b\G1\1a Fase: 4 new
2026-10-02 00:47:45,013 INFO 2026-2027\RTB VETERANS 4a B\G1\1a Fase\jornada_11.html (partial) -> 2026-2027\rtb-veterans-4a-b\G1\1a Fase: 4 new
2026-10-02 00:47:45,028 INFO 2026-2027\RTB VETERANS 4a B\G1\1a Fase\jornada_12.html (partial) -> 2026-2027\rtb-veterans-4a-b\G1\1a Fase: 4 new
2026-10-02 00:47:45,045 INFO 2026-2027\RTB VETERANS 4a B\G1\1a Fase\jornada_13.html (partial) -> 2026-2027\rtb-veterans-4a-b\G1\1a Fase: 4 new
2026-10-02 00:47:45,061 INFO 2026-2027\RTB VETERANS 4a B\G1\1a Fase\jornada_14.html (partial) -> 2026-2027\rtb-veterans-4a-b\G1\1a Fase: 4 new
2026-10-02 00:47:45,116 INFO 2026-2027\RTB VETERANS 4a B\G2\1a Fase\jornada_01.html (complete) -> 2026-2027\rtb-veterans-4a-b\G2\1a Fase: 4 new
2026-10-02 00:47:45,132 INFO 2026-2027\RTB VETERANS 4a B\G2\1a Fase\jornada_02.html (partial) -> 2026-2027\rtb-veterans-4a-b\G2\1a Fase: 4 new
2026-10-02 00:47:45,149 INFO 2026-2027\RTB VETERANS 4a B\G2\1a Fase\jornada_03.html (partial) -> 2026-2027\rtb-veterans-4a-b\G2\1a Fase: 4 new
2026-10-02 00:47:45,165 INFO 2026-2027\RTB VETERANS 4a B\G2\1a Fase\jornada_04.html (partial) -> 2026-2027\rtb-veterans-4a-b\G2\1a Fase: 4 new
2026-10-02 00:47:45,182 INFO 2026-2027\RTB VETERANS 4a B\G2\1a Fase\jornada_05.html (partial) -> 2026-2027\rtb-veterans-4a-b\G2\1a Fase: 4 new
2026-10-02 00:47:45,200 INFO 2026-2027\RTB VETERANS 4a B\G2\1a Fase\jornada_06.html (partial) -> 2026-2027\rtb-veterans-4a-b\G2\1a Fase: 4 new
2026-10-02 00:47:45,218 INFO 2026-2027\RTB VETERANS 4a B\G2\1a Fase\jornada_07.html (partial) -> 2026-2027\rtb-veterans-4a-b\G2\1a Fase: 4 new
2026-10-02 00:47:45,235 INFO 2026-2027\RTB VETERANS 4a B\G2\1a Fase\jornada_08.html (partial) -> 2026-2027\rtb-veterans-4a-b\G2\1a Fase: 4 new
2026-10-02 00:47:45,252 INFO 2026-2027\RTB VETERANS 4a B\G2\1a Fase\jornada_09.html (partial) -> 2026-2027\rtb-veterans-4a-b\G2\1a Fase: 4 new
2026-10-02 00:47:45,268 INFO 2026-2027\RTB VETERANS 4a B\G2\1a Fase\jornada_10.html (partial) -> 2026-2027\rtb-veterans-4a-b\G2\1a Fase: 4 new
2026-10-02 00:47:45,284 INFO 2026-2027\RTB VETERANS 4a B\G2\1a Fase\jornada_11.html (partial) -> 2026-2027\rtb-veterans-4a-b\G2\1a Fase: 4 new
2026-10-02 00:47:45,300 INFO 2026-2027\RTB VETERANS 4a B\G2\1a Fase\jornada_12.html (partial) -> 2026-2027\rtb-veterans-4a-b\G2\1a Fase: 4 new
2026-10-02 00:47:45,318 INFO 2026-2027\RTB VETERANS 4a B\G2\1a Fase\jornada_13.html (partial) -> 2026-2027\rtb-veterans-4a-b\G2\1a Fase: 4 new
2026-10-02 00:47:45,338 INFO 2026-2027\RTB VETERANS 4a B\G2\1a Fase\jornada_14.html (partial) -> 2026-2027\rtb-veterans-4a-b\G2\1a Fase: 4 new
2026-10-02 00:47:45,393 INFO 2026-2027\RTB VETERANS 4a C\G1\1a Fase\jornada_01.html (complete) -> 2026-2027\rtb-veterans-4a-c\G1\1a Fase: 4 new
2026-10-02 00:47:45,410 INFO 2026-2027\RTB VETERANS 4a C\G1\1a Fase\jornada_02.html (partial) -> 2026-2027\rtb-veterans-4a-c\G1\1a Fase: 4 new
2026-10-02 00:47:45,427 INFO 2026-2027\RTB VETERANS 4a C\G1\1a Fase\jornada_03.html (partial) -> 2026-2027\rtb-veterans-4a-c\G1\1a Fase: 4 new
2026-10-02 00:47:45,444 INFO 2026-2027\RTB VETERANS 4a C\G1\1a Fase\jornada_04.html (partial) -> 2026-2027\rtb-veterans-4a-c\G1\1a Fase: 4 new
2026-10-02 00:47:45,459 INFO 2026-2027\RTB VETERANS 4a C\G1\1a Fase\jornada_05.html (partial) -> 2026-2027\rtb-veterans-4a-c\G1\1a Fase: 4 new
2026-10-02 00:47:45,475 INFO 2026-2027\RTB VETERANS 4a C\G1\1a Fase\jornada_06.html (partial) -> 2026-2027\rtb-veterans-4a-c\G1\1a Fase: 4 new
2026-10-02 00:47:45,491 INFO 2026-2027\RTB VETERANS 4a C\G1\1a Fase\jornada_07.html (partial) -> 2026-2027\rtb-veterans-4a-c\G1\1a Fase: 4 new
2026-10-02 00:47:45,507 INFO 2026-2027\RTB VETERANS 4a C\G1\1a Fase\jornada_08.html (partial) -> 2026-2027\rtb-veterans-4a-c\G1\1a Fase: 4 new
2026-10-02 00:47:45,524 INFO 2026-2027\RTB VETERANS 4a C\G1\1a Fase\jornada_09.html (partial) -> 2026-2027\rtb-veterans-4a-c\G1\1a Fase: 4 new
2026-10-02 00:47:45,541 INFO 2026-2027\RTB VETERANS 4a C\G1\1a Fase\jornada_10.html (partial) -> 2026-2027\rtb-veterans-4a-c\G1\1a Fase: 4 new
2026-10-02 00:47:45,559 INFO 2026-2027\RTB VETERANS 4a C\G1\1a Fase\jornada_11.html (partial) -> 2026-2027\rtb-veterans-4a-c\G1\1a Fase: 4 new
2026-10-02 00:47:45,575 INFO 2026-2027\RTB VETERANS 4a C\G1\1a Fase\jornada_12.html (partial) -> 2026-2027\rtb-veterans-4a-c\G1\1a Fase: 4 new
2026-10-02 00:47:45,594 INFO 2026-2027\RTB VETERANS 4a C\G1\1a Fase\jornada_13.html (partial) -> 2026-2027\rtb-veterans-4a-c\G1\1a Fase: 4 new
2026-10-02 00:47:45,612 INFO 2026-2027\RTB VETERANS 4a C\G1\1a Fase\jornada_14.html (partial) -> 2026-2027\rtb-veterans-4a-c\G1\1a Fase: 4 new
2026-10-02 00:47:45,679 INFO 2026-2027\RTB VETERANS 4a C\G2\1a Fase\jornada_01.html (complete) -> 2026-2027\rtb-veterans-4a-c\G2\1a Fase: 4 new
2026-10-02 00:47:45,695 INFO 2026-2027\RTB VETERANS 4a C\G2\1a Fase\jornada_02.html (partial) -> 2026-2027\rtb-veterans-4a-c\G2\1a Fase: 4 new
2026-10-02 00:47:45,713 INFO 2026-2027\RTB VETERANS 4a C\G2\1a Fase\jornada_03.html (partial) -> 2026-2027\rtb-veterans-4a-c\G2\1a Fase: 4 new
2026-10-02 00:47:45,730 INFO 2026-2027\RTB VETERANS 4a C\G2\1a Fase\jornada_04.html (partial) -> 2026-2027\rtb-veterans-4a-c\G2\1a Fase: 4 new
2026-10-02 00:47:45,749 INFO 2026-2027\RTB VETERANS 4a C\G2\1a Fase\jornada_05.html (partial) -> 2026-2027\rtb-veterans-4a-c\G2\1a Fase: 4 new
2026-10-02 00:47:45,771 INFO 2026-2027\RTB VETERANS 4a C\G2\1a Fase\jornada_06.html (partial) -> 2026-2027\rtb-veterans-4a-c\G2\1a Fase: 4 new
2026-10-02 00:47:45,789 INFO 2026-2027\RTB VETERANS 4a C\G2\1a Fase\jornada_07.html (partial) -> 2026-2027\rtb-veterans-4a-c\G2\1a Fase: 4 new
2026-10-02 00:47:45,812 INFO 2026-2027\RTB VETERANS 4a C\G2\1a Fase\jornada_08.html (partial) -> 2026-2027\rtb-veterans-4a-c\G2\1a Fase: 4 new
2026-10-02 00:47:45,832 INFO 2026-2027\RTB VETERANS 4a C\G2\1a Fase\jornada_09.html (partial) -> 2026-2027\rtb-veterans-4a-c\G2\1a Fase: 4 new
2026-10-02 00:47:45,851 INFO 2026-2027\RTB VETERANS 4a C\G2\1a Fase\jornada_10.html (partial) -> 2026-2027\rtb-veterans-4a-c\G2\1a Fase: 4 new
2026-10-02 00:47:45,871 INFO 2026-2027\RTB VETERANS 4a C\G2\1a Fase\jornada_11.html (partial) -> 2026-2027\rtb-veterans-4a-c\G2\1a Fase: 4 new
2026-10-02 00:47:45,894 INFO 2026-2027\RTB VETERANS 4a C\G2\1a Fase\jornada_12.html (partial) -> 2026-2027\rtb-veterans-4a-c\G2\1a Fase: 4 new
2026-10-02 00:47:45,912 INFO 2026-2027\RTB VETERANS 4a C\G2\1a Fase\jornada_13.html (partial) -> 2026-2027\rtb-veterans-4a-c\G2\1a Fase: 4 new
2026-10-02 00:47:45,930 INFO 2026-2027\RTB VETERANS 4a C\G2\1a Fase\jornada_14.html (partial) -> 2026-2027\rtb-veterans-4a-c\G2\1a Fase: 4 new
2026-10-02 00:47:45,995 INFO 2026-2027\RTB VETERANS 4a C\G3\1a Fase\jornada_01.html (complete) -> 2026-2027\rtb-veterans-4a-c\G3\1a Fase: 4 new
2026-10-02 00:47:46,014 INFO 2026-2027\RTB VETERANS 4a C\G3\1a Fase\jornada_02.html (partial) -> 2026-2027\rtb-veterans-4a-c\G3\1a Fase: 4 new
2026-10-02 00:47:46,035 INFO 2026-2027\RTB VETERANS 4a C\G3\1a Fase\jornada_03.html (partial) -> 2026-2027\rtb-veterans-4a-c\G3\1a Fase: 4 new
2026-10-02 00:47:46,055 INFO 2026-2027\RTB VETERANS 4a C\G3\1a Fase\jornada_04.html (partial) -> 2026-2027\rtb-veterans-4a-c\G3\1a Fase: 4 new
2026-10-02 00:47:46,077 INFO 2026-2027\RTB VETERANS 4a C\G3\1a Fase\jornada_05.html (partial) -> 2026-2027\rtb-veterans-4a-c\G3\1a Fase: 4 new
2026-10-02 00:47:46,095 INFO 2026-2027\RTB VETERANS 4a C\G3\1a Fase\jornada_06.html (partial) -> 2026-2027\rtb-veterans-4a-c\G3\1a Fase: 4 new
2026-10-02 00:47:46,114 INFO 2026-2027\RTB VETERANS 4a C\G3\1a Fase\jornada_07.html (partial) -> 2026-2027\rtb-veterans-4a-c\G3\1a Fase: 4 new
2026-10-02 00:47:46,130 INFO 2026-2027\RTB VETERANS 4a C\G3\1a Fase\jornada_08.html (partial) -> 2026-2027\rtb-veterans-4a-c\G3\1a Fase: 4 new
2026-10-02 00:47:46,149 INFO 2026-2027\RTB VETERANS 4a C\G3\1a Fase\jornada_09.html (partial) -> 2026-2027\rtb-veterans-4a-c\G3\1a Fase: 4 new
2026-10-02 00:47:46,169 INFO 2026-2027\RTB VETERANS 4a C\G3\1a Fase\jornada_10.html (partial) -> 2026-2027\rtb-veterans-4a-c\G3\1a Fase: 4 new
2026-10-02 00:47:46,186 INFO 2026-2027\RTB VETERANS 4a C\G3\1a Fase\jornada_11.html (partial) -> 2026-2027\rtb-veterans-4a-c\G3\1a Fase: 4 new
2026-10-02 00:47:46,205 INFO 2026-2027\RTB VETERANS 4a C\G3\1a Fase\jornada_12.html (partial) -> 2026-2027\rtb-veterans-4a-c\G3\1a Fase: 4 new
2026-10-02 00:47:46,224 INFO 2026-2027\RTB VETERANS 4a C\G3\1a Fase\jornada_13.html (partial) -> 2026-2027\rtb-veterans-4a-c\G3\1a Fase: 4 new
2026-10-02 00:47:46,244 INFO 2026-2027\RTB VETERANS 4a C\G3\1a Fase\jornada_14.html (partial) -> 2026-2027\rtb-veterans-4a-c\G3\1a Fase: 4 new
2026-10-02 00:47:46,244 INFO Summary: 652 jornadas parsed, 2882 matches new, 2708 matches not published, 174 matches published
